AGS,year,n_rows,prev_year_max,next_year_max,dropped
01051133,2010,2,NA,100,TRUE
01053016,2010,2,NA,26,TRUE
01053080,2010,2,NA,61,TRUE
01053098,2010,2,NA,98,TRUE
01053105,2010,2,NA,0,TRUE
01053105,2011,2,0,0,TRUE
01053105,2012,2,0,100,TRUE
01053105,2021,38,95.23,NA,FALSE
01053124,2010,2,NA,42,TRUE
01054032,2013,3,5,8.7,TRUE
01054039,2010,2,NA,0,TRUE
01054039,2011,2,0,0,TRUE
01054039,2012,2,0,75,TRUE
01054048,2011,2,4,0,TRUE
01054048,2012,2,0,97.22,TRUE
01054050,2011,2,95,1,TRUE
01054080,2010,2,NA,0,TRUE
01054080,2011,2,0,72,TRUE
01054158,2010,2,NA,0,TRUE
01054158,2011,2,0,7,TRUE
01058007,2010,2,NA,85,TRUE
01058016,2010,2,NA,72,TRUE
01058055,2010,2,NA,35,TRUE
01058073,2010,2,NA,75,TRUE
01058153,2010,2,NA,87,TRUE
01059001,2010,2,NA,93,TRUE
01059023,2010,2,NA,58,TRUE
01059087,2010,2,NA,100,TRUE
01060014,2010,2,NA,0,TRUE
01060014,2011,2,0,0,TRUE
01060014,2012,2,0,0,TRUE
01060014,2013,3,0,0,TRUE
01060014,2014,3,0,0,TRUE
01060014,2015,3,0,100,FALSE
01060014,2021,38,81.81,NA,FALSE
01061045,2010,2,NA,100,TRUE
01061080,2010,2,NA,36,TRUE
01061100,2010,2,NA,5,TRUE
01061111,2010,2,NA,100,TRUE
01062033,2010,2,NA,3,TRUE
01062033,2012,2,3,82.61,TRUE
03151501,2010,2,NA,0,TRUE
03151501,2011,2,0,0,TRUE
03151501,2012,2,0,0,TRUE
03151501,2013,3,0,0,TRUE
03151501,2014,3,0,0,TRUE
03151501,2015,3,0,100,FALSE
03151501,2021,38,67,NA,FALSE
03153504,2010,2,NA,0,TRUE
03153504,2011,2,0,0,TRUE
03153504,2012,2,0,84.21,TRUE
03153504,2021,38,93.86,NA,FALSE
03154006,2010,2,NA,55,TRUE
03154501,2010,2,NA,0,TRUE
03154501,2011,2,0,0,TRUE
03154501,2012,2,0,0,TRUE
03154501,2013,3,0,0,TRUE
03154501,2014,3,0,0,TRUE
03154501,2015,3,0,0,FALSE
03154501,2016,3,0,0,FALSE
03154501,2017,3,0,0,FALSE
03154501,2018,77,0,0,FALSE
03154501,2019,74,0,0,FALSE
03154501,2020,38,0,0,FALSE
03154501,2021,38,0,NA,FALSE
03154502,2010,2,NA,0,TRUE
03154502,2011,2,0,0,TRUE
03154502,2012,2,0,0,TRUE
03154502,2013,3,0,0,TRUE
03154502,2014,3,0,0,TRUE
03154502,2015,3,0,100,FALSE
03154502,2021,38,100,NA,FALSE
03154503,2010,2,NA,0,TRUE
03154503,2011,2,0,0,TRUE
03154503,2012,2,0,0,TRUE
03154503,2013,3,0,0,TRUE
03154503,2014,3,0,0,TRUE
03154503,2015,3,0,14.29,FALSE
03154503,2021,38,100,NA,FALSE
03154504,2010,2,NA,0,TRUE
03154504,2011,2,0,0,TRUE
03154504,2012,2,0,0,TRUE
03154504,2013,3,0,0,TRUE
03154504,2014,3,0,0,TRUE
03154504,2015,3,0,0,FALSE
03154504,2016,3,0,0,FALSE
03154504,2017,3,0,100,FALSE
03154504,2021,38,100,NA,FALSE
03154506,2010,2,NA,0,TRUE
03154506,2011,2,0,0,TRUE
03154506,2012,2,0,100,TRUE
03154506,2016,3,100,0,FALSE
03154506,2017,3,0,100,FALSE
03154506,2021,38,100,NA,FALSE
03155501,2010,2,NA,0,TRUE
03155501,2011,2,0,0,TRUE
03155501,2012,2,0,100,TRUE
03155501,2021,38,80.81,NA,FALSE
03156501,2021,38,100,NA,FALSE
03158007,2010,2,NA,0,TRUE
03158007,2011,2,0,40,TRUE
03158501,2010,2,NA,0,TRUE
03158501,2011,2,0,0,TRUE
03158501,2012,2,0,0,TRUE
03158501,2013,3,0,0,TRUE
03158501,2014,3,0,0,TRUE
03158501,2015,3,0,0,FALSE
03158501,2016,3,0,50,FALSE
03158501,2021,38,100,NA,FALSE
03158502,2010,2,NA,0,TRUE
03158502,2011,2,0,0,TRUE
03158502,2012,2,0,0,TRUE
03158502,2013,3,0,0,TRUE
03158502,2014,3,0,0,TRUE
03158502,2015,3,0,0,FALSE
03158502,2016,3,0,0,FALSE
03158502,2017,3,0,0,FALSE
03158502,2018,77,0,0,FALSE
03158502,2019,74,0,0,FALSE
03158502,2020,38,0,0,FALSE
03158502,2021,38,0,NA,FALSE
03158503,2010,2,NA,0,TRUE
03158503,2011,2,0,0,TRUE
03158503,2012,2,0,0,TRUE
03158503,2013,3,0,0,TRUE
03158503,2014,3,0,0,TRUE
03158503,2015,3,0,0,FALSE
03158503,2016,3,0,0,FALSE
03158503,2017,3,0,0,FALSE
03158503,2018,77,0,0,FALSE
03158503,2019,74,0,0,FALSE
03158503,2020,38,0,0,FALSE
03158503,2021,38,0,NA,FALSE
03159501,2010,2,NA,0,TRUE
03159501,2011,2,0,0,TRUE
03159501,2012,2,0,62.5,TRUE
03255501,2010,2,NA,0,TRUE
03255501,2011,2,0,0,TRUE
03255501,2012,2,0,0,TRUE
03255501,2013,3,0,0,TRUE
03255501,2014,3,0,0,TRUE
03255501,2015,3,0,100,FALSE
03255501,2021,38,100,NA,FALSE
03255502,2010,2,NA,0,TRUE
03255502,2011,2,0,0,TRUE
03255502,2012,2,0,0,TRUE
03255502,2013,3,0,0,TRUE
03255502,2014,3,0,0,TRUE
03255502,2015,3,0,0,FALSE
03255502,2016,3,0,0,FALSE
03255502,2017,3,0,0,FALSE
03255502,2018,77,0,0,FALSE
03255502,2019,74,0,0,FALSE
03255502,2020,38,0,0,FALSE
03255502,2021,38,0,NA,FALSE
03255503,2010,2,NA,0,TRUE
03255503,2011,2,0,0,TRUE
03255503,2012,2,0,0,TRUE
03255503,2013,3,0,0,TRUE
03255503,2014,3,0,0,TRUE
03255503,2015,3,0,0,FALSE
03255503,2016,3,0,0,FALSE
03255503,2017,3,0,0,FALSE
03255503,2018,77,0,0,FALSE
03255503,2019,74,0,0,FALSE
03255503,2020,38,0,0,FALSE
03255503,2021,38,0,NA,FALSE
03255504,2010,2,NA,0,TRUE
03255504,2011,2,0,0,TRUE
03255504,2012,2,0,0,TRUE
03255504,2013,3,0,0,TRUE
03255504,2014,3,0,0,TRUE
03255504,2015,3,0,92.31,FALSE
03255504,2021,38,100,NA,FALSE
03255505,2010,2,NA,0,TRUE
03255505,2011,2,0,0,TRUE
03255505,2012,2,0,0,TRUE
03255505,2013,3,0,0,TRUE
03255505,2014,3,0,0,TRUE
03255505,2015,3,0,100,FALSE
03255505,2021,38,100,NA,FALSE
03255506,2010,2,NA,0,TRUE
03255506,2011,2,0,0,TRUE
03255506,2012,2,0,100,TRUE
03255506,2021,38,100,NA,FALSE
03255508,2010,2,NA,0,TRUE
03255508,2011,2,0,0,TRUE
03255508,2012,2,0,0,TRUE
03255508,2013,3,0,0,TRUE
03255508,2014,3,0,0,TRUE
03255508,2015,3,0,0,FALSE
03255508,2016,3,0,0,FALSE
03255508,2017,3,0,100,FALSE
03255508,2021,38,100,NA,FALSE
03354501,2010,2,NA,0,TRUE
03354501,2011,2,0,0,TRUE
03354501,2012,2,0,0,TRUE
03354501,2013,3,0,0,TRUE
03354501,2014,3,0,0,TRUE
03354501,2015,3,0,25,FALSE
03354501,2021,38,33.33,NA,FALSE
03354502,2010,2,NA,0,TRUE
03354502,2011,2,0,0,TRUE
03354502,2012,2,0,0,TRUE
03354502,2013,3,0,0,TRUE
03354502,2014,3,0,0,TRUE
03354502,2015,3,0,100,FALSE
03354502,2021,38,100,NA,FALSE
03452501,2010,2,NA,0,TRUE
03452501,2011,2,0,0,TRUE
03452501,2012,2,0,0,TRUE
03452501,2013,3,0,0,TRUE
03452501,2014,3,0,0,TRUE
03452501,2015,3,0,0,FALSE
03452501,2016,3,0,0,FALSE
03452501,2017,3,0,0,FALSE
03452501,2018,77,0,0,FALSE
03452501,2019,74,0,0,FALSE
03452501,2020,38,0,0,FALSE
03452501,2021,38,0,NA,FALSE
03456016,2010,2,NA,0,TRUE
03456016,2011,2,0,0,TRUE
03456016,2012,2,0,73.73,TRUE
03457009,2010,2,NA,80,TRUE
03457019,2010,2,NA,96,TRUE
03457501,2010,2,NA,0,TRUE
03457501,2011,2,0,0,TRUE
03457501,2012,2,0,0,TRUE
03457501,2013,3,0,0,TRUE
03457501,2014,3,0,0,TRUE
03457501,2015,3,0,0,FALSE
03457501,2016,3,0,0,FALSE
03457501,2017,3,0,0,FALSE
03457501,2018,77,0,0,FALSE
03457501,2019,74,0,0,FALSE
03457501,2020,38,0,0,FALSE
03457501,2021,38,0,NA,FALSE
06431200,2010,2,NA,0,TRUE
06431200,2011,2,0,0,TRUE
06431200,2012,2,0,0,TRUE
06431200,2013,3,0,0,TRUE
06431200,2014,3,0,0,TRUE
06431200,2015,3,0,50,FALSE
06431200,2021,38,50,NA,FALSE
06435200,2010,2,NA,0,TRUE
06435200,2011,2,0,0,TRUE
06435200,2012,2,0,0,TRUE
06435200,2013,3,0,0,TRUE
06435200,2014,3,0,0,TRUE
06435200,2015,3,0,83.33,FALSE
06435200,2021,38,95.24,NA,FALSE
06633200,2010,2,NA,0,TRUE
06633200,2011,2,0,0,TRUE
06633200,2012,2,0,76.92,TRUE
06633200,2021,38,92,NA,FALSE
06636015,2012,2,7,85.71,TRUE
06636200,2010,2,NA,0,TRUE
06636200,2011,2,0,0,TRUE
06636200,2012,2,0,100,TRUE
06636200,2021,38,81.82,NA,FALSE
07131022,2010,2,NA,0,TRUE
07131022,2011,2,0,0,TRUE
07131022,2012,2,0,5,TRUE
07131025,2011,2,1,99,TRUE
07131026,2011,2,11,100,TRUE
07131036,2010,2,NA,0,TRUE
07131036,2011,2,0,99,TRUE
07131037,2011,2,1,34,TRUE
07131040,2010,2,NA,0,TRUE
07131040,2011,2,0,10,TRUE
07131081,2011,2,1,100,TRUE
07131085,2010,2,NA,0,TRUE
07131085,2011,2,0,50,TRUE
07131204,2010,2,NA,0,TRUE
07131204,2011,2,0,82,TRUE
07131210,2010,2,NA,0,TRUE
07131210,2011,2,0,99,TRUE
07132056,2010,2,NA,100,TRUE
07132069,2010,2,NA,2,TRUE
07132089,2010,2,NA,9,TRUE
07133002,2010,2,NA,0,TRUE
07133002,2011,2,0,3,TRUE
07133005,2010,2,NA,0,TRUE
07133005,2011,2,0,0,TRUE
07133005,2012,2,0,8,TRUE
07133055,2010,2,NA,12,TRUE
07133060,2010,2,NA,98,TRUE
07133092,2010,2,NA,100,TRUE
07133100,2010,2,NA,11,TRUE
07133201,2011,2,1,81,TRUE
07134011,2010,2,NA,16,TRUE
07134012,2011,2,17,0,TRUE
07134012,2012,2,0,100,TRUE
07134022,2010,2,NA,0,TRUE
07134022,2011,2,0,100,TRUE
07134043,2010,2,NA,99,TRUE
07134061,2010,2,NA,7,TRUE
07134066,2010,2,NA,37,TRUE
07134071,2010,2,NA,47,TRUE
07135016,2010,2,NA,57,TRUE
07135022,2010,2,NA,100,TRUE
07135026,2010,2,NA,0,TRUE
07135026,2011,2,0,100,TRUE
07135033,2010,2,NA,61,TRUE
07135043,2010,2,NA,100,TRUE
07135046,2010,2,NA,1,TRUE
07135052,2010,2,NA,12,TRUE
07135056,2010,2,NA,0,TRUE
07135056,2011,2,0,0,TRUE
07135056,2012,2,0,84.43,TRUE
07135067,2010,2,NA,14,TRUE
07135068,2011,2,1,0,TRUE
07135068,2012,2,0,96.83,TRUE
07135075,2010,2,NA,43,TRUE
07135093,2010,2,NA,100,TRUE
07137029,2010,2,NA,29,TRUE
07140079,2010,2,NA,86,TRUE
07140116,2010,2,NA,3,TRUE
07140205,2010,2,NA,2,TRUE
07141008,2011,2,15,46,TRUE
07141011,2010,2,NA,15,TRUE
07141016,2010,2,NA,1,TRUE
07141031,2010,2,NA,86,TRUE
07141097,2010,2,NA,1,TRUE
07141115,2010,2,NA,0,TRUE
07141115,2011,2,0,18,TRUE
07141122,2010,2,NA,0,TRUE
07141122,2011,2,0,0,TRUE
07141122,2012,2,0,10,TRUE
07141139,2010,2,NA,45,TRUE
07143252,2010,2,NA,56,TRUE
07231013,2010,2,NA,2,TRUE
07231016,2010,2,NA,14,TRUE
07231020,2010,2,NA,93,TRUE
07231021,2010,2,NA,68,TRUE
07231036,2010,2,NA,61,TRUE
07231037,2010,2,NA,2,TRUE
07231042,2010,2,NA,0,TRUE
07231042,2011,2,0,0,TRUE
07231042,2012,2,0,12.5,TRUE
07231051,2010,2,NA,0,TRUE
07231051,2011,2,0,95,TRUE
07231058,2010,2,NA,5,TRUE
07231082,2011,2,1,100,TRUE
07231083,2010,2,NA,6,TRUE
07231086,2010,2,NA,100,TRUE
07231114,2010,2,NA,56,TRUE
07231504,2010,2,NA,0,TRUE
07231504,2011,2,0,10,TRUE
07232001,2010,2,NA,0,TRUE
07232001,2011,2,0,0,TRUE
07232001,2012,2,0,0,TRUE
07232001,2013,3,0,0,TRUE
07232001,2014,3,0,0,TRUE
07232001,2015,3,0,50,FALSE
07232003,2010,2,NA,53,TRUE
07232004,2010,2,NA,0,TRUE
07232004,2011,2,0,0,TRUE
07232004,2012,2,0,60,TRUE
07232011,2010,2,NA,4,TRUE
07232015,2010,2,NA,95,TRUE
07232016,2010,2,NA,4,TRUE
07232028,2011,2,1,0,TRUE
07232028,2012,2,0,99.09,TRUE
07232029,2010,2,NA,43,TRUE
07232031,2010,2,NA,0,TRUE
07232031,2011,2,0,3,TRUE
07232032,2013,3,2,5.26,TRUE
07232032,2017,3,4.35,10.53,FALSE
07232032,2019,71,10.53,100,FALSE
07232033,2011,2,1,1,TRUE
07232038,2010,2,NA,4,TRUE
07232042,2010,2,NA,0,TRUE
07232042,2011,2,0,0,TRUE
07232042,2012,2,0,41.94,TRUE
07232046,2010,2,NA,97,TRUE
07232047,2010,2,NA,0,TRUE
07232047,2011,2,0,13,TRUE
07232054,2010,2,NA,0,TRUE
07232054,2011,2,0,0,TRUE
07232054,2012,2,0,53.85,TRUE
07232057,2010,2,NA,0,TRUE
07232057,2011,2,0,23,TRUE
07232064,2010,2,NA,0,TRUE
07232064,2011,2,0,0,TRUE
07232064,2012,2,0,15.34,TRUE
07232069,2010,2,NA,4,TRUE
07232085,2010,2,NA,0,TRUE
07232085,2011,2,0,0,TRUE
07232085,2012,2,0,4.17,TRUE
07232089,2010,2,NA,0,TRUE
07232089,2011,2,0,0,TRUE
07232089,2012,2,0,57.89,TRUE
07232090,2010,2,NA,0,TRUE
07232090,2011,2,0,0,TRUE
07232090,2012,2,0,93.33,TRUE
07232096,2010,2,NA,0,TRUE
07232096,2011,2,0,0,TRUE
07232096,2012,2,0,100,TRUE
07232116,2010,2,NA,0,TRUE
07232116,2011,2,0,7,TRUE
07232116,2013,3,7,0,TRUE
07232116,2014,3,0,0,TRUE
07232116,2015,3,0,50,FALSE
07232118,2010,2,NA,36,TRUE
07232120,2010,2,NA,19,TRUE
07232127,2010,2,NA,0,TRUE
07232127,2011,2,0,0,TRUE
07232127,2012,2,0,9.09,TRUE
07232128,2011,2,70,15,TRUE
07232129,2010,2,NA,99,TRUE
07232131,2010,2,NA,2,TRUE
07232211,2010,2,NA,11,TRUE
07232212,2010,2,NA,0,TRUE
07232212,2011,2,0,0,TRUE
07232212,2012,2,0,23.49,TRUE
07232214,2010,2,NA,0,TRUE
07232214,2011,2,0,0,TRUE
07232214,2012,2,0,0.97,TRUE
07232217,2010,2,NA,3,TRUE
07232221,2010,2,NA,2,TRUE
07232246,2010,2,NA,0,TRUE
07232246,2011,2,0,32,TRUE
07232249,2011,2,6,86,TRUE
07232261,2010,2,NA,0,TRUE
07232261,2011,2,0,57,TRUE
07232266,2010,2,NA,0,TRUE
07232266,2011,2,0,1,TRUE
07232270,2010,2,NA,0,TRUE
07232270,2011,2,0,38,TRUE
07232285,2011,2,43,26,TRUE
07232294,2010,2,NA,0,TRUE
07232294,2011,2,0,0,TRUE
07232294,2012,2,0,1.28,TRUE
07232308,2010,2,NA,0,TRUE
07232308,2011,2,0,1,TRUE
07232310,2010,2,NA,0,TRUE
07232310,2011,2,0,0,TRUE
07232310,2012,2,0,12.5,TRUE
07232315,2010,2,NA,0,TRUE
07232315,2011,2,0,78,TRUE
07232320,2010,2,NA,7,TRUE
07232327,2010,2,NA,86,TRUE
07232331,2010,2,NA,86,TRUE
07233002,2010,2,NA,62,TRUE
07233003,2010,2,NA,30,TRUE
07233008,2011,2,2,99,TRUE
07233010,2010,2,NA,96,TRUE
07233019,2010,2,NA,93,TRUE
07233037,2011,2,56,22,TRUE
07233041,2010,2,NA,98,TRUE
07233050,2010,2,NA,0,TRUE
07233050,2011,2,0,100,TRUE
07233054,2010,2,NA,8,TRUE
07233061,2010,2,NA,4,TRUE
07233080,2010,2,NA,7,TRUE
07233222,2011,2,7,0,TRUE
07233222,2012,2,0,100,TRUE
07233243,2010,2,NA,0,TRUE
07233243,2011,2,0,0,TRUE
07233243,2012,2,0,77.78,TRUE
07235025,2010,2,NA,5,TRUE
07235033,2010,2,NA,0,TRUE
07235033,2011,2,0,1,TRUE
07235101,2010,2,NA,0,TRUE
07235101,2011,2,0,0,TRUE
07235101,2012,2,0,0,TRUE
07235101,2013,3,0,0,TRUE
07235101,2014,3,0,11.29,TRUE
07235154,2010,2,NA,0,TRUE
07235154,2011,2,0,0,TRUE
07235154,2012,2,0,0,TRUE
07235154,2013,3,0,0,TRUE
07235154,2014,3,0,48.46,TRUE
07235207,2010,2,NA,0,TRUE
07235207,2011,2,0,0,TRUE
07235207,2012,2,0,0,TRUE
07235207,2013,3,0,0,TRUE
07235207,2014,3,0,99.39,TRUE
07235501,2010,2,NA,0,TRUE
07235501,2011,2,0,0,TRUE
07235501,2012,2,0,0,TRUE
07235501,2013,3,0,0,TRUE
07235501,2014,3,0,96.52,TRUE
07311000,2010,2,NA,0,TRUE
07311000,2011,2,0,0,TRUE
07311000,2012,2,0,0,TRUE
07311000,2013,3,0,0,TRUE
07311000,2014,3,0,100,TRUE
07312000,2010,2,NA,0,TRUE
07312000,2011,2,0,0,TRUE
07312000,2012,2,0,0,TRUE
07312000,2013,3,0,0,TRUE
07312000,2014,3,0,99.95,TRUE
07313000,2010,2,NA,0,TRUE
07313000,2011,2,0,0,TRUE
07313000,2012,2,0,0,TRUE
07313000,2013,3,0,0,TRUE
07313000,2014,3,0,99.93,TRUE
07314000,2010,2,NA,0,TRUE
07314000,2011,2,0,0,TRUE
07314000,2012,2,0,0,TRUE
07314000,2013,3,0,0,TRUE
07314000,2014,3,0,100,TRUE
07315000,2010,2,NA,0,TRUE
07315000,2011,2,0,0,TRUE
07315000,2012,2,0,0,TRUE
07315000,2013,3,0,0,TRUE
07315000,2014,3,0,100,TRUE
07316000,2010,2,NA,0,TRUE
07316000,2011,2,0,0,TRUE
07316000,2012,2,0,0,TRUE
07316000,2013,3,0,0,TRUE
07316000,2014,3,0,99.87,TRUE
07317000,2010,2,NA,0,TRUE
07317000,2011,2,0,0,TRUE
07317000,2012,2,0,0,TRUE
07317000,2013,3,0,0,TRUE
07317000,2014,3,0,100,TRUE
07318000,2010,2,NA,0,TRUE
07318000,2011,2,0,0,TRUE
07318000,2012,2,0,0,TRUE
07318000,2013,3,0,0,TRUE
07318000,2014,3,0,100,TRUE
07319000,2010,2,NA,0,TRUE
07319000,2011,2,0,0,TRUE
07319000,2012,2,0,0,TRUE
07319000,2013,3,0,0,TRUE
07319000,2014,3,0,99.85,TRUE
07320000,2010,2,NA,0,TRUE
07320000,2011,2,0,0,TRUE
07320000,2012,2,0,0,TRUE
07320000,2013,3,0,0,TRUE
07320000,2014,3,0,99.99,TRUE
07331001,2010,2,NA,0,TRUE
07331001,2011,2,0,0,TRUE
07331001,2012,2,0,0,TRUE
07331001,2013,3,0,0,TRUE
07331001,2014,3,0,100,TRUE
07331002,2010,2,NA,0,TRUE
07331002,2011,2,0,0,TRUE
07331002,2012,2,0,0,TRUE
07331002,2013,3,0,0,TRUE
07331002,2014,3,0,100,TRUE
07331003,2010,2,NA,0,TRUE
07331003,2011,2,0,0,TRUE
07331003,2012,2,0,0,TRUE
07331003,2013,3,0,0,TRUE
07331003,2014,3,0,100,TRUE
07331004,2010,2,NA,0,TRUE
07331004,2011,2,0,0,TRUE
07331004,2012,2,0,0,TRUE
07331004,2013,3,0,0,TRUE
07331004,2014,3,0,100,TRUE
07331005,2010,2,NA,0,TRUE
07331005,2011,2,0,0,TRUE
07331005,2012,2,0,0,TRUE
07331005,2013,3,0,0,TRUE
07331005,2014,3,0,100,TRUE
07331006,2010,2,NA,0,TRUE
07331006,2011,2,0,0,TRUE
07331006,2012,2,0,0,TRUE
07331006,2013,3,0,0,TRUE
07331006,2014,3,0,100,TRUE
07331007,2010,2,NA,0,TRUE
07331007,2011,2,0,0,TRUE
07331007,2012,2,0,0,TRUE
07331007,2013,3,0,0,TRUE
07331007,2014,3,0,100,TRUE
07331008,2010,2,NA,0,TRUE
07331008,2011,2,0,0,TRUE
07331008,2012,2,0,0,TRUE
07331008,2013,3,0,0,TRUE
07331008,2014,3,0,100,TRUE
07331009,2010,2,NA,0,TRUE
07331009,2011,2,0,0,TRUE
07331009,2012,2,0,0,TRUE
07331009,2013,3,0,0,TRUE
07331009,2014,3,0,100,TRUE
07331010,2010,2,NA,0,TRUE
07331010,2011,2,0,0,TRUE
07331010,2012,2,0,0,TRUE
07331010,2013,3,0,0,TRUE
07331010,2014,3,0,100,TRUE
07331011,2010,2,NA,0,TRUE
07331011,2011,2,0,0,TRUE
07331011,2012,2,0,0,TRUE
07331011,2013,3,0,0,TRUE
07331011,2014,3,0,100,TRUE
07331012,2010,2,NA,0,TRUE
07331012,2011,2,0,0,TRUE
07331012,2012,2,0,0,TRUE
07331012,2013,3,0,0,TRUE
07331012,2014,3,0,100,TRUE
07331014,2010,2,NA,0,TRUE
07331014,2011,2,0,0,TRUE
07331014,2012,2,0,0,TRUE
07331014,2013,3,0,0,TRUE
07331014,2014,3,0,100,TRUE
07331015,2010,2,NA,0,TRUE
07331015,2011,2,0,0,TRUE
07331015,2012,2,0,0,TRUE
07331015,2013,3,0,0,TRUE
07331015,2014,3,0,100,TRUE
07331017,2010,2,NA,0,TRUE
07331017,2011,2,0,0,TRUE
07331017,2012,2,0,0,TRUE
07331017,2013,3,0,0,TRUE
07331017,2014,3,0,100,TRUE
07331018,2010,2,NA,0,TRUE
07331018,2011,2,0,0,TRUE
07331018,2012,2,0,0,TRUE
07331018,2013,3,0,0,TRUE
07331018,2014,3,0,100,TRUE
07331019,2010,2,NA,0,TRUE
07331019,2011,2,0,0,TRUE
07331019,2012,2,0,0,TRUE
07331019,2013,3,0,0,TRUE
07331019,2014,3,0,79,TRUE
07331020,2010,2,NA,0,TRUE
07331020,2011,2,0,0,TRUE
07331020,2012,2,0,0,TRUE
07331020,2013,3,0,0,TRUE
07331020,2014,3,0,100,TRUE
07331021,2010,2,NA,0,TRUE
07331021,2011,2,0,0,TRUE
07331021,2012,2,0,0,TRUE
07331021,2013,3,0,0,TRUE
07331021,2014,3,0,100,TRUE
07331022,2010,2,NA,0,TRUE
07331022,2011,2,0,0,TRUE
07331022,2012,2,0,0,TRUE
07331022,2013,3,0,0,TRUE
07331022,2014,3,0,100,TRUE
07331023,2010,2,NA,0,TRUE
07331023,2011,2,0,0,TRUE
07331023,2012,2,0,0,TRUE
07331023,2013,3,0,0,TRUE
07331023,2014,3,0,98.82,TRUE
07331024,2010,2,NA,0,TRUE
07331024,2011,2,0,0,TRUE
07331024,2012,2,0,0,TRUE
07331024,2013,3,0,0,TRUE
07331024,2014,3,0,100,TRUE
07331025,2010,2,NA,0,TRUE
07331025,2011,2,0,0,TRUE
07331025,2012,2,0,0,TRUE
07331025,2013,3,0,0,TRUE
07331025,2014,3,0,100,TRUE
07331026,2010,2,NA,0,TRUE
07331026,2011,2,0,0,TRUE
07331026,2012,2,0,0,TRUE
07331026,2013,3,0,0,TRUE
07331026,2014,3,0,100,TRUE
07331027,2010,2,NA,0,TRUE
07331027,2011,2,0,0,TRUE
07331027,2012,2,0,0,TRUE
07331027,2013,3,0,0,TRUE
07331027,2014,3,0,94.93,TRUE
07331028,2010,2,NA,0,TRUE
07331028,2011,2,0,0,TRUE
07331028,2012,2,0,0,TRUE
07331028,2013,3,0,0,TRUE
07331028,2014,3,0,100,TRUE
07331029,2010,2,NA,0,TRUE
07331029,2011,2,0,0,TRUE
07331029,2012,2,0,0,TRUE
07331029,2013,3,0,0,TRUE
07331029,2014,3,0,98.78,TRUE
07331030,2010,2,NA,0,TRUE
07331030,2011,2,0,0,TRUE
07331030,2012,2,0,0,TRUE
07331030,2013,3,0,0,TRUE
07331030,2014,3,0,100,TRUE
07331031,2010,2,NA,0,TRUE
07331031,2011,2,0,0,TRUE
07331031,2012,2,0,0,TRUE
07331031,2013,3,0,0,TRUE
07331031,2014,3,0,100,TRUE
07331032,2010,2,NA,0,TRUE
07331032,2011,2,0,0,TRUE
07331032,2012,2,0,0,TRUE
07331032,2013,3,0,0,TRUE
07331032,2014,3,0,100,TRUE
07331033,2010,2,NA,0,TRUE
07331033,2011,2,0,0,TRUE
07331033,2012,2,0,0,TRUE
07331033,2013,3,0,0,TRUE
07331033,2014,3,0,100,TRUE
07331034,2010,2,NA,0,TRUE
07331034,2011,2,0,0,TRUE
07331034,2012,2,0,0,TRUE
07331034,2013,3,0,0,TRUE
07331034,2014,3,0,100,TRUE
07331035,2010,2,NA,0,TRUE
07331035,2011,2,0,0,TRUE
07331035,2012,2,0,0,TRUE
07331035,2013,3,0,0,TRUE
07331035,2014,3,0,100,TRUE
07331036,2010,2,NA,0,TRUE
07331036,2011,2,0,0,TRUE
07331036,2012,2,0,0,TRUE
07331036,2013,3,0,0,TRUE
07331036,2014,3,0,100,TRUE
07331037,2010,2,NA,0,TRUE
07331037,2011,2,0,0,TRUE
07331037,2012,2,0,0,TRUE
07331037,2013,3,0,0,TRUE
07331037,2014,3,0,100,TRUE
07331038,2010,2,NA,0,TRUE
07331038,2011,2,0,0,TRUE
07331038,2012,2,0,0,TRUE
07331038,2013,3,0,0,TRUE
07331038,2014,3,0,100,TRUE
07331039,2010,2,NA,0,TRUE
07331039,2011,2,0,0,TRUE
07331039,2012,2,0,0,TRUE
07331039,2013,3,0,0,TRUE
07331039,2014,3,0,100,TRUE
07331041,2010,2,NA,0,TRUE
07331041,2011,2,0,0,TRUE
07331041,2012,2,0,0,TRUE
07331041,2013,3,0,0,TRUE
07331041,2014,3,0,97.75,TRUE
07331042,2010,2,NA,0,TRUE
07331042,2011,2,0,0,TRUE
07331042,2012,2,0,0,TRUE
07331042,2013,3,0,0,TRUE
07331042,2014,3,0,100,TRUE
07331043,2010,2,NA,0,TRUE
07331043,2011,2,0,0,TRUE
07331043,2012,2,0,0,TRUE
07331043,2013,3,0,0,TRUE
07331043,2014,3,0,100,TRUE
07331044,2010,2,NA,0,TRUE
07331044,2011,2,0,0,TRUE
07331044,2012,2,0,0,TRUE
07331044,2013,3,0,0,TRUE
07331044,2014,3,0,100,TRUE
07331045,2010,2,NA,0,TRUE
07331045,2011,2,0,0,TRUE
07331045,2012,2,0,0,TRUE
07331045,2013,3,0,0,TRUE
07331045,2014,3,0,100,TRUE
07331046,2010,2,NA,0,TRUE
07331046,2011,2,0,0,TRUE
07331046,2012,2,0,0,TRUE
07331046,2013,3,0,0,TRUE
07331046,2014,3,0,92.19,TRUE
07331047,2010,2,NA,0,TRUE
07331047,2011,2,0,0,TRUE
07331047,2012,2,0,0,TRUE
07331047,2013,3,0,0,TRUE
07331047,2014,3,0,98.75,TRUE
07331048,2010,2,NA,0,TRUE
07331048,2011,2,0,0,TRUE
07331048,2012,2,0,0,TRUE
07331048,2013,3,0,0,TRUE
07331048,2014,3,0,99.91,TRUE
07331049,2010,2,NA,0,TRUE
07331049,2011,2,0,0,TRUE
07331049,2012,2,0,0,TRUE
07331049,2013,3,0,0,TRUE
07331049,2014,3,0,100,TRUE
07331050,2010,2,NA,0,TRUE
07331050,2011,2,0,0,TRUE
07331050,2012,2,0,0,TRUE
07331050,2013,3,0,0,TRUE
07331050,2014,3,0,100,TRUE
07331051,2010,2,NA,0,TRUE
07331051,2011,2,0,0,TRUE
07331051,2012,2,0,0,TRUE
07331051,2013,3,0,0,TRUE
07331051,2014,3,0,100,TRUE
07331052,2010,2,NA,0,TRUE
07331052,2011,2,0,0,TRUE
07331052,2012,2,0,0,TRUE
07331052,2013,3,0,0,TRUE
07331052,2014,3,0,100,TRUE
07331053,2010,2,NA,0,TRUE
07331053,2011,2,0,0,TRUE
07331053,2012,2,0,0,TRUE
07331053,2013,3,0,0,TRUE
07331053,2014,3,0,100,TRUE
07331054,2010,2,NA,0,TRUE
07331054,2011,2,0,0,TRUE
07331054,2012,2,0,0,TRUE
07331054,2013,3,0,0,TRUE
07331054,2014,3,0,100,TRUE
07331055,2010,2,NA,0,TRUE
07331055,2011,2,0,0,TRUE
07331055,2012,2,0,0,TRUE
07331055,2013,3,0,0,TRUE
07331055,2014,3,0,100,TRUE
07331056,2010,2,NA,0,TRUE
07331056,2011,2,0,0,TRUE
07331056,2012,2,0,0,TRUE
07331056,2013,3,0,0,TRUE
07331056,2014,3,0,100,TRUE
07331058,2010,2,NA,0,TRUE
07331058,2011,2,0,0,TRUE
07331058,2012,2,0,0,TRUE
07331058,2013,3,0,0,TRUE
07331058,2014,3,0,100,TRUE
07331059,2010,2,NA,0,TRUE
07331059,2011,2,0,0,TRUE
07331059,2012,2,0,0,TRUE
07331059,2013,3,0,0,TRUE
07331059,2014,3,0,100,TRUE
07331060,2010,2,NA,0,TRUE
07331060,2011,2,0,0,TRUE
07331060,2012,2,0,0,TRUE
07331060,2013,3,0,0,TRUE
07331060,2014,3,0,100,TRUE
07331061,2010,2,NA,0,TRUE
07331061,2011,2,0,0,TRUE
07331061,2012,2,0,0,TRUE
07331061,2013,3,0,0,TRUE
07331061,2014,3,0,100,TRUE
07331062,2010,2,NA,0,TRUE
07331062,2011,2,0,0,TRUE
07331062,2012,2,0,0,TRUE
07331062,2013,3,0,0,TRUE
07331062,2014,3,0,100,TRUE
07331063,2010,2,NA,0,TRUE
07331063,2011,2,0,0,TRUE
07331063,2012,2,0,0,TRUE
07331063,2013,3,0,0,TRUE
07331063,2014,3,0,100,TRUE
07331064,2010,2,NA,0,TRUE
07331064,2011,2,0,0,TRUE
07331064,2012,2,0,0,TRUE
07331064,2013,3,0,0,TRUE
07331064,2014,3,0,100,TRUE
07331065,2010,2,NA,0,TRUE
07331065,2011,2,0,0,TRUE
07331065,2012,2,0,0,TRUE
07331065,2013,3,0,0,TRUE
07331065,2014,3,0,100,TRUE
07331066,2010,2,NA,0,TRUE
07331066,2011,2,0,0,TRUE
07331066,2012,2,0,0,TRUE
07331066,2013,3,0,0,TRUE
07331066,2014,3,0,98.93,TRUE
07331067,2010,2,NA,0,TRUE
07331067,2011,2,0,0,TRUE
07331067,2012,2,0,0,TRUE
07331067,2013,3,0,0,TRUE
07331067,2014,3,0,91.05,TRUE
07331068,2010,2,NA,0,TRUE
07331068,2011,2,0,0,TRUE
07331068,2012,2,0,0,TRUE
07331068,2013,3,0,0,TRUE
07331068,2014,3,0,99.74,TRUE
07331070,2010,2,NA,0,TRUE
07331070,2011,2,0,0,TRUE
07331070,2012,2,0,0,TRUE
07331070,2013,3,0,0,TRUE
07331070,2014,3,0,99.84,TRUE
07331071,2010,2,NA,0,TRUE
07331071,2011,2,0,0,TRUE
07331071,2012,2,0,0,TRUE
07331071,2013,3,0,0,TRUE
07331071,2014,3,0,100,TRUE
07331072,2010,2,NA,0,TRUE
07331072,2011,2,0,0,TRUE
07331072,2012,2,0,0,TRUE
07331072,2013,3,0,0,TRUE
07331072,2014,3,0,100,TRUE
07331073,2010,2,NA,0,TRUE
07331073,2011,2,0,0,TRUE
07331073,2012,2,0,0,TRUE
07331073,2013,3,0,0,TRUE
07331073,2014,3,0,100,TRUE
07331075,2010,2,NA,0,TRUE
07331075,2011,2,0,0,TRUE
07331075,2012,2,0,0,TRUE
07331075,2013,3,0,0,TRUE
07331075,2014,3,0,100,TRUE
07332001,2010,2,NA,0,TRUE
07332001,2011,2,0,0,TRUE
07332001,2012,2,0,0,TRUE
07332001,2013,3,0,0,TRUE
07332001,2014,3,0,99.75,TRUE
07332002,2010,2,NA,0,TRUE
07332002,2011,2,0,0,TRUE
07332002,2012,2,0,0,TRUE
07332002,2013,3,0,0,TRUE
07332002,2014,3,0,99.65,TRUE
07332003,2010,2,NA,0,TRUE
07332003,2011,2,0,0,TRUE
07332003,2012,2,0,0,TRUE
07332003,2013,3,0,0,TRUE
07332003,2014,3,0,98.9,TRUE
07332004,2010,2,NA,0,TRUE
07332004,2011,2,0,0,TRUE
07332004,2012,2,0,0,TRUE
07332004,2013,3,0,0,TRUE
07332004,2014,3,0,100,TRUE
07332005,2010,2,NA,0,TRUE
07332005,2011,2,0,0,TRUE
07332005,2012,2,0,0,TRUE
07332005,2013,3,0,0,TRUE
07332005,2014,3,0,100,TRUE
07332006,2010,2,NA,0,TRUE
07332006,2011,2,0,0,TRUE
07332006,2012,2,0,0,TRUE
07332006,2013,3,0,0,TRUE
07332006,2014,3,0,100,TRUE
07332007,2010,2,NA,0,TRUE
07332007,2011,2,0,0,TRUE
07332007,2012,2,0,0,TRUE
07332007,2013,3,0,0,TRUE
07332007,2014,3,0,99.88,TRUE
07332008,2010,2,NA,0,TRUE
07332008,2011,2,0,0,TRUE
07332008,2012,2,0,0,TRUE
07332008,2013,3,0,0,TRUE
07332008,2014,3,0,100,TRUE
07332009,2010,2,NA,0,TRUE
07332009,2011,2,0,0,TRUE
07332009,2012,2,0,0,TRUE
07332009,2013,3,0,0,TRUE
07332009,2014,3,0,99.94,TRUE
07332010,2010,2,NA,0,TRUE
07332010,2011,2,0,0,TRUE
07332010,2012,2,0,0,TRUE
07332010,2013,3,0,0,TRUE
07332010,2014,3,0,100,TRUE
07332012,2010,2,NA,0,TRUE
07332012,2011,2,0,0,TRUE
07332012,2012,2,0,0,TRUE
07332012,2013,3,0,0,TRUE
07332012,2014,3,0,100,TRUE
07332013,2010,2,NA,0,TRUE
07332013,2011,2,0,0,TRUE
07332013,2012,2,0,0,TRUE
07332013,2013,3,0,0,TRUE
07332013,2014,3,0,100,TRUE
07332014,2010,2,NA,0,TRUE
07332014,2011,2,0,0,TRUE
07332014,2012,2,0,0,TRUE
07332014,2013,3,0,0,TRUE
07332014,2014,3,0,91.93,TRUE
07332015,2010,2,NA,0,TRUE
07332015,2011,2,0,0,TRUE
07332015,2012,2,0,0,TRUE
07332015,2013,3,0,0,TRUE
07332015,2014,3,0,100,TRUE
07332016,2010,2,NA,0,TRUE
07332016,2011,2,0,0,TRUE
07332016,2012,2,0,0,TRUE
07332016,2013,3,0,0,TRUE
07332016,2014,3,0,98.79,TRUE
07332017,2010,2,NA,0,TRUE
07332017,2011,2,0,0,TRUE
07332017,2012,2,0,0,TRUE
07332017,2013,3,0,0,TRUE
07332017,2014,3,0,100,TRUE
07332018,2010,2,NA,0,TRUE
07332018,2011,2,0,0,TRUE
07332018,2012,2,0,0,TRUE
07332018,2013,3,0,0,TRUE
07332018,2014,3,0,100,TRUE
07332019,2010,2,NA,0,TRUE
07332019,2011,2,0,0,TRUE
07332019,2012,2,0,0,TRUE
07332019,2013,3,0,0,TRUE
07332019,2014,3,0,100,TRUE
07332020,2010,2,NA,0,TRUE
07332020,2011,2,0,0,TRUE
07332020,2012,2,0,0,TRUE
07332020,2013,3,0,0,TRUE
07332020,2014,3,0,100,TRUE
07332021,2010,2,NA,0,TRUE
07332021,2011,2,0,0,TRUE
07332021,2012,2,0,0,TRUE
07332021,2013,3,0,0,TRUE
07332021,2014,3,0,100,TRUE
07332022,2010,2,NA,0,TRUE
07332022,2011,2,0,0,TRUE
07332022,2012,2,0,0,TRUE
07332022,2013,3,0,0,TRUE
07332022,2014,3,0,100,TRUE
07332023,2010,2,NA,0,TRUE
07332023,2011,2,0,0,TRUE
07332023,2012,2,0,0,TRUE
07332023,2013,3,0,0,TRUE
07332023,2014,3,0,100,TRUE
07332024,2010,2,NA,0,TRUE
07332024,2011,2,0,0,TRUE
07332024,2012,2,0,0,TRUE
07332024,2013,3,0,0,TRUE
07332024,2014,3,0,100,TRUE
07332025,2010,2,NA,0,TRUE
07332025,2011,2,0,0,TRUE
07332025,2012,2,0,0,TRUE
07332025,2013,3,0,0,TRUE
07332025,2014,3,0,100,TRUE
07332026,2010,2,NA,0,TRUE
07332026,2011,2,0,0,TRUE
07332026,2012,2,0,0,TRUE
07332026,2013,3,0,0,TRUE
07332026,2014,3,0,100,TRUE
07332027,2010,2,NA,0,TRUE
07332027,2011,2,0,0,TRUE
07332027,2012,2,0,0,TRUE
07332027,2013,3,0,0,TRUE
07332027,2014,3,0,100,TRUE
07332028,2010,2,NA,0,TRUE
07332028,2011,2,0,0,TRUE
07332028,2012,2,0,0,TRUE
07332028,2013,3,0,0,TRUE
07332028,2014,3,0,100,TRUE
07332029,2010,2,NA,0,TRUE
07332029,2011,2,0,0,TRUE
07332029,2012,2,0,0,TRUE
07332029,2013,3,0,0,TRUE
07332029,2014,3,0,100,TRUE
07332030,2010,2,NA,0,TRUE
07332030,2011,2,0,0,TRUE
07332030,2012,2,0,0,TRUE
07332030,2013,3,0,0,TRUE
07332030,2014,3,0,100,TRUE
07332031,2010,2,NA,0,TRUE
07332031,2011,2,0,0,TRUE
07332031,2012,2,0,0,TRUE
07332031,2013,3,0,0,TRUE
07332031,2014,3,0,100,TRUE
07332032,2010,2,NA,0,TRUE
07332032,2011,2,0,0,TRUE
07332032,2012,2,0,0,TRUE
07332032,2013,3,0,0,TRUE
07332032,2014,3,0,100,TRUE
07332033,2010,2,NA,0,TRUE
07332033,2011,2,0,0,TRUE
07332033,2012,2,0,0,TRUE
07332033,2013,3,0,0,TRUE
07332033,2014,3,0,100,TRUE
07332034,2010,2,NA,0,TRUE
07332034,2011,2,0,0,TRUE
07332034,2012,2,0,0,TRUE
07332034,2013,3,0,0,TRUE
07332034,2014,3,0,100,TRUE
07332035,2010,2,NA,0,TRUE
07332035,2011,2,0,0,TRUE
07332035,2012,2,0,0,TRUE
07332035,2013,3,0,0,TRUE
07332035,2014,3,0,100,TRUE
07332036,2010,2,NA,0,TRUE
07332036,2011,2,0,0,TRUE
07332036,2012,2,0,0,TRUE
07332036,2013,3,0,0,TRUE
07332036,2014,3,0,100,TRUE
07332037,2010,2,NA,0,TRUE
07332037,2011,2,0,0,TRUE
07332037,2012,2,0,0,TRUE
07332037,2013,3,0,0,TRUE
07332037,2014,3,0,100,TRUE
07332038,2010,2,NA,0,TRUE
07332038,2011,2,0,0,TRUE
07332038,2012,2,0,0,TRUE
07332038,2013,3,0,0,TRUE
07332038,2014,3,0,98.76,TRUE
07332039,2010,2,NA,0,TRUE
07332039,2011,2,0,0,TRUE
07332039,2012,2,0,0,TRUE
07332039,2013,3,0,0,TRUE
07332039,2014,3,0,100,TRUE
07332040,2010,2,NA,0,TRUE
07332040,2011,2,0,0,TRUE
07332040,2012,2,0,0,TRUE
07332040,2013,3,0,0,TRUE
07332040,2014,3,0,95.47,TRUE
07332041,2010,2,NA,0,TRUE
07332041,2011,2,0,0,TRUE
07332041,2012,2,0,0,TRUE
07332041,2013,3,0,0,TRUE
07332041,2014,3,0,100,TRUE
07332042,2010,2,NA,0,TRUE
07332042,2011,2,0,0,TRUE
07332042,2012,2,0,0,TRUE
07332042,2013,3,0,0,TRUE
07332042,2014,3,0,100,TRUE
07332043,2010,2,NA,0,TRUE
07332043,2011,2,0,0,TRUE
07332043,2012,2,0,0,TRUE
07332043,2013,3,0,0,TRUE
07332043,2014,3,0,100,TRUE
07332044,2010,2,NA,0,TRUE
07332044,2011,2,0,0,TRUE
07332044,2012,2,0,0,TRUE
07332044,2013,3,0,0,TRUE
07332044,2014,3,0,100,TRUE
07332046,2010,2,NA,0,TRUE
07332046,2011,2,0,0,TRUE
07332046,2012,2,0,0,TRUE
07332046,2013,3,0,0,TRUE
07332046,2014,3,0,99.9,TRUE
07332047,2010,2,NA,0,TRUE
07332047,2011,2,0,0,TRUE
07332047,2012,2,0,0,TRUE
07332047,2013,3,0,0,TRUE
07332047,2014,3,0,100,TRUE
07332048,2010,2,NA,0,TRUE
07332048,2011,2,0,0,TRUE
07332048,2012,2,0,0,TRUE
07332048,2013,3,0,0,TRUE
07332048,2014,3,0,99.54,TRUE
07332049,2010,2,NA,0,TRUE
07332049,2011,2,0,0,TRUE
07332049,2012,2,0,0,TRUE
07332049,2013,3,0,0,TRUE
07332049,2014,3,0,100,TRUE
07332050,2010,2,NA,0,TRUE
07332050,2011,2,0,0,TRUE
07332050,2012,2,0,0,TRUE
07332050,2013,3,0,0,TRUE
07332050,2014,3,0,100,TRUE
07333001,2010,2,NA,0,TRUE
07333001,2011,2,0,0,TRUE
07333001,2012,2,0,0,TRUE
07333001,2013,3,0,0,TRUE
07333001,2014,3,0,100,TRUE
07333003,2010,2,NA,0,TRUE
07333003,2011,2,0,0,TRUE
07333003,2012,2,0,0,TRUE
07333003,2013,3,0,0,TRUE
07333003,2014,3,0,100,TRUE
07333004,2010,2,NA,0,TRUE
07333004,2011,2,0,0,TRUE
07333004,2012,2,0,0,TRUE
07333004,2013,3,0,0,TRUE
07333004,2014,3,0,100,TRUE
07333005,2010,2,NA,0,TRUE
07333005,2011,2,0,0,TRUE
07333005,2012,2,0,0,TRUE
07333005,2013,3,0,0,TRUE
07333005,2014,3,0,93.33,TRUE
07333006,2010,2,NA,0,TRUE
07333006,2011,2,0,0,TRUE
07333006,2012,2,0,0,TRUE
07333006,2013,3,0,0,TRUE
07333006,2014,3,0,100,TRUE
07333007,2010,2,NA,0,TRUE
07333007,2011,2,0,0,TRUE
07333007,2012,2,0,0,TRUE
07333007,2013,3,0,0,TRUE
07333007,2014,3,0,100,TRUE
07333008,2010,2,NA,0,TRUE
07333008,2011,2,0,0,TRUE
07333008,2012,2,0,0,TRUE
07333008,2013,3,0,0,TRUE
07333008,2014,3,0,100,TRUE
07333009,2010,2,NA,0,TRUE
07333009,2011,2,0,0,TRUE
07333009,2012,2,0,0,TRUE
07333009,2013,3,0,0,TRUE
07333009,2014,3,0,98.94,TRUE
07333010,2010,2,NA,0,TRUE
07333010,2011,2,0,0,TRUE
07333010,2012,2,0,0,TRUE
07333010,2013,3,0,0,TRUE
07333010,2014,3,0,98.94,TRUE
07333011,2010,2,NA,0,TRUE
07333011,2011,2,0,0,TRUE
07333011,2012,2,0,0,TRUE
07333011,2013,3,0,0,TRUE
07333011,2014,3,0,100,TRUE
07333012,2010,2,NA,0,TRUE
07333012,2011,2,0,0,TRUE
07333012,2012,2,0,0,TRUE
07333012,2013,3,0,0,TRUE
07333012,2014,3,0,100,TRUE
07333013,2010,2,NA,0,TRUE
07333013,2011,2,0,0,TRUE
07333013,2012,2,0,0,TRUE
07333013,2013,3,0,0,TRUE
07333013,2014,3,0,96.11,TRUE
07333014,2010,2,NA,0,TRUE
07333014,2011,2,0,0,TRUE
07333014,2012,2,0,0,TRUE
07333014,2013,3,0,0,TRUE
07333014,2014,3,0,100,TRUE
07333016,2010,2,NA,0,TRUE
07333016,2011,2,0,0,TRUE
07333016,2012,2,0,0,TRUE
07333016,2013,3,0,0,TRUE
07333016,2014,3,0,100,TRUE
07333017,2010,2,NA,0,TRUE
07333017,2011,2,0,0,TRUE
07333017,2012,2,0,0,TRUE
07333017,2013,3,0,0,TRUE
07333017,2014,3,0,100,TRUE
07333018,2010,2,NA,0,TRUE
07333018,2011,2,0,0,TRUE
07333018,2012,2,0,0,TRUE
07333018,2013,3,0,0,TRUE
07333018,2014,3,0,100,TRUE
07333019,2010,2,NA,0,TRUE
07333019,2011,2,0,0,TRUE
07333019,2012,2,0,0,TRUE
07333019,2013,3,0,0,TRUE
07333019,2014,3,0,100,TRUE
07333020,2010,2,NA,0,TRUE
07333020,2011,2,0,0,TRUE
07333020,2012,2,0,0,TRUE
07333020,2013,3,0,0,TRUE
07333020,2014,3,0,99.1,TRUE
07333021,2010,2,NA,0,TRUE
07333021,2011,2,0,0,TRUE
07333021,2012,2,0,0,TRUE
07333021,2013,3,0,0,TRUE
07333021,2014,3,0,100,TRUE
07333022,2010,2,NA,0,TRUE
07333022,2011,2,0,0,TRUE
07333022,2012,2,0,0,TRUE
07333022,2013,3,0,0,TRUE
07333022,2014,3,0,100,TRUE
07333023,2010,2,NA,0,TRUE
07333023,2011,2,0,0,TRUE
07333023,2012,2,0,0,TRUE
07333023,2013,3,0,0,TRUE
07333023,2014,3,0,100,TRUE
07333024,2010,2,NA,0,TRUE
07333024,2011,2,0,0,TRUE
07333024,2012,2,0,0,TRUE
07333024,2013,3,0,0,TRUE
07333024,2014,3,0,99.3,TRUE
07333025,2010,2,NA,0,TRUE
07333025,2011,2,0,0,TRUE
07333025,2012,2,0,0,TRUE
07333025,2013,3,0,0,TRUE
07333025,2014,3,0,100,TRUE
07333026,2010,2,NA,0,TRUE
07333026,2011,2,0,0,TRUE
07333026,2012,2,0,0,TRUE
07333026,2013,3,0,0,TRUE
07333026,2014,3,0,100,TRUE
07333027,2010,2,NA,0,TRUE
07333027,2011,2,0,0,TRUE
07333027,2012,2,0,0,TRUE
07333027,2013,3,0,0,TRUE
07333027,2014,3,0,94.81,TRUE
07333028,2010,2,NA,0,TRUE
07333028,2011,2,0,0,TRUE
07333028,2012,2,0,0,TRUE
07333028,2013,3,0,0,TRUE
07333028,2014,3,0,96.33,TRUE
07333030,2010,2,NA,0,TRUE
07333030,2011,2,0,0,TRUE
07333030,2012,2,0,0,TRUE
07333030,2013,3,0,0,TRUE
07333030,2014,3,0,94.3,TRUE
07333031,2010,2,NA,0,TRUE
07333031,2011,2,0,0,TRUE
07333031,2012,2,0,0,TRUE
07333031,2013,3,0,0,TRUE
07333031,2014,3,0,100,TRUE
07333032,2010,2,NA,0,TRUE
07333032,2011,2,0,0,TRUE
07333032,2012,2,0,0,TRUE
07333032,2013,3,0,0,TRUE
07333032,2014,3,0,100,TRUE
07333033,2010,2,NA,0,TRUE
07333033,2011,2,0,0,TRUE
07333033,2012,2,0,0,TRUE
07333033,2013,3,0,0,TRUE
07333033,2014,3,0,100,TRUE
07333034,2010,2,NA,0,TRUE
07333034,2011,2,0,0,TRUE
07333034,2012,2,0,0,TRUE
07333034,2013,3,0,0,TRUE
07333034,2014,3,0,99.62,TRUE
07333035,2010,2,NA,0,TRUE
07333035,2011,2,0,0,TRUE
07333035,2012,2,0,0,TRUE
07333035,2013,3,0,0,TRUE
07333035,2014,3,0,100,TRUE
07333036,2010,2,NA,0,TRUE
07333036,2011,2,0,0,TRUE
07333036,2012,2,0,0,TRUE
07333036,2013,3,0,0,TRUE
07333036,2014,3,0,100,TRUE
07333037,2010,2,NA,0,TRUE
07333037,2011,2,0,0,TRUE
07333037,2012,2,0,0,TRUE
07333037,2013,3,0,0,TRUE
07333037,2014,3,0,100,TRUE
07333038,2010,2,NA,0,TRUE
07333038,2011,2,0,0,TRUE
07333038,2012,2,0,0,TRUE
07333038,2013,3,0,0,TRUE
07333038,2014,3,0,100,TRUE
07333039,2010,2,NA,0,TRUE
07333039,2011,2,0,0,TRUE
07333039,2012,2,0,0,TRUE
07333039,2013,3,0,0,TRUE
07333039,2014,3,0,99.95,TRUE
07333040,2010,2,NA,0,TRUE
07333040,2011,2,0,0,TRUE
07333040,2012,2,0,0,TRUE
07333040,2013,3,0,0,TRUE
07333040,2014,3,0,99.79,TRUE
07333041,2010,2,NA,0,TRUE
07333041,2011,2,0,0,TRUE
07333041,2012,2,0,0,TRUE
07333041,2013,3,0,0,TRUE
07333041,2014,3,0,100,TRUE
07333042,2010,2,NA,0,TRUE
07333042,2011,2,0,0,TRUE
07333042,2012,2,0,0,TRUE
07333042,2013,3,0,0,TRUE
07333042,2014,3,0,98.38,TRUE
07333043,2010,2,NA,0,TRUE
07333043,2011,2,0,0,TRUE
07333043,2012,2,0,0,TRUE
07333043,2013,3,0,0,TRUE
07333043,2014,3,0,100,TRUE
07333045,2010,2,NA,0,TRUE
07333045,2011,2,0,0,TRUE
07333045,2012,2,0,0,TRUE
07333045,2013,3,0,0,TRUE
07333045,2014,3,0,99.72,TRUE
07333046,2010,2,NA,0,TRUE
07333046,2011,2,0,0,TRUE
07333046,2012,2,0,0,TRUE
07333046,2013,3,0,0,TRUE
07333046,2014,3,0,99.11,TRUE
07333047,2010,2,NA,0,TRUE
07333047,2011,2,0,0,TRUE
07333047,2012,2,0,0,TRUE
07333047,2013,3,0,0,TRUE
07333047,2014,3,0,100,TRUE
07333048,2010,2,NA,0,TRUE
07333048,2011,2,0,0,TRUE
07333048,2012,2,0,0,TRUE
07333048,2013,3,0,0,TRUE
07333048,2014,3,0,99.65,TRUE
07333049,2010,2,NA,0,TRUE
07333049,2011,2,0,0,TRUE
07333049,2012,2,0,0,TRUE
07333049,2013,3,0,0,TRUE
07333049,2014,3,0,100,TRUE
07333050,2010,2,NA,0,TRUE
07333050,2011,2,0,0,TRUE
07333050,2012,2,0,0,TRUE
07333050,2013,3,0,0,TRUE
07333050,2014,3,0,100,TRUE
07333051,2010,2,NA,0,TRUE
07333051,2011,2,0,0,TRUE
07333051,2012,2,0,0,TRUE
07333051,2013,3,0,0,TRUE
07333051,2014,3,0,100,TRUE
07333053,2010,2,NA,0,TRUE
07333053,2011,2,0,0,TRUE
07333053,2012,2,0,0,TRUE
07333053,2013,3,0,0,TRUE
07333053,2014,3,0,100,TRUE
07333054,2010,2,NA,0,TRUE
07333054,2011,2,0,0,TRUE
07333054,2012,2,0,0,TRUE
07333054,2013,3,0,0,TRUE
07333054,2014,3,0,100,TRUE
07333055,2010,2,NA,0,TRUE
07333055,2011,2,0,0,TRUE
07333055,2012,2,0,0,TRUE
07333055,2013,3,0,0,TRUE
07333055,2014,3,0,100,TRUE
07333056,2010,2,NA,0,TRUE
07333056,2011,2,0,0,TRUE
07333056,2012,2,0,0,TRUE
07333056,2013,3,0,0,TRUE
07333056,2014,3,0,99.53,TRUE
07333057,2010,2,NA,0,TRUE
07333057,2011,2,0,0,TRUE
07333057,2012,2,0,0,TRUE
07333057,2013,3,0,0,TRUE
07333057,2014,3,0,100,TRUE
07333058,2010,2,NA,0,TRUE
07333058,2011,2,0,0,TRUE
07333058,2012,2,0,0,TRUE
07333058,2013,3,0,0,TRUE
07333058,2014,3,0,100,TRUE
07333060,2010,2,NA,0,TRUE
07333060,2011,2,0,0,TRUE
07333060,2012,2,0,0,TRUE
07333060,2013,3,0,0,TRUE
07333060,2014,3,0,99.73,TRUE
07333061,2010,2,NA,0,TRUE
07333061,2011,2,0,0,TRUE
07333061,2012,2,0,0,TRUE
07333061,2013,3,0,0,TRUE
07333061,2014,3,0,98.35,TRUE
07333062,2010,2,NA,0,TRUE
07333062,2011,2,0,0,TRUE
07333062,2012,2,0,0,TRUE
07333062,2013,3,0,0,TRUE
07333062,2014,3,0,100,TRUE
07333064,2010,2,NA,0,TRUE
07333064,2011,2,0,0,TRUE
07333064,2012,2,0,0,TRUE
07333064,2013,3,0,0,TRUE
07333064,2014,3,0,100,TRUE
07333065,2010,2,NA,0,TRUE
07333065,2011,2,0,0,TRUE
07333065,2012,2,0,0,TRUE
07333065,2013,3,0,0,TRUE
07333065,2014,3,0,88.76,TRUE
07333066,2010,2,NA,0,TRUE
07333066,2011,2,0,0,TRUE
07333066,2012,2,0,0,TRUE
07333066,2013,3,0,0,TRUE
07333066,2014,3,0,100,TRUE
07333067,2010,2,NA,0,TRUE
07333067,2011,2,0,0,TRUE
07333067,2012,2,0,0,TRUE
07333067,2013,3,0,0,TRUE
07333067,2014,3,0,85.59,TRUE
07333068,2010,2,NA,0,TRUE
07333068,2011,2,0,0,TRUE
07333068,2012,2,0,0,TRUE
07333068,2013,3,0,0,TRUE
07333068,2014,3,0,100,TRUE
07333069,2010,2,NA,0,TRUE
07333069,2011,2,0,0,TRUE
07333069,2012,2,0,0,TRUE
07333069,2013,3,0,0,TRUE
07333069,2014,3,0,78.85,TRUE
07333071,2010,2,NA,0,TRUE
07333071,2011,2,0,0,TRUE
07333071,2012,2,0,0,TRUE
07333071,2013,3,0,0,TRUE
07333071,2014,3,0,97.56,TRUE
07333072,2010,2,NA,0,TRUE
07333072,2011,2,0,0,TRUE
07333072,2012,2,0,0,TRUE
07333072,2013,3,0,0,TRUE
07333072,2014,3,0,100,TRUE
07333073,2010,2,NA,0,TRUE
07333073,2011,2,0,0,TRUE
07333073,2012,2,0,0,TRUE
07333073,2013,3,0,0,TRUE
07333073,2014,3,0,100,TRUE
07333074,2010,2,NA,0,TRUE
07333074,2011,2,0,0,TRUE
07333074,2012,2,0,0,TRUE
07333074,2013,3,0,0,TRUE
07333074,2014,3,0,100,TRUE
07333075,2010,2,NA,0,TRUE
07333075,2011,2,0,0,TRUE
07333075,2012,2,0,0,TRUE
07333075,2013,3,0,0,TRUE
07333075,2014,3,0,100,TRUE
07333076,2010,2,NA,0,TRUE
07333076,2011,2,0,0,TRUE
07333076,2012,2,0,0,TRUE
07333076,2013,3,0,0,TRUE
07333076,2014,3,0,100,TRUE
07333077,2010,2,NA,0,TRUE
07333077,2011,2,0,0,TRUE
07333077,2012,2,0,0,TRUE
07333077,2013,3,0,0,TRUE
07333077,2014,3,0,100,TRUE
07333078,2010,2,NA,0,TRUE
07333078,2011,2,0,0,TRUE
07333078,2012,2,0,0,TRUE
07333078,2013,3,0,0,TRUE
07333078,2014,3,0,100,TRUE
07333079,2010,2,NA,0,TRUE
07333079,2011,2,0,0,TRUE
07333079,2012,2,0,0,TRUE
07333079,2013,3,0,0,TRUE
07333079,2014,3,0,100,TRUE
07333080,2010,2,NA,0,TRUE
07333080,2011,2,0,0,TRUE
07333080,2012,2,0,0,TRUE
07333080,2013,3,0,0,TRUE
07333080,2014,3,0,99.18,TRUE
07333081,2010,2,NA,0,TRUE
07333081,2011,2,0,0,TRUE
07333081,2012,2,0,0,TRUE
07333081,2013,3,0,0,TRUE
07333081,2014,3,0,100,TRUE
07333083,2010,2,NA,0,TRUE
07333083,2011,2,0,0,TRUE
07333083,2012,2,0,0,TRUE
07333083,2013,3,0,0,TRUE
07333083,2014,3,0,100,TRUE
07333084,2010,2,NA,0,TRUE
07333084,2011,2,0,0,TRUE
07333084,2012,2,0,0,TRUE
07333084,2013,3,0,0,TRUE
07333084,2014,3,0,100,TRUE
07333201,2010,2,NA,0,TRUE
07333201,2011,2,0,0,TRUE
07333201,2012,2,0,0,TRUE
07333201,2013,3,0,0,TRUE
07333201,2014,3,0,86.02,TRUE
07333202,2010,2,NA,0,TRUE
07333202,2011,2,0,0,TRUE
07333202,2012,2,0,0,TRUE
07333202,2013,3,0,0,TRUE
07333202,2014,3,0,100,TRUE
07333203,2010,2,NA,0,TRUE
07333203,2011,2,0,0,TRUE
07333203,2012,2,0,0,TRUE
07333203,2013,3,0,0,TRUE
07333203,2014,3,0,100,TRUE
07333501,2010,2,NA,0,TRUE
07333501,2011,2,0,0,TRUE
07333501,2012,2,0,0,TRUE
07333501,2013,3,0,0,TRUE
07333501,2014,3,0,98.93,TRUE
07333502,2010,2,NA,0,TRUE
07333502,2011,2,0,0,TRUE
07333502,2012,2,0,0,TRUE
07333502,2013,3,0,0,TRUE
07333502,2014,3,0,99.96,TRUE
07333503,2010,2,NA,0,TRUE
07333503,2011,2,0,0,TRUE
07333503,2012,2,0,0,TRUE
07333503,2013,3,0,0,TRUE
07333503,2014,3,0,99.42,TRUE
07334001,2010,2,NA,0,TRUE
07334001,2011,2,0,0,TRUE
07334001,2012,2,0,0,TRUE
07334001,2013,3,0,0,TRUE
07334001,2014,3,0,100,TRUE
07334002,2010,2,NA,0,TRUE
07334002,2011,2,0,0,TRUE
07334002,2012,2,0,0,TRUE
07334002,2013,3,0,0,TRUE
07334002,2014,3,0,99.23,TRUE
07334004,2010,2,NA,0,TRUE
07334004,2011,2,0,0,TRUE
07334004,2012,2,0,0,TRUE
07334004,2013,3,0,0,TRUE
07334004,2014,3,0,100,TRUE
07334005,2010,2,NA,0,TRUE
07334005,2011,2,0,0,TRUE
07334005,2012,2,0,0,TRUE
07334005,2013,3,0,0,TRUE
07334005,2014,3,0,100,TRUE
07334006,2010,2,NA,0,TRUE
07334006,2011,2,0,0,TRUE
07334006,2012,2,0,0,TRUE
07334006,2013,3,0,0,TRUE
07334006,2014,3,0,100,TRUE
07334007,2010,2,NA,0,TRUE
07334007,2011,2,0,0,TRUE
07334007,2012,2,0,0,TRUE
07334007,2013,3,0,0,TRUE
07334007,2014,3,0,100,TRUE
07334008,2010,2,NA,0,TRUE
07334008,2011,2,0,0,TRUE
07334008,2012,2,0,0,TRUE
07334008,2013,3,0,0,TRUE
07334008,2014,3,0,100,TRUE
07334009,2010,2,NA,0,TRUE
07334009,2011,2,0,0,TRUE
07334009,2012,2,0,0,TRUE
07334009,2013,3,0,0,TRUE
07334009,2014,3,0,100,TRUE
07334011,2010,2,NA,0,TRUE
07334011,2011,2,0,0,TRUE
07334011,2012,2,0,0,TRUE
07334011,2013,3,0,0,TRUE
07334011,2014,3,0,100,TRUE
07334012,2010,2,NA,0,TRUE
07334012,2011,2,0,0,TRUE
07334012,2012,2,0,0,TRUE
07334012,2013,3,0,0,TRUE
07334012,2014,3,0,100,TRUE
07334013,2010,2,NA,0,TRUE
07334013,2011,2,0,0,TRUE
07334013,2012,2,0,0,TRUE
07334013,2013,3,0,0,TRUE
07334013,2014,3,0,100,TRUE
07334014,2010,2,NA,0,TRUE
07334014,2011,2,0,0,TRUE
07334014,2012,2,0,0,TRUE
07334014,2013,3,0,0,TRUE
07334014,2014,3,0,100,TRUE
07334015,2010,2,NA,0,TRUE
07334015,2011,2,0,0,TRUE
07334015,2012,2,0,0,TRUE
07334015,2013,3,0,0,TRUE
07334015,2014,3,0,100,TRUE
07334016,2010,2,NA,0,TRUE
07334016,2011,2,0,0,TRUE
07334016,2012,2,0,0,TRUE
07334016,2013,3,0,0,TRUE
07334016,2014,3,0,100,TRUE
07334017,2010,2,NA,0,TRUE
07334017,2011,2,0,0,TRUE
07334017,2012,2,0,0,TRUE
07334017,2013,3,0,0,TRUE
07334017,2014,3,0,100,TRUE
07334018,2010,2,NA,0,TRUE
07334018,2011,2,0,0,TRUE
07334018,2012,2,0,0,TRUE
07334018,2013,3,0,0,TRUE
07334018,2014,3,0,100,TRUE
07334020,2010,2,NA,0,TRUE
07334020,2011,2,0,0,TRUE
07334020,2012,2,0,0,TRUE
07334020,2013,3,0,0,TRUE
07334020,2014,3,0,100,TRUE
07334021,2010,2,NA,0,TRUE
07334021,2011,2,0,0,TRUE
07334021,2012,2,0,0,TRUE
07334021,2013,3,0,0,TRUE
07334021,2014,3,0,91.45,TRUE
07334022,2010,2,NA,0,TRUE
07334022,2011,2,0,0,TRUE
07334022,2012,2,0,0,TRUE
07334022,2013,3,0,0,TRUE
07334022,2014,3,0,100,TRUE
07334023,2010,2,NA,0,TRUE
07334023,2011,2,0,0,TRUE
07334023,2012,2,0,0,TRUE
07334023,2013,3,0,0,TRUE
07334023,2014,3,0,100,TRUE
07334024,2010,2,NA,0,TRUE
07334024,2011,2,0,0,TRUE
07334024,2012,2,0,0,TRUE
07334024,2013,3,0,0,TRUE
07334024,2014,3,0,100,TRUE
07334025,2010,2,NA,0,TRUE
07334025,2011,2,0,0,TRUE
07334025,2012,2,0,0,TRUE
07334025,2013,3,0,0,TRUE
07334025,2014,3,0,100,TRUE
07334027,2010,2,NA,0,TRUE
07334027,2011,2,0,0,TRUE
07334027,2012,2,0,0,TRUE
07334027,2013,3,0,0,TRUE
07334027,2014,3,0,25.17,TRUE
07334028,2010,2,NA,0,TRUE
07334028,2011,2,0,0,TRUE
07334028,2012,2,0,0,TRUE
07334028,2013,3,0,0,TRUE
07334028,2014,3,0,100,TRUE
07334030,2010,2,NA,0,TRUE
07334030,2011,2,0,0,TRUE
07334030,2012,2,0,0,TRUE
07334030,2013,3,0,0,TRUE
07334030,2014,3,0,100,TRUE
07334031,2010,2,NA,0,TRUE
07334031,2011,2,0,0,TRUE
07334031,2012,2,0,0,TRUE
07334031,2013,3,0,0,TRUE
07334031,2014,3,0,100,TRUE
07334032,2010,2,NA,0,TRUE
07334032,2011,2,0,0,TRUE
07334032,2012,2,0,0,TRUE
07334032,2013,3,0,0,TRUE
07334032,2014,3,0,100,TRUE
07334033,2010,2,NA,0,TRUE
07334033,2011,2,0,0,TRUE
07334033,2012,2,0,0,TRUE
07334033,2013,3,0,0,TRUE
07334033,2014,3,0,100,TRUE
07334034,2010,2,NA,0,TRUE
07334034,2011,2,0,0,TRUE
07334034,2012,2,0,0,TRUE
07334034,2013,3,0,0,TRUE
07334034,2014,3,0,100,TRUE
07334036,2010,2,NA,0,TRUE
07334036,2011,2,0,0,TRUE
07334036,2012,2,0,0,TRUE
07334036,2013,3,0,0,TRUE
07334036,2014,3,0,100,TRUE
07334501,2010,2,NA,0,TRUE
07334501,2011,2,0,0,TRUE
07334501,2012,2,0,0,TRUE
07334501,2013,3,0,0,TRUE
07334501,2014,3,0,99.96,TRUE
07335002,2010,2,NA,0,TRUE
07335002,2011,2,0,0,TRUE
07335002,2012,2,0,0,TRUE
07335002,2013,3,0,0,TRUE
07335002,2014,3,0,99.9,TRUE
07335003,2010,2,NA,0,TRUE
07335003,2011,2,0,0,TRUE
07335003,2012,2,0,0,TRUE
07335003,2013,3,0,0,TRUE
07335003,2014,3,0,100,TRUE
07335004,2010,2,NA,0,TRUE
07335004,2011,2,0,0,TRUE
07335004,2012,2,0,0,TRUE
07335004,2013,3,0,0,TRUE
07335004,2014,3,0,100,TRUE
07335005,2010,2,NA,0,TRUE
07335005,2011,2,0,0,TRUE
07335005,2012,2,0,0,TRUE
07335005,2013,3,0,0,TRUE
07335005,2014,3,0,100,TRUE
07335006,2010,2,NA,0,TRUE
07335006,2011,2,0,0,TRUE
07335006,2012,2,0,0,TRUE
07335006,2013,3,0,0,TRUE
07335006,2014,3,0,100,TRUE
07335007,2010,2,NA,0,TRUE
07335007,2011,2,0,0,TRUE
07335007,2012,2,0,0,TRUE
07335007,2013,3,0,0,TRUE
07335007,2014,3,0,100,TRUE
07335009,2010,2,NA,0,TRUE
07335009,2011,2,0,0,TRUE
07335009,2012,2,0,0,TRUE
07335009,2013,3,0,0,TRUE
07335009,2014,3,0,98.65,TRUE
07335010,2010,2,NA,0,TRUE
07335010,2011,2,0,0,TRUE
07335010,2012,2,0,0,TRUE
07335010,2013,3,0,0,TRUE
07335010,2014,3,0,100,TRUE
07335011,2010,2,NA,0,TRUE
07335011,2011,2,0,0,TRUE
07335011,2012,2,0,0,TRUE
07335011,2013,3,0,0,TRUE
07335011,2014,3,0,100,TRUE
07335012,2010,2,NA,0,TRUE
07335012,2011,2,0,0,TRUE
07335012,2012,2,0,0,TRUE
07335012,2013,3,0,0,TRUE
07335012,2014,3,0,100,TRUE
07335013,2010,2,NA,0,TRUE
07335013,2011,2,0,0,TRUE
07335013,2012,2,0,0,TRUE
07335013,2013,3,0,0,TRUE
07335013,2014,3,0,100,TRUE
07335014,2010,2,NA,0,TRUE
07335014,2011,2,0,0,TRUE
07335014,2012,2,0,0,TRUE
07335014,2013,3,0,0,TRUE
07335014,2014,3,0,100,TRUE
07335015,2010,2,NA,0,TRUE
07335015,2011,2,0,0,TRUE
07335015,2012,2,0,0,TRUE
07335015,2013,3,0,0,TRUE
07335015,2014,3,0,100,TRUE
07335016,2010,2,NA,0,TRUE
07335016,2011,2,0,0,TRUE
07335016,2012,2,0,0,TRUE
07335016,2013,3,0,0,TRUE
07335016,2014,3,0,100,TRUE
07335017,2010,2,NA,0,TRUE
07335017,2011,2,0,0,TRUE
07335017,2012,2,0,0,TRUE
07335017,2013,3,0,0,TRUE
07335017,2014,3,0,100,TRUE
07335018,2010,2,NA,0,TRUE
07335018,2011,2,0,0,TRUE
07335018,2012,2,0,0,TRUE
07335018,2013,3,0,0,TRUE
07335018,2014,3,0,100,TRUE
07335019,2010,2,NA,0,TRUE
07335019,2011,2,0,0,TRUE
07335019,2012,2,0,0,TRUE
07335019,2013,3,0,0,TRUE
07335019,2014,3,0,96.98,TRUE
07335020,2010,2,NA,0,TRUE
07335020,2011,2,0,0,TRUE
07335020,2012,2,0,0,TRUE
07335020,2013,3,0,0,TRUE
07335020,2014,3,0,84.91,TRUE
07335021,2010,2,NA,0,TRUE
07335021,2011,2,0,0,TRUE
07335021,2012,2,0,0,TRUE
07335021,2013,3,0,0,TRUE
07335021,2014,3,0,100,TRUE
07335022,2010,2,NA,0,TRUE
07335022,2011,2,0,0,TRUE
07335022,2012,2,0,0,TRUE
07335022,2013,3,0,0,TRUE
07335022,2014,3,0,99.93,TRUE
07335023,2010,2,NA,0,TRUE
07335023,2011,2,0,0,TRUE
07335023,2012,2,0,0,TRUE
07335023,2013,3,0,0,TRUE
07335023,2014,3,0,100,TRUE
07335024,2010,2,NA,0,TRUE
07335024,2011,2,0,0,TRUE
07335024,2012,2,0,0,TRUE
07335024,2013,3,0,0,TRUE
07335024,2014,3,0,100,TRUE
07335025,2010,2,NA,0,TRUE
07335025,2011,2,0,0,TRUE
07335025,2012,2,0,0,TRUE
07335025,2013,3,0,0,TRUE
07335025,2014,3,0,100,TRUE
07335026,2010,2,NA,0,TRUE
07335026,2011,2,0,0,TRUE
07335026,2012,2,0,0,TRUE
07335026,2013,3,0,0,TRUE
07335026,2014,3,0,98.61,TRUE
07335027,2010,2,NA,0,TRUE
07335027,2011,2,0,0,TRUE
07335027,2012,2,0,0,TRUE
07335027,2013,3,0,0,TRUE
07335027,2014,3,0,100,TRUE
07335028,2010,2,NA,0,TRUE
07335028,2011,2,0,0,TRUE
07335028,2012,2,0,0,TRUE
07335028,2013,3,0,0,TRUE
07335028,2014,3,0,41,TRUE
07335029,2010,2,NA,0,TRUE
07335029,2011,2,0,0,TRUE
07335029,2012,2,0,0,TRUE
07335029,2013,3,0,0,TRUE
07335029,2014,3,0,93.07,TRUE
07335030,2010,2,NA,0,TRUE
07335030,2011,2,0,0,TRUE
07335030,2012,2,0,0,TRUE
07335030,2013,3,0,0,TRUE
07335030,2014,3,0,98.83,TRUE
07335031,2010,2,NA,0,TRUE
07335031,2011,2,0,0,TRUE
07335031,2012,2,0,0,TRUE
07335031,2013,3,0,0,TRUE
07335031,2014,3,0,100,TRUE
07335033,2010,2,NA,0,TRUE
07335033,2011,2,0,0,TRUE
07335033,2012,2,0,0,TRUE
07335033,2013,3,0,0,TRUE
07335033,2014,3,0,100,TRUE
07335034,2010,2,NA,0,TRUE
07335034,2011,2,0,0,TRUE
07335034,2012,2,0,0,TRUE
07335034,2013,3,0,0,TRUE
07335034,2014,3,0,100,TRUE
07335035,2010,2,NA,0,TRUE
07335035,2011,2,0,0,TRUE
07335035,2012,2,0,0,TRUE
07335035,2013,3,0,0,TRUE
07335035,2014,3,0,99.4,TRUE
07335037,2010,2,NA,0,TRUE
07335037,2011,2,0,0,TRUE
07335037,2012,2,0,0,TRUE
07335037,2013,3,0,0,TRUE
07335037,2014,3,0,100,TRUE
07335038,2010,2,NA,0,TRUE
07335038,2011,2,0,0,TRUE
07335038,2012,2,0,0,TRUE
07335038,2013,3,0,0,TRUE
07335038,2014,3,0,99.78,TRUE
07335040,2010,2,NA,0,TRUE
07335040,2011,2,0,0,TRUE
07335040,2012,2,0,0,TRUE
07335040,2013,3,0,0,TRUE
07335040,2014,3,0,100,TRUE
07335041,2010,2,NA,0,TRUE
07335041,2011,2,0,0,TRUE
07335041,2012,2,0,0,TRUE
07335041,2013,3,0,0,TRUE
07335041,2014,3,0,96.53,TRUE
07335042,2010,2,NA,0,TRUE
07335042,2011,2,0,0,TRUE
07335042,2012,2,0,0,TRUE
07335042,2013,3,0,0,TRUE
07335042,2014,3,0,99.59,TRUE
07335043,2010,2,NA,0,TRUE
07335043,2011,2,0,0,TRUE
07335043,2012,2,0,0,TRUE
07335043,2013,3,0,0,TRUE
07335043,2014,3,0,99.79,TRUE
07335044,2010,2,NA,0,TRUE
07335044,2011,2,0,0,TRUE
07335044,2012,2,0,0,TRUE
07335044,2013,3,0,0,TRUE
07335044,2014,3,0,98.39,TRUE
07335045,2010,2,NA,0,TRUE
07335045,2011,2,0,0,TRUE
07335045,2012,2,0,0,TRUE
07335045,2013,3,0,0,TRUE
07335045,2014,3,0,99.07,TRUE
07335046,2010,2,NA,0,TRUE
07335046,2011,2,0,0,TRUE
07335046,2012,2,0,0,TRUE
07335046,2013,3,0,0,TRUE
07335046,2014,3,0,99.04,TRUE
07335047,2010,2,NA,0,TRUE
07335047,2011,2,0,0,TRUE
07335047,2012,2,0,0,TRUE
07335047,2013,3,0,0,TRUE
07335047,2014,3,0,97.87,TRUE
07335048,2010,2,NA,0,TRUE
07335048,2011,2,0,0,TRUE
07335048,2012,2,0,0,TRUE
07335048,2013,3,0,0,TRUE
07335048,2014,3,0,91.4,TRUE
07335049,2010,2,NA,0,TRUE
07335049,2011,2,0,0,TRUE
07335049,2012,2,0,0,TRUE
07335049,2013,3,0,0,TRUE
07335049,2014,3,0,100,TRUE
07335201,2010,2,NA,0,TRUE
07335201,2011,2,0,0,TRUE
07335201,2012,2,0,0,TRUE
07335201,2013,3,0,0,TRUE
07335201,2014,3,0,100,TRUE
07335202,2010,2,NA,0,TRUE
07335202,2011,2,0,0,TRUE
07335202,2012,2,0,0,TRUE
07335202,2013,3,0,0,TRUE
07335202,2014,3,0,86.67,TRUE
07335203,2010,2,NA,0,TRUE
07335203,2011,2,0,0,TRUE
07335203,2012,2,0,0,TRUE
07335203,2013,3,0,0,TRUE
07335203,2014,3,0,99.84,TRUE
07335204,2010,2,NA,0,TRUE
07335204,2011,2,0,0,TRUE
07335204,2012,2,0,0,TRUE
07335204,2013,3,0,0,TRUE
07335204,2014,3,0,100,TRUE
07335205,2010,2,NA,0,TRUE
07335205,2011,2,0,0,TRUE
07335205,2012,2,0,0,TRUE
07335205,2013,3,0,0,TRUE
07335205,2014,3,0,99.8,TRUE
07335501,2010,2,NA,0,TRUE
07335501,2011,2,0,0,TRUE
07335501,2012,2,0,0,TRUE
07335501,2013,3,0,0,TRUE
07335501,2014,3,0,100,TRUE
07336001,2010,2,NA,0,TRUE
07336001,2011,2,0,0,TRUE
07336001,2012,2,0,0,TRUE
07336001,2013,3,0,0,TRUE
07336001,2014,3,0,100,TRUE
07336002,2010,2,NA,0,TRUE
07336002,2011,2,0,0,TRUE
07336002,2012,2,0,0,TRUE
07336002,2013,3,0,0,TRUE
07336002,2014,3,0,100,TRUE
07336003,2010,2,NA,0,TRUE
07336003,2011,2,0,0,TRUE
07336003,2012,2,0,0,TRUE
07336003,2013,3,0,0,TRUE
07336003,2014,3,0,100,TRUE
07336004,2010,2,NA,0,TRUE
07336004,2011,2,0,0,TRUE
07336004,2012,2,0,0,TRUE
07336004,2013,3,0,0,TRUE
07336004,2014,3,0,99.83,TRUE
07336005,2010,2,NA,0,TRUE
07336005,2011,2,0,0,TRUE
07336005,2012,2,0,0,TRUE
07336005,2013,3,0,0,TRUE
07336005,2014,3,0,95.42,TRUE
07336006,2010,2,NA,0,TRUE
07336006,2011,2,0,0,TRUE
07336006,2012,2,0,0,TRUE
07336006,2013,3,0,0,TRUE
07336006,2014,3,0,100,TRUE
07336008,2010,2,NA,0,TRUE
07336008,2011,2,0,0,TRUE
07336008,2012,2,0,0,TRUE
07336008,2013,3,0,0,TRUE
07336008,2014,3,0,91.8,TRUE
07336009,2010,2,NA,0,TRUE
07336009,2011,2,0,0,TRUE
07336009,2012,2,0,0,TRUE
07336009,2013,3,0,0,TRUE
07336009,2014,3,0,97.18,TRUE
07336010,2010,2,NA,0,TRUE
07336010,2011,2,0,0,TRUE
07336010,2012,2,0,0,TRUE
07336010,2013,3,0,0,TRUE
07336010,2014,3,0,99.89,TRUE
07336011,2010,2,NA,0,TRUE
07336011,2011,2,0,0,TRUE
07336011,2012,2,0,0,TRUE
07336011,2013,3,0,0,TRUE
07336011,2014,3,0,100,TRUE
07336012,2010,2,NA,0,TRUE
07336012,2011,2,0,0,TRUE
07336012,2012,2,0,0,TRUE
07336012,2013,3,0,0,TRUE
07336012,2014,3,0,100,TRUE
07336013,2010,2,NA,0,TRUE
07336013,2011,2,0,0,TRUE
07336013,2012,2,0,0,TRUE
07336013,2013,3,0,0,TRUE
07336013,2014,3,0,100,TRUE
07336014,2010,2,NA,0,TRUE
07336014,2011,2,0,0,TRUE
07336014,2012,2,0,0,TRUE
07336014,2013,3,0,0,TRUE
07336014,2014,3,0,100,TRUE
07336015,2010,2,NA,0,TRUE
07336015,2011,2,0,0,TRUE
07336015,2012,2,0,0,TRUE
07336015,2013,3,0,0,TRUE
07336015,2014,3,0,100,TRUE
07336016,2010,2,NA,0,TRUE
07336016,2011,2,0,0,TRUE
07336016,2012,2,0,0,TRUE
07336016,2013,3,0,0,TRUE
07336016,2014,3,0,100,TRUE
07336017,2010,2,NA,0,TRUE
07336017,2011,2,0,0,TRUE
07336017,2012,2,0,0,TRUE
07336017,2013,3,0,0,TRUE
07336017,2014,3,0,97.32,TRUE
07336018,2010,2,NA,0,TRUE
07336018,2011,2,0,0,TRUE
07336018,2012,2,0,0,TRUE
07336018,2013,3,0,0,TRUE
07336018,2014,3,0,100,TRUE
07336019,2010,2,NA,0,TRUE
07336019,2011,2,0,0,TRUE
07336019,2012,2,0,0,TRUE
07336019,2013,3,0,0,TRUE
07336019,2014,3,0,90.05,TRUE
07336021,2010,2,NA,0,TRUE
07336021,2011,2,0,0,TRUE
07336021,2012,2,0,0,TRUE
07336021,2013,3,0,0,TRUE
07336021,2014,3,0,100,TRUE
07336022,2010,2,NA,0,TRUE
07336022,2011,2,0,0,TRUE
07336022,2012,2,0,0,TRUE
07336022,2013,3,0,0,TRUE
07336022,2014,3,0,97.41,TRUE
07336023,2010,2,NA,0,TRUE
07336023,2011,2,0,0,TRUE
07336023,2012,2,0,0,TRUE
07336023,2013,3,0,0,TRUE
07336023,2014,3,0,100,TRUE
07336024,2010,2,NA,0,TRUE
07336024,2011,2,0,0,TRUE
07336024,2012,2,0,0,TRUE
07336024,2013,3,0,0,TRUE
07336024,2014,3,0,99.66,TRUE
07336025,2010,2,NA,0,TRUE
07336025,2011,2,0,0,TRUE
07336025,2012,2,0,0,TRUE
07336025,2013,3,0,0,TRUE
07336025,2014,3,0,100,TRUE
07336027,2010,2,NA,0,TRUE
07336027,2011,2,0,0,TRUE
07336027,2012,2,0,0,TRUE
07336027,2013,3,0,0,TRUE
07336027,2014,3,0,99.61,TRUE
07336029,2010,2,NA,0,TRUE
07336029,2011,2,0,0,TRUE
07336029,2012,2,0,0,TRUE
07336029,2013,3,0,0,TRUE
07336029,2014,3,0,100,TRUE
07336030,2010,2,NA,0,TRUE
07336030,2011,2,0,0,TRUE
07336030,2012,2,0,0,TRUE
07336030,2013,3,0,0,TRUE
07336030,2014,3,0,100,TRUE
07336031,2010,2,NA,0,TRUE
07336031,2011,2,0,0,TRUE
07336031,2012,2,0,0,TRUE
07336031,2013,3,0,0,TRUE
07336031,2014,3,0,100,TRUE
07336032,2010,2,NA,0,TRUE
07336032,2011,2,0,0,TRUE
07336032,2012,2,0,0,TRUE
07336032,2013,3,0,0,TRUE
07336032,2014,3,0,100,TRUE
07336033,2010,2,NA,0,TRUE
07336033,2011,2,0,0,TRUE
07336033,2012,2,0,0,TRUE
07336033,2013,3,0,0,TRUE
07336033,2014,3,0,99.56,TRUE
07336034,2010,2,NA,0,TRUE
07336034,2011,2,0,0,TRUE
07336034,2012,2,0,0,TRUE
07336034,2013,3,0,0,TRUE
07336034,2014,3,0,99.68,TRUE
07336035,2010,2,NA,0,TRUE
07336035,2011,2,0,0,TRUE
07336035,2012,2,0,0,TRUE
07336035,2013,3,0,0,TRUE
07336035,2014,3,0,100,TRUE
07336036,2010,2,NA,0,TRUE
07336036,2011,2,0,0,TRUE
07336036,2012,2,0,0,TRUE
07336036,2013,3,0,0,TRUE
07336036,2014,3,0,95.56,TRUE
07336037,2010,2,NA,0,TRUE
07336037,2011,2,0,0,TRUE
07336037,2012,2,0,0,TRUE
07336037,2013,3,0,0,TRUE
07336037,2014,3,0,100,TRUE
07336038,2010,2,NA,0,TRUE
07336038,2011,2,0,0,TRUE
07336038,2012,2,0,0,TRUE
07336038,2013,3,0,0,TRUE
07336038,2014,3,0,100,TRUE
07336039,2010,2,NA,0,TRUE
07336039,2011,2,0,0,TRUE
07336039,2012,2,0,0,TRUE
07336039,2013,3,0,0,TRUE
07336039,2014,3,0,100,TRUE
07336040,2010,2,NA,0,TRUE
07336040,2011,2,0,0,TRUE
07336040,2012,2,0,0,TRUE
07336040,2013,3,0,0,TRUE
07336040,2014,3,0,100,TRUE
07336041,2010,2,NA,0,TRUE
07336041,2011,2,0,0,TRUE
07336041,2012,2,0,0,TRUE
07336041,2013,3,0,0,TRUE
07336041,2014,3,0,100,TRUE
07336042,2010,2,NA,0,TRUE
07336042,2011,2,0,0,TRUE
07336042,2012,2,0,0,TRUE
07336042,2013,3,0,0,TRUE
07336042,2014,3,0,100,TRUE
07336043,2010,2,NA,0,TRUE
07336043,2011,2,0,0,TRUE
07336043,2012,2,0,0,TRUE
07336043,2013,3,0,0,TRUE
07336043,2014,3,0,90.63,TRUE
07336044,2010,2,NA,0,TRUE
07336044,2011,2,0,0,TRUE
07336044,2012,2,0,0,TRUE
07336044,2013,3,0,0,TRUE
07336044,2014,3,0,100,TRUE
07336045,2010,2,NA,0,TRUE
07336045,2011,2,0,0,TRUE
07336045,2012,2,0,0,TRUE
07336045,2013,3,0,0,TRUE
07336045,2014,3,0,99.3,TRUE
07336046,2010,2,NA,0,TRUE
07336046,2011,2,0,0,TRUE
07336046,2012,2,0,0,TRUE
07336046,2013,3,0,0,TRUE
07336046,2014,3,0,100,TRUE
07336047,2010,2,NA,0,TRUE
07336047,2011,2,0,0,TRUE
07336047,2012,2,0,0,TRUE
07336047,2013,3,0,0,TRUE
07336047,2014,3,0,100,TRUE
07336048,2010,2,NA,0,TRUE
07336048,2011,2,0,0,TRUE
07336048,2012,2,0,0,TRUE
07336048,2013,3,0,0,TRUE
07336048,2014,3,0,99.75,TRUE
07336049,2010,2,NA,0,TRUE
07336049,2011,2,0,0,TRUE
07336049,2012,2,0,0,TRUE
07336049,2013,3,0,0,TRUE
07336049,2014,3,0,100,TRUE
07336050,2010,2,NA,0,TRUE
07336050,2011,2,0,0,TRUE
07336050,2012,2,0,0,TRUE
07336050,2013,3,0,0,TRUE
07336050,2014,3,0,94.59,TRUE
07336051,2010,2,NA,0,TRUE
07336051,2011,2,0,0,TRUE
07336051,2012,2,0,0,TRUE
07336051,2013,3,0,0,TRUE
07336051,2014,3,0,91.28,TRUE
07336052,2010,2,NA,0,TRUE
07336052,2011,2,0,0,TRUE
07336052,2012,2,0,0,TRUE
07336052,2013,3,0,0,TRUE
07336052,2014,3,0,100,TRUE
07336053,2010,2,NA,0,TRUE
07336053,2011,2,0,0,TRUE
07336053,2012,2,0,0,TRUE
07336053,2013,3,0,0,TRUE
07336053,2014,3,0,99.73,TRUE
07336054,2010,2,NA,0,TRUE
07336054,2011,2,0,0,TRUE
07336054,2012,2,0,0,TRUE
07336054,2013,3,0,0,TRUE
07336054,2014,3,0,100,TRUE
07336055,2010,2,NA,0,TRUE
07336055,2011,2,0,0,TRUE
07336055,2012,2,0,0,TRUE
07336055,2013,3,0,0,TRUE
07336055,2014,3,0,100,TRUE
07336056,2010,2,NA,0,TRUE
07336056,2011,2,0,0,TRUE
07336056,2012,2,0,0,TRUE
07336056,2013,3,0,0,TRUE
07336056,2014,3,0,98.01,TRUE
07336057,2010,2,NA,0,TRUE
07336057,2011,2,0,0,TRUE
07336057,2012,2,0,0,TRUE
07336057,2013,3,0,0,TRUE
07336057,2014,3,0,100,TRUE
07336058,2010,2,NA,0,TRUE
07336058,2011,2,0,0,TRUE
07336058,2012,2,0,0,TRUE
07336058,2013,3,0,0,TRUE
07336058,2014,3,0,100,TRUE
07336060,2010,2,NA,0,TRUE
07336060,2011,2,0,0,TRUE
07336060,2012,2,0,0,TRUE
07336060,2013,3,0,0,TRUE
07336060,2014,3,0,100,TRUE
07336061,2010,2,NA,0,TRUE
07336061,2011,2,0,0,TRUE
07336061,2012,2,0,0,TRUE
07336061,2013,3,0,0,TRUE
07336061,2014,3,0,100,TRUE
07336062,2010,2,NA,0,TRUE
07336062,2011,2,0,0,TRUE
07336062,2012,2,0,0,TRUE
07336062,2013,3,0,0,TRUE
07336062,2014,3,0,100,TRUE
07336064,2010,2,NA,0,TRUE
07336064,2011,2,0,0,TRUE
07336064,2012,2,0,0,TRUE
07336064,2013,3,0,0,TRUE
07336064,2014,3,0,100,TRUE
07336065,2010,2,NA,0,TRUE
07336065,2011,2,0,0,TRUE
07336065,2012,2,0,0,TRUE
07336065,2013,3,0,0,TRUE
07336065,2014,3,0,100,TRUE
07336066,2010,2,NA,0,TRUE
07336066,2011,2,0,0,TRUE
07336066,2012,2,0,0,TRUE
07336066,2013,3,0,0,TRUE
07336066,2014,3,0,100,TRUE
07336067,2010,2,NA,0,TRUE
07336067,2011,2,0,0,TRUE
07336067,2012,2,0,0,TRUE
07336067,2013,3,0,0,TRUE
07336067,2014,3,0,99.32,TRUE
07336068,2010,2,NA,0,TRUE
07336068,2011,2,0,0,TRUE
07336068,2012,2,0,0,TRUE
07336068,2013,3,0,0,TRUE
07336068,2014,3,0,100,TRUE
07336069,2010,2,NA,0,TRUE
07336069,2011,2,0,0,TRUE
07336069,2012,2,0,0,TRUE
07336069,2013,3,0,0,TRUE
07336069,2014,3,0,100,TRUE
07336070,2010,2,NA,0,TRUE
07336070,2011,2,0,0,TRUE
07336070,2012,2,0,0,TRUE
07336070,2013,3,0,0,TRUE
07336070,2014,3,0,100,TRUE
07336071,2010,2,NA,0,TRUE
07336071,2011,2,0,0,TRUE
07336071,2012,2,0,0,TRUE
07336071,2013,3,0,0,TRUE
07336071,2014,3,0,100,TRUE
07336072,2010,2,NA,0,TRUE
07336072,2011,2,0,0,TRUE
07336072,2012,2,0,0,TRUE
07336072,2013,3,0,0,TRUE
07336072,2014,3,0,100,TRUE
07336073,2010,2,NA,0,TRUE
07336073,2011,2,0,0,TRUE
07336073,2012,2,0,0,TRUE
07336073,2013,3,0,0,TRUE
07336073,2014,3,0,100,TRUE
07336074,2010,2,NA,0,TRUE
07336074,2011,2,0,0,TRUE
07336074,2012,2,0,0,TRUE
07336074,2013,3,0,0,TRUE
07336074,2014,3,0,99.5,TRUE
07336075,2010,2,NA,0,TRUE
07336075,2011,2,0,0,TRUE
07336075,2012,2,0,0,TRUE
07336075,2013,3,0,0,TRUE
07336075,2014,3,0,94.92,TRUE
07336076,2010,2,NA,0,TRUE
07336076,2011,2,0,0,TRUE
07336076,2012,2,0,0,TRUE
07336076,2013,3,0,0,TRUE
07336076,2014,3,0,98.03,TRUE
07336077,2010,2,NA,0,TRUE
07336077,2011,2,0,0,TRUE
07336077,2012,2,0,0,TRUE
07336077,2013,3,0,0,TRUE
07336077,2014,3,0,100,TRUE
07336079,2010,2,NA,0,TRUE
07336079,2011,2,0,0,TRUE
07336079,2012,2,0,0,TRUE
07336079,2013,3,0,0,TRUE
07336079,2014,3,0,100,TRUE
07336081,2010,2,NA,0,TRUE
07336081,2011,2,0,0,TRUE
07336081,2012,2,0,0,TRUE
07336081,2013,3,0,0,TRUE
07336081,2014,3,0,100,TRUE
07336082,2010,2,NA,0,TRUE
07336082,2011,2,0,0,TRUE
07336082,2012,2,0,0,TRUE
07336082,2013,3,0,0,TRUE
07336082,2014,3,0,100,TRUE
07336084,2010,2,NA,0,TRUE
07336084,2011,2,0,0,TRUE
07336084,2012,2,0,0,TRUE
07336084,2013,3,0,0,TRUE
07336084,2014,3,0,100,TRUE
07336085,2010,2,NA,0,TRUE
07336085,2011,2,0,0,TRUE
07336085,2012,2,0,0,TRUE
07336085,2013,3,0,0,TRUE
07336085,2014,3,0,100,TRUE
07336086,2010,2,NA,0,TRUE
07336086,2011,2,0,0,TRUE
07336086,2012,2,0,0,TRUE
07336086,2013,3,0,0,TRUE
07336086,2014,3,0,94.87,TRUE
07336087,2010,2,NA,0,TRUE
07336087,2011,2,0,0,TRUE
07336087,2012,2,0,0,TRUE
07336087,2013,3,0,0,TRUE
07336087,2014,3,0,100,TRUE
07336088,2010,2,NA,0,TRUE
07336088,2011,2,0,0,TRUE
07336088,2012,2,0,0,TRUE
07336088,2013,3,0,0,TRUE
07336088,2014,3,0,99.56,TRUE
07336089,2010,2,NA,0,TRUE
07336089,2011,2,0,0,TRUE
07336089,2012,2,0,0,TRUE
07336089,2013,3,0,0,TRUE
07336089,2014,3,0,100,TRUE
07336090,2010,2,NA,0,TRUE
07336090,2011,2,0,0,TRUE
07336090,2012,2,0,0,TRUE
07336090,2013,3,0,0,TRUE
07336090,2014,3,0,99.37,TRUE
07336091,2010,2,NA,0,TRUE
07336091,2011,2,0,0,TRUE
07336091,2012,2,0,0,TRUE
07336091,2013,3,0,0,TRUE
07336091,2014,3,0,100,TRUE
07336092,2010,2,NA,0,TRUE
07336092,2011,2,0,0,TRUE
07336092,2012,2,0,0,TRUE
07336092,2013,3,0,0,TRUE
07336092,2014,3,0,100,TRUE
07336094,2010,2,NA,0,TRUE
07336094,2011,2,0,0,TRUE
07336094,2012,2,0,0,TRUE
07336094,2013,3,0,0,TRUE
07336094,2014,3,0,94.38,TRUE
07336095,2010,2,NA,0,TRUE
07336095,2011,2,0,0,TRUE
07336095,2012,2,0,0,TRUE
07336095,2013,3,0,0,TRUE
07336095,2014,3,0,99.8,TRUE
07336096,2010,2,NA,0,TRUE
07336096,2011,2,0,0,TRUE
07336096,2012,2,0,0,TRUE
07336096,2013,3,0,0,TRUE
07336096,2014,3,0,100,TRUE
07336097,2010,2,NA,0,TRUE
07336097,2011,2,0,0,TRUE
07336097,2012,2,0,0,TRUE
07336097,2013,3,0,0,TRUE
07336097,2014,3,0,89.58,TRUE
07336098,2010,2,NA,0,TRUE
07336098,2011,2,0,0,TRUE
07336098,2012,2,0,0,TRUE
07336098,2013,3,0,0,TRUE
07336098,2014,3,0,94.46,TRUE
07336099,2010,2,NA,0,TRUE
07336099,2011,2,0,0,TRUE
07336099,2012,2,0,0,TRUE
07336099,2013,3,0,0,TRUE
07336099,2014,3,0,100,TRUE
07336100,2010,2,NA,0,TRUE
07336100,2011,2,0,0,TRUE
07336100,2012,2,0,0,TRUE
07336100,2013,3,0,0,TRUE
07336100,2014,3,0,100,TRUE
07336101,2010,2,NA,0,TRUE
07336101,2011,2,0,0,TRUE
07336101,2012,2,0,0,TRUE
07336101,2013,3,0,0,TRUE
07336101,2014,3,0,100,TRUE
07336102,2010,2,NA,0,TRUE
07336102,2011,2,0,0,TRUE
07336102,2012,2,0,0,TRUE
07336102,2013,3,0,0,TRUE
07336102,2014,3,0,99.74,TRUE
07336103,2010,2,NA,0,TRUE
07336103,2011,2,0,0,TRUE
07336103,2012,2,0,0,TRUE
07336103,2013,3,0,0,TRUE
07336103,2014,3,0,100,TRUE
07336104,2010,2,NA,0,TRUE
07336104,2011,2,0,0,TRUE
07336104,2012,2,0,0,TRUE
07336104,2013,3,0,0,TRUE
07336104,2014,3,0,100,TRUE
07336105,2010,2,NA,0,TRUE
07336105,2011,2,0,0,TRUE
07336105,2012,2,0,0,TRUE
07336105,2013,3,0,0,TRUE
07336105,2014,3,0,100,TRUE
07336106,2010,2,NA,0,TRUE
07336106,2011,2,0,0,TRUE
07336106,2012,2,0,0,TRUE
07336106,2013,3,0,0,TRUE
07336106,2014,3,0,100,TRUE
07336107,2010,2,NA,0,TRUE
07336107,2011,2,0,0,TRUE
07336107,2012,2,0,0,TRUE
07336107,2013,3,0,0,TRUE
07336107,2014,3,0,96.55,TRUE
07336501,2010,2,NA,0,TRUE
07336501,2011,2,0,0,TRUE
07336501,2012,2,0,0,TRUE
07336501,2013,3,0,0,TRUE
07336501,2014,3,0,100,TRUE
07337001,2010,2,NA,0,TRUE
07337001,2011,2,0,0,TRUE
07337001,2012,2,0,0,TRUE
07337001,2013,3,0,0,TRUE
07337001,2014,3,0,100,TRUE
07337002,2010,2,NA,0,TRUE
07337002,2011,2,0,0,TRUE
07337002,2012,2,0,0,TRUE
07337002,2013,3,0,0,TRUE
07337002,2014,3,0,100,TRUE
07337005,2010,2,NA,0,TRUE
07337005,2011,2,0,0,TRUE
07337005,2012,2,0,0,TRUE
07337005,2013,3,0,0,TRUE
07337005,2014,3,0,97.86,TRUE
07337006,2010,2,NA,0,TRUE
07337006,2011,2,0,0,TRUE
07337006,2012,2,0,0,TRUE
07337006,2013,3,0,0,TRUE
07337006,2014,3,0,99.62,TRUE
07337007,2010,2,NA,0,TRUE
07337007,2011,2,0,0,TRUE
07337007,2012,2,0,0,TRUE
07337007,2013,3,0,0,TRUE
07337007,2014,3,0,100,TRUE
07337008,2010,2,NA,0,TRUE
07337008,2011,2,0,0,TRUE
07337008,2012,2,0,0,TRUE
07337008,2013,3,0,0,TRUE
07337008,2014,3,0,100,TRUE
07337009,2010,2,NA,0,TRUE
07337009,2011,2,0,0,TRUE
07337009,2012,2,0,0,TRUE
07337009,2013,3,0,0,TRUE
07337009,2014,3,0,100,TRUE
07337011,2010,2,NA,0,TRUE
07337011,2011,2,0,0,TRUE
07337011,2012,2,0,0,TRUE
07337011,2013,3,0,0,TRUE
07337011,2014,3,0,100,TRUE
07337012,2010,2,NA,0,TRUE
07337012,2011,2,0,0,TRUE
07337012,2012,2,0,0,TRUE
07337012,2013,3,0,0,TRUE
07337012,2014,3,0,100,TRUE
07337013,2010,2,NA,0,TRUE
07337013,2011,2,0,0,TRUE
07337013,2012,2,0,0,TRUE
07337013,2013,3,0,0,TRUE
07337013,2014,3,0,99.09,TRUE
07337014,2010,2,NA,0,TRUE
07337014,2011,2,0,0,TRUE
07337014,2012,2,0,0,TRUE
07337014,2013,3,0,0,TRUE
07337014,2014,3,0,99.82,TRUE
07337015,2010,2,NA,0,TRUE
07337015,2011,2,0,0,TRUE
07337015,2012,2,0,0,TRUE
07337015,2013,3,0,0,TRUE
07337015,2014,3,0,99.74,TRUE
07337017,2010,2,NA,0,TRUE
07337017,2011,2,0,0,TRUE
07337017,2012,2,0,0,TRUE
07337017,2013,3,0,0,TRUE
07337017,2014,3,0,100,TRUE
07337018,2010,2,NA,0,TRUE
07337018,2011,2,0,0,TRUE
07337018,2012,2,0,0,TRUE
07337018,2013,3,0,0,TRUE
07337018,2014,3,0,100,TRUE
07337019,2010,2,NA,0,TRUE
07337019,2011,2,0,0,TRUE
07337019,2012,2,0,0,TRUE
07337019,2013,3,0,0,TRUE
07337019,2014,3,0,99.76,TRUE
07337020,2010,2,NA,0,TRUE
07337020,2011,2,0,0,TRUE
07337020,2012,2,0,0,TRUE
07337020,2013,3,0,0,TRUE
07337020,2014,3,0,99.9,TRUE
07337021,2010,2,NA,0,TRUE
07337021,2011,2,0,0,TRUE
07337021,2012,2,0,0,TRUE
07337021,2013,3,0,0,TRUE
07337021,2014,3,0,97.73,TRUE
07337022,2010,2,NA,0,TRUE
07337022,2011,2,0,0,TRUE
07337022,2012,2,0,0,TRUE
07337022,2013,3,0,0,TRUE
07337022,2014,3,0,100,TRUE
07337023,2010,2,NA,0,TRUE
07337023,2011,2,0,0,TRUE
07337023,2012,2,0,0,TRUE
07337023,2013,3,0,0,TRUE
07337023,2014,3,0,100,TRUE
07337024,2010,2,NA,0,TRUE
07337024,2011,2,0,0,TRUE
07337024,2012,2,0,0,TRUE
07337024,2013,3,0,0,TRUE
07337024,2014,3,0,98.54,TRUE
07337025,2010,2,NA,0,TRUE
07337025,2011,2,0,0,TRUE
07337025,2012,2,0,0,TRUE
07337025,2013,3,0,0,TRUE
07337025,2014,3,0,100,TRUE
07337026,2010,2,NA,0,TRUE
07337026,2011,2,0,0,TRUE
07337026,2012,2,0,0,TRUE
07337026,2013,3,0,0,TRUE
07337026,2014,3,0,100,TRUE
07337027,2010,2,NA,0,TRUE
07337027,2011,2,0,0,TRUE
07337027,2012,2,0,0,TRUE
07337027,2013,3,0,0,TRUE
07337027,2014,3,0,100,TRUE
07337028,2010,2,NA,0,TRUE
07337028,2011,2,0,0,TRUE
07337028,2012,2,0,0,TRUE
07337028,2013,3,0,0,TRUE
07337028,2014,3,0,99.62,TRUE
07337029,2010,2,NA,0,TRUE
07337029,2011,2,0,0,TRUE
07337029,2012,2,0,0,TRUE
07337029,2013,3,0,0,TRUE
07337029,2014,3,0,100,TRUE
07337031,2010,2,NA,0,TRUE
07337031,2011,2,0,0,TRUE
07337031,2012,2,0,0,TRUE
07337031,2013,3,0,0,TRUE
07337031,2014,3,0,100,TRUE
07337032,2010,2,NA,0,TRUE
07337032,2011,2,0,0,TRUE
07337032,2012,2,0,0,TRUE
07337032,2013,3,0,0,TRUE
07337032,2014,3,0,100,TRUE
07337033,2010,2,NA,0,TRUE
07337033,2011,2,0,0,TRUE
07337033,2012,2,0,0,TRUE
07337033,2013,3,0,0,TRUE
07337033,2014,3,0,100,TRUE
07337035,2010,2,NA,0,TRUE
07337035,2011,2,0,0,TRUE
07337035,2012,2,0,0,TRUE
07337035,2013,3,0,0,TRUE
07337035,2014,3,0,100,TRUE
07337036,2010,2,NA,0,TRUE
07337036,2011,2,0,0,TRUE
07337036,2012,2,0,0,TRUE
07337036,2013,3,0,0,TRUE
07337036,2014,3,0,93.45,TRUE
07337037,2010,2,NA,0,TRUE
07337037,2011,2,0,0,TRUE
07337037,2012,2,0,0,TRUE
07337037,2013,3,0,0,TRUE
07337037,2014,3,0,77,TRUE
07337038,2010,2,NA,0,TRUE
07337038,2011,2,0,0,TRUE
07337038,2012,2,0,0,TRUE
07337038,2013,3,0,0,TRUE
07337038,2014,3,0,100,TRUE
07337039,2010,2,NA,0,TRUE
07337039,2011,2,0,0,TRUE
07337039,2012,2,0,0,TRUE
07337039,2013,3,0,0,TRUE
07337039,2014,3,0,100,TRUE
07337040,2010,2,NA,0,TRUE
07337040,2011,2,0,0,TRUE
07337040,2012,2,0,0,TRUE
07337040,2013,3,0,0,TRUE
07337040,2014,3,0,100,TRUE
07337041,2010,2,NA,0,TRUE
07337041,2011,2,0,0,TRUE
07337041,2012,2,0,0,TRUE
07337041,2013,3,0,0,TRUE
07337041,2014,3,0,100,TRUE
07337042,2010,2,NA,0,TRUE
07337042,2011,2,0,0,TRUE
07337042,2012,2,0,0,TRUE
07337042,2013,3,0,0,TRUE
07337042,2014,3,0,100,TRUE
07337043,2010,2,NA,0,TRUE
07337043,2011,2,0,0,TRUE
07337043,2012,2,0,0,TRUE
07337043,2013,3,0,0,TRUE
07337043,2014,3,0,100,TRUE
07337044,2010,2,NA,0,TRUE
07337044,2011,2,0,0,TRUE
07337044,2012,2,0,0,TRUE
07337044,2013,3,0,0,TRUE
07337044,2014,3,0,100,TRUE
07337045,2010,2,NA,0,TRUE
07337045,2011,2,0,0,TRUE
07337045,2012,2,0,0,TRUE
07337045,2013,3,0,0,TRUE
07337045,2014,3,0,99.1,TRUE
07337046,2010,2,NA,0,TRUE
07337046,2011,2,0,0,TRUE
07337046,2012,2,0,0,TRUE
07337046,2013,3,0,0,TRUE
07337046,2014,3,0,100,TRUE
07337047,2010,2,NA,0,TRUE
07337047,2011,2,0,0,TRUE
07337047,2012,2,0,0,TRUE
07337047,2013,3,0,0,TRUE
07337047,2014,3,0,99.89,TRUE
07337048,2010,2,NA,0,TRUE
07337048,2011,2,0,0,TRUE
07337048,2012,2,0,0,TRUE
07337048,2013,3,0,0,TRUE
07337048,2014,3,0,100,TRUE
07337049,2010,2,NA,0,TRUE
07337049,2011,2,0,0,TRUE
07337049,2012,2,0,0,TRUE
07337049,2013,3,0,0,TRUE
07337049,2014,3,0,100,TRUE
07337050,2010,2,NA,0,TRUE
07337050,2011,2,0,0,TRUE
07337050,2012,2,0,0,TRUE
07337050,2013,3,0,0,TRUE
07337050,2014,3,0,100,TRUE
07337051,2010,2,NA,0,TRUE
07337051,2011,2,0,0,TRUE
07337051,2012,2,0,0,TRUE
07337051,2013,3,0,0,TRUE
07337051,2014,3,0,100,TRUE
07337052,2010,2,NA,0,TRUE
07337052,2011,2,0,0,TRUE
07337052,2012,2,0,0,TRUE
07337052,2013,3,0,0,TRUE
07337052,2014,3,0,100,TRUE
07337054,2010,2,NA,0,TRUE
07337054,2011,2,0,0,TRUE
07337054,2012,2,0,0,TRUE
07337054,2013,3,0,0,TRUE
07337054,2014,3,0,94.79,TRUE
07337055,2010,2,NA,0,TRUE
07337055,2011,2,0,0,TRUE
07337055,2012,2,0,0,TRUE
07337055,2013,3,0,0,TRUE
07337055,2014,3,0,100,TRUE
07337056,2010,2,NA,0,TRUE
07337056,2011,2,0,0,TRUE
07337056,2012,2,0,0,TRUE
07337056,2013,3,0,0,TRUE
07337056,2014,3,0,100,TRUE
07337058,2010,2,NA,0,TRUE
07337058,2011,2,0,0,TRUE
07337058,2012,2,0,0,TRUE
07337058,2013,3,0,0,TRUE
07337058,2014,3,0,100,TRUE
07337059,2010,2,NA,0,TRUE
07337059,2011,2,0,0,TRUE
07337059,2012,2,0,0,TRUE
07337059,2013,3,0,0,TRUE
07337059,2014,3,0,100,TRUE
07337060,2010,2,NA,0,TRUE
07337060,2011,2,0,0,TRUE
07337060,2012,2,0,0,TRUE
07337060,2013,3,0,0,TRUE
07337060,2014,3,0,100,TRUE
07337061,2010,2,NA,0,TRUE
07337061,2011,2,0,0,TRUE
07337061,2012,2,0,0,TRUE
07337061,2013,3,0,0,TRUE
07337061,2014,3,0,100,TRUE
07337062,2010,2,NA,0,TRUE
07337062,2011,2,0,0,TRUE
07337062,2012,2,0,0,TRUE
07337062,2013,3,0,0,TRUE
07337062,2014,3,0,100,TRUE
07337064,2010,2,NA,0,TRUE
07337064,2011,2,0,0,TRUE
07337064,2012,2,0,0,TRUE
07337064,2013,3,0,0,TRUE
07337064,2014,3,0,99.78,TRUE
07337065,2010,2,NA,0,TRUE
07337065,2011,2,0,0,TRUE
07337065,2012,2,0,0,TRUE
07337065,2013,3,0,0,TRUE
07337065,2014,3,0,100,TRUE
07337066,2010,2,NA,0,TRUE
07337066,2011,2,0,0,TRUE
07337066,2012,2,0,0,TRUE
07337066,2013,3,0,0,TRUE
07337066,2014,3,0,100,TRUE
07337067,2010,2,NA,0,TRUE
07337067,2011,2,0,0,TRUE
07337067,2012,2,0,0,TRUE
07337067,2013,3,0,0,TRUE
07337067,2014,3,0,98.25,TRUE
07337068,2010,2,NA,0,TRUE
07337068,2011,2,0,0,TRUE
07337068,2012,2,0,0,TRUE
07337068,2013,3,0,0,TRUE
07337068,2014,3,0,100,TRUE
07337069,2010,2,NA,0,TRUE
07337069,2011,2,0,0,TRUE
07337069,2012,2,0,0,TRUE
07337069,2013,3,0,0,TRUE
07337069,2014,3,0,84.62,TRUE
07337070,2010,2,NA,0,TRUE
07337070,2011,2,0,0,TRUE
07337070,2012,2,0,0,TRUE
07337070,2013,3,0,0,TRUE
07337070,2014,3,0,99.66,TRUE
07337071,2010,2,NA,0,TRUE
07337071,2011,2,0,0,TRUE
07337071,2012,2,0,0,TRUE
07337071,2013,3,0,0,TRUE
07337071,2014,3,0,100,TRUE
07337072,2010,2,NA,0,TRUE
07337072,2011,2,0,0,TRUE
07337072,2012,2,0,0,TRUE
07337072,2013,3,0,0,TRUE
07337072,2014,3,0,97.44,TRUE
07337073,2010,2,NA,0,TRUE
07337073,2011,2,0,0,TRUE
07337073,2012,2,0,0,TRUE
07337073,2013,3,0,0,TRUE
07337073,2014,3,0,100,TRUE
07337074,2010,2,NA,0,TRUE
07337074,2011,2,0,0,TRUE
07337074,2012,2,0,0,TRUE
07337074,2013,3,0,0,TRUE
07337074,2014,3,0,93.77,TRUE
07337076,2010,2,NA,0,TRUE
07337076,2011,2,0,0,TRUE
07337076,2012,2,0,0,TRUE
07337076,2013,3,0,0,TRUE
07337076,2014,3,0,100,TRUE
07337077,2010,2,NA,0,TRUE
07337077,2011,2,0,0,TRUE
07337077,2012,2,0,0,TRUE
07337077,2013,3,0,0,TRUE
07337077,2014,3,0,100,TRUE
07337078,2010,2,NA,0,TRUE
07337078,2011,2,0,0,TRUE
07337078,2012,2,0,0,TRUE
07337078,2013,3,0,0,TRUE
07337078,2014,3,0,100,TRUE
07337079,2010,2,NA,0,TRUE
07337079,2011,2,0,0,TRUE
07337079,2012,2,0,0,TRUE
07337079,2013,3,0,0,TRUE
07337079,2014,3,0,99.63,TRUE
07337080,2010,2,NA,0,TRUE
07337080,2011,2,0,0,TRUE
07337080,2012,2,0,0,TRUE
07337080,2013,3,0,0,TRUE
07337080,2014,3,0,100,TRUE
07337081,2010,2,NA,0,TRUE
07337081,2011,2,0,0,TRUE
07337081,2012,2,0,0,TRUE
07337081,2013,3,0,0,TRUE
07337081,2014,3,0,100,TRUE
07337082,2010,2,NA,0,TRUE
07337082,2011,2,0,0,TRUE
07337082,2012,2,0,0,TRUE
07337082,2013,3,0,0,TRUE
07337082,2014,3,0,100,TRUE
07337083,2010,2,NA,0,TRUE
07337083,2011,2,0,0,TRUE
07337083,2012,2,0,0,TRUE
07337083,2013,3,0,0,TRUE
07337083,2014,3,0,100,TRUE
07337084,2010,2,NA,0,TRUE
07337084,2011,2,0,0,TRUE
07337084,2012,2,0,0,TRUE
07337084,2013,3,0,0,TRUE
07337084,2014,3,0,99.56,TRUE
07337501,2010,2,NA,0,TRUE
07337501,2011,2,0,0,TRUE
07337501,2012,2,0,0,TRUE
07337501,2013,3,0,0,TRUE
07337501,2014,3,0,93.37,TRUE
07338001,2010,2,NA,0,TRUE
07338001,2011,2,0,0,TRUE
07338001,2012,2,0,0,TRUE
07338001,2013,3,0,0,TRUE
07338001,2014,3,0,99.83,TRUE
07338002,2010,2,NA,0,TRUE
07338002,2011,2,0,0,TRUE
07338002,2012,2,0,0,TRUE
07338002,2013,3,0,0,TRUE
07338002,2014,3,0,100,TRUE
07338003,2010,2,NA,0,TRUE
07338003,2011,2,0,0,TRUE
07338003,2012,2,0,0,TRUE
07338003,2013,3,0,0,TRUE
07338003,2014,3,0,100,TRUE
07338004,2010,2,NA,0,TRUE
07338004,2011,2,0,0,TRUE
07338004,2012,2,0,0,TRUE
07338004,2013,3,0,0,TRUE
07338004,2014,3,0,100,TRUE
07338005,2010,2,NA,0,TRUE
07338005,2011,2,0,0,TRUE
07338005,2012,2,0,0,TRUE
07338005,2013,3,0,0,TRUE
07338005,2014,3,0,97.04,TRUE
07338006,2010,2,NA,0,TRUE
07338006,2011,2,0,0,TRUE
07338006,2012,2,0,0,TRUE
07338006,2013,3,0,0,TRUE
07338006,2014,3,0,100,TRUE
07338007,2010,2,NA,0,TRUE
07338007,2011,2,0,0,TRUE
07338007,2012,2,0,0,TRUE
07338007,2013,3,0,0,TRUE
07338007,2014,3,0,100,TRUE
07338008,2010,2,NA,0,TRUE
07338008,2011,2,0,0,TRUE
07338008,2012,2,0,0,TRUE
07338008,2013,3,0,0,TRUE
07338008,2014,3,0,100,TRUE
07338009,2010,2,NA,0,TRUE
07338009,2011,2,0,0,TRUE
07338009,2012,2,0,0,TRUE
07338009,2013,3,0,0,TRUE
07338009,2014,3,0,100,TRUE
07338010,2010,2,NA,0,TRUE
07338010,2011,2,0,0,TRUE
07338010,2012,2,0,0,TRUE
07338010,2013,3,0,0,TRUE
07338010,2014,3,0,100,TRUE
07338011,2010,2,NA,0,TRUE
07338011,2011,2,0,0,TRUE
07338011,2012,2,0,0,TRUE
07338011,2013,3,0,0,TRUE
07338011,2014,3,0,100,TRUE
07338012,2010,2,NA,0,TRUE
07338012,2011,2,0,0,TRUE
07338012,2012,2,0,0,TRUE
07338012,2013,3,0,0,TRUE
07338012,2014,3,0,100,TRUE
07338013,2010,2,NA,0,TRUE
07338013,2011,2,0,0,TRUE
07338013,2012,2,0,0,TRUE
07338013,2013,3,0,0,TRUE
07338013,2014,3,0,100,TRUE
07338014,2010,2,NA,0,TRUE
07338014,2011,2,0,0,TRUE
07338014,2012,2,0,0,TRUE
07338014,2013,3,0,0,TRUE
07338014,2014,3,0,100,TRUE
07338015,2010,2,NA,0,TRUE
07338015,2011,2,0,0,TRUE
07338015,2012,2,0,0,TRUE
07338015,2013,3,0,0,TRUE
07338015,2014,3,0,100,TRUE
07338016,2010,2,NA,0,TRUE
07338016,2011,2,0,0,TRUE
07338016,2012,2,0,0,TRUE
07338016,2013,3,0,0,TRUE
07338016,2014,3,0,100,TRUE
07338017,2010,2,NA,0,TRUE
07338017,2011,2,0,0,TRUE
07338017,2012,2,0,0,TRUE
07338017,2013,3,0,0,TRUE
07338017,2014,3,0,100,TRUE
07338018,2010,2,NA,0,TRUE
07338018,2011,2,0,0,TRUE
07338018,2012,2,0,0,TRUE
07338018,2013,3,0,0,TRUE
07338018,2014,3,0,100,TRUE
07338019,2010,2,NA,0,TRUE
07338019,2011,2,0,0,TRUE
07338019,2012,2,0,0,TRUE
07338019,2013,3,0,0,TRUE
07338019,2014,3,0,100,TRUE
07338020,2010,2,NA,0,TRUE
07338020,2011,2,0,0,TRUE
07338020,2012,2,0,0,TRUE
07338020,2013,3,0,0,TRUE
07338020,2014,3,0,100,TRUE
07338021,2010,2,NA,0,TRUE
07338021,2011,2,0,0,TRUE
07338021,2012,2,0,0,TRUE
07338021,2013,3,0,0,TRUE
07338021,2014,3,0,100,TRUE
07338022,2010,2,NA,0,TRUE
07338022,2011,2,0,0,TRUE
07338022,2012,2,0,0,TRUE
07338022,2013,3,0,0,TRUE
07338022,2014,3,0,100,TRUE
07338023,2010,2,NA,0,TRUE
07338023,2011,2,0,0,TRUE
07338023,2012,2,0,0,TRUE
07338023,2013,3,0,0,TRUE
07338023,2014,3,0,99.85,TRUE
07338025,2010,2,NA,0,TRUE
07338025,2011,2,0,0,TRUE
07338025,2012,2,0,0,TRUE
07338025,2013,3,0,0,TRUE
07338025,2014,3,0,99.97,TRUE
07338026,2010,2,NA,0,TRUE
07338026,2011,2,0,0,TRUE
07338026,2012,2,0,0,TRUE
07338026,2013,3,0,0,TRUE
07338026,2014,3,0,97.93,TRUE
07339001,2010,2,NA,0,TRUE
07339001,2011,2,0,0,TRUE
07339001,2012,2,0,0,TRUE
07339001,2013,3,0,0,TRUE
07339001,2014,3,0,100,TRUE
07339002,2010,2,NA,0,TRUE
07339002,2011,2,0,0,TRUE
07339002,2012,2,0,0,TRUE
07339002,2013,3,0,0,TRUE
07339002,2014,3,0,100,TRUE
07339003,2010,2,NA,0,TRUE
07339003,2011,2,0,0,TRUE
07339003,2012,2,0,0,TRUE
07339003,2013,3,0,0,TRUE
07339003,2014,3,0,99.62,TRUE
07339004,2010,2,NA,0,TRUE
07339004,2011,2,0,0,TRUE
07339004,2012,2,0,0,TRUE
07339004,2013,3,0,0,TRUE
07339004,2014,3,0,100,TRUE
07339005,2010,2,NA,0,TRUE
07339005,2011,2,0,0,TRUE
07339005,2012,2,0,0,TRUE
07339005,2013,3,0,0,TRUE
07339005,2014,3,0,100,TRUE
07339006,2010,2,NA,0,TRUE
07339006,2011,2,0,0,TRUE
07339006,2012,2,0,0,TRUE
07339006,2013,3,0,0,TRUE
07339006,2014,3,0,100,TRUE
07339007,2010,2,NA,0,TRUE
07339007,2011,2,0,0,TRUE
07339007,2012,2,0,0,TRUE
07339007,2013,3,0,0,TRUE
07339007,2014,3,0,7.46,TRUE
07339008,2010,2,NA,0,TRUE
07339008,2011,2,0,0,TRUE
07339008,2012,2,0,0,TRUE
07339008,2013,3,0,0,TRUE
07339008,2014,3,0,100,TRUE
07339009,2010,2,NA,0,TRUE
07339009,2011,2,0,0,TRUE
07339009,2012,2,0,0,TRUE
07339009,2013,3,0,0,TRUE
07339009,2014,3,0,100,TRUE
07339010,2010,2,NA,0,TRUE
07339010,2011,2,0,0,TRUE
07339010,2012,2,0,0,TRUE
07339010,2013,3,0,0,TRUE
07339010,2014,3,0,100,TRUE
07339011,2010,2,NA,0,TRUE
07339011,2011,2,0,0,TRUE
07339011,2012,2,0,0,TRUE
07339011,2013,3,0,0,TRUE
07339011,2014,3,0,100,TRUE
07339012,2010,2,NA,0,TRUE
07339012,2011,2,0,0,TRUE
07339012,2012,2,0,0,TRUE
07339012,2013,3,0,0,TRUE
07339012,2014,3,0,100,TRUE
07339013,2010,2,NA,0,TRUE
07339013,2011,2,0,0,TRUE
07339013,2012,2,0,0,TRUE
07339013,2013,3,0,0,TRUE
07339013,2014,3,0,100,TRUE
07339015,2010,2,NA,0,TRUE
07339015,2011,2,0,0,TRUE
07339015,2012,2,0,0,TRUE
07339015,2013,3,0,0,TRUE
07339015,2014,3,0,100,TRUE
07339016,2010,2,NA,0,TRUE
07339016,2011,2,0,0,TRUE
07339016,2012,2,0,0,TRUE
07339016,2013,3,0,0,TRUE
07339016,2014,3,0,100,TRUE
07339017,2010,2,NA,0,TRUE
07339017,2011,2,0,0,TRUE
07339017,2012,2,0,0,TRUE
07339017,2013,3,0,0,TRUE
07339017,2014,3,0,100,TRUE
07339018,2010,2,NA,0,TRUE
07339018,2011,2,0,0,TRUE
07339018,2012,2,0,0,TRUE
07339018,2013,3,0,0,TRUE
07339018,2014,3,0,100,TRUE
07339019,2010,2,NA,0,TRUE
07339019,2011,2,0,0,TRUE
07339019,2012,2,0,0,TRUE
07339019,2013,3,0,0,TRUE
07339019,2014,3,0,99.82,TRUE
07339020,2010,2,NA,0,TRUE
07339020,2011,2,0,0,TRUE
07339020,2012,2,0,0,TRUE
07339020,2013,3,0,0,TRUE
07339020,2014,3,0,100,TRUE
07339021,2010,2,NA,0,TRUE
07339021,2011,2,0,0,TRUE
07339021,2012,2,0,0,TRUE
07339021,2013,3,0,0,TRUE
07339021,2014,3,0,100,TRUE
07339022,2010,2,NA,0,TRUE
07339022,2011,2,0,0,TRUE
07339022,2012,2,0,0,TRUE
07339022,2013,3,0,0,TRUE
07339022,2014,3,0,100,TRUE
07339024,2010,2,NA,0,TRUE
07339024,2011,2,0,0,TRUE
07339024,2012,2,0,0,TRUE
07339024,2013,3,0,0,TRUE
07339024,2014,3,0,100,TRUE
07339025,2010,2,NA,0,TRUE
07339025,2011,2,0,0,TRUE
07339025,2012,2,0,0,TRUE
07339025,2013,3,0,0,TRUE
07339025,2014,3,0,100,TRUE
07339026,2010,2,NA,0,TRUE
07339026,2011,2,0,0,TRUE
07339026,2012,2,0,0,TRUE
07339026,2013,3,0,0,TRUE
07339026,2014,3,0,100,TRUE
07339027,2010,2,NA,0,TRUE
07339027,2011,2,0,0,TRUE
07339027,2012,2,0,0,TRUE
07339027,2013,3,0,0,TRUE
07339027,2014,3,0,100,TRUE
07339028,2010,2,NA,0,TRUE
07339028,2011,2,0,0,TRUE
07339028,2012,2,0,0,TRUE
07339028,2013,3,0,0,TRUE
07339028,2014,3,0,100,TRUE
07339029,2010,2,NA,0,TRUE
07339029,2011,2,0,0,TRUE
07339029,2012,2,0,0,TRUE
07339029,2013,3,0,0,TRUE
07339029,2014,3,0,89.66,TRUE
07339030,2010,2,NA,0,TRUE
07339030,2011,2,0,0,TRUE
07339030,2012,2,0,0,TRUE
07339030,2013,3,0,0,TRUE
07339030,2014,3,0,100,TRUE
07339031,2010,2,NA,0,TRUE
07339031,2011,2,0,0,TRUE
07339031,2012,2,0,0,TRUE
07339031,2013,3,0,0,TRUE
07339031,2014,3,0,100,TRUE
07339032,2010,2,NA,0,TRUE
07339032,2011,2,0,0,TRUE
07339032,2012,2,0,0,TRUE
07339032,2013,3,0,0,TRUE
07339032,2014,3,0,100,TRUE
07339033,2010,2,NA,0,TRUE
07339033,2011,2,0,0,TRUE
07339033,2012,2,0,0,TRUE
07339033,2013,3,0,0,TRUE
07339033,2014,3,0,100,TRUE
07339034,2010,2,NA,0,TRUE
07339034,2011,2,0,0,TRUE
07339034,2012,2,0,0,TRUE
07339034,2013,3,0,0,TRUE
07339034,2014,3,0,100,TRUE
07339035,2010,2,NA,0,TRUE
07339035,2011,2,0,0,TRUE
07339035,2012,2,0,0,TRUE
07339035,2013,3,0,0,TRUE
07339035,2014,3,0,100,TRUE
07339036,2010,2,NA,0,TRUE
07339036,2011,2,0,0,TRUE
07339036,2012,2,0,0,TRUE
07339036,2013,3,0,0,TRUE
07339036,2014,3,0,94.3,TRUE
07339037,2010,2,NA,0,TRUE
07339037,2011,2,0,0,TRUE
07339037,2012,2,0,0,TRUE
07339037,2013,3,0,0,TRUE
07339037,2014,3,0,100,TRUE
07339038,2010,2,NA,0,TRUE
07339038,2011,2,0,0,TRUE
07339038,2012,2,0,0,TRUE
07339038,2013,3,0,0,TRUE
07339038,2014,3,0,100,TRUE
07339039,2010,2,NA,0,TRUE
07339039,2011,2,0,0,TRUE
07339039,2012,2,0,0,TRUE
07339039,2013,3,0,0,TRUE
07339039,2014,3,0,100,TRUE
07339040,2010,2,NA,0,TRUE
07339040,2011,2,0,0,TRUE
07339040,2012,2,0,0,TRUE
07339040,2013,3,0,0,TRUE
07339040,2014,3,0,100,TRUE
07339041,2010,2,NA,0,TRUE
07339041,2011,2,0,0,TRUE
07339041,2012,2,0,0,TRUE
07339041,2013,3,0,0,TRUE
07339041,2014,3,0,100,TRUE
07339042,2010,2,NA,0,TRUE
07339042,2011,2,0,0,TRUE
07339042,2012,2,0,0,TRUE
07339042,2013,3,0,0,TRUE
07339042,2014,3,0,100,TRUE
07339043,2010,2,NA,0,TRUE
07339043,2011,2,0,0,TRUE
07339043,2012,2,0,0,TRUE
07339043,2013,3,0,0,TRUE
07339043,2014,3,0,100,TRUE
07339044,2010,2,NA,0,TRUE
07339044,2011,2,0,0,TRUE
07339044,2012,2,0,0,TRUE
07339044,2013,3,0,0,TRUE
07339044,2014,3,0,100,TRUE
07339045,2010,2,NA,0,TRUE
07339045,2011,2,0,0,TRUE
07339045,2012,2,0,0,TRUE
07339045,2013,3,0,0,TRUE
07339045,2014,3,0,100,TRUE
07339046,2010,2,NA,0,TRUE
07339046,2011,2,0,0,TRUE
07339046,2012,2,0,0,TRUE
07339046,2013,3,0,0,TRUE
07339046,2014,3,0,100,TRUE
07339047,2010,2,NA,0,TRUE
07339047,2011,2,0,0,TRUE
07339047,2012,2,0,0,TRUE
07339047,2013,3,0,0,TRUE
07339047,2014,3,0,100,TRUE
07339048,2010,2,NA,0,TRUE
07339048,2011,2,0,0,TRUE
07339048,2012,2,0,0,TRUE
07339048,2013,3,0,0,TRUE
07339048,2014,3,0,97.6,TRUE
07339049,2010,2,NA,0,TRUE
07339049,2011,2,0,0,TRUE
07339049,2012,2,0,0,TRUE
07339049,2013,3,0,0,TRUE
07339049,2014,3,0,100,TRUE
07339050,2010,2,NA,0,TRUE
07339050,2011,2,0,0,TRUE
07339050,2012,2,0,0,TRUE
07339050,2013,3,0,0,TRUE
07339050,2014,3,0,100,TRUE
07339051,2010,2,NA,0,TRUE
07339051,2011,2,0,0,TRUE
07339051,2012,2,0,0,TRUE
07339051,2013,3,0,0,TRUE
07339051,2014,3,0,100,TRUE
07339053,2010,2,NA,0,TRUE
07339053,2011,2,0,0,TRUE
07339053,2012,2,0,0,TRUE
07339053,2013,3,0,0,TRUE
07339053,2014,3,0,100,TRUE
07339054,2010,2,NA,0,TRUE
07339054,2011,2,0,0,TRUE
07339054,2012,2,0,0,TRUE
07339054,2013,3,0,0,TRUE
07339054,2014,3,0,100,TRUE
07339056,2010,2,NA,0,TRUE
07339056,2011,2,0,0,TRUE
07339056,2012,2,0,0,TRUE
07339056,2013,3,0,0,TRUE
07339056,2014,3,0,100,TRUE
07339057,2010,2,NA,0,TRUE
07339057,2011,2,0,0,TRUE
07339057,2012,2,0,0,TRUE
07339057,2013,3,0,0,TRUE
07339057,2014,3,0,100,TRUE
07339058,2010,2,NA,0,TRUE
07339058,2011,2,0,0,TRUE
07339058,2012,2,0,0,TRUE
07339058,2013,3,0,0,TRUE
07339058,2014,3,0,99.56,TRUE
07339059,2010,2,NA,0,TRUE
07339059,2011,2,0,0,TRUE
07339059,2012,2,0,0,TRUE
07339059,2013,3,0,0,TRUE
07339059,2014,3,0,100,TRUE
07339060,2010,2,NA,0,TRUE
07339060,2011,2,0,0,TRUE
07339060,2012,2,0,0,TRUE
07339060,2013,3,0,0,TRUE
07339060,2014,3,0,100,TRUE
07339061,2010,2,NA,0,TRUE
07339061,2011,2,0,0,TRUE
07339061,2012,2,0,0,TRUE
07339061,2013,3,0,0,TRUE
07339061,2014,3,0,100,TRUE
07339062,2010,2,NA,0,TRUE
07339062,2011,2,0,0,TRUE
07339062,2012,2,0,0,TRUE
07339062,2013,3,0,0,TRUE
07339062,2014,3,0,99.48,TRUE
07339063,2010,2,NA,0,TRUE
07339063,2011,2,0,0,TRUE
07339063,2012,2,0,0,TRUE
07339063,2013,3,0,0,TRUE
07339063,2014,3,0,100,TRUE
07339064,2010,2,NA,0,TRUE
07339064,2011,2,0,0,TRUE
07339064,2012,2,0,0,TRUE
07339064,2013,3,0,0,TRUE
07339064,2014,3,0,100,TRUE
07339065,2010,2,NA,0,TRUE
07339065,2011,2,0,0,TRUE
07339065,2012,2,0,0,TRUE
07339065,2013,3,0,0,TRUE
07339065,2014,3,0,100,TRUE
07339066,2010,2,NA,0,TRUE
07339066,2011,2,0,0,TRUE
07339066,2012,2,0,0,TRUE
07339066,2013,3,0,0,TRUE
07339066,2014,3,0,100,TRUE
07339067,2010,2,NA,0,TRUE
07339067,2011,2,0,0,TRUE
07339067,2012,2,0,0,TRUE
07339067,2013,3,0,0,TRUE
07339067,2014,3,0,100,TRUE
07339068,2010,2,NA,0,TRUE
07339068,2011,2,0,0,TRUE
07339068,2012,2,0,0,TRUE
07339068,2013,3,0,0,TRUE
07339068,2014,3,0,100,TRUE
07339201,2010,2,NA,0,TRUE
07339201,2011,2,0,0,TRUE
07339201,2012,2,0,0,TRUE
07339201,2013,3,0,0,TRUE
07339201,2014,3,0,100,TRUE
07339202,2010,2,NA,0,TRUE
07339202,2011,2,0,0,TRUE
07339202,2012,2,0,0,TRUE
07339202,2013,3,0,0,TRUE
07339202,2014,3,0,100,TRUE
07340001,2010,2,NA,0,TRUE
07340001,2011,2,0,0,TRUE
07340001,2012,2,0,0,TRUE
07340001,2013,3,0,0,TRUE
07340001,2014,3,0,100,TRUE
07340002,2010,2,NA,0,TRUE
07340002,2011,2,0,0,TRUE
07340002,2012,2,0,0,TRUE
07340002,2013,3,0,0,TRUE
07340002,2014,3,0,99.83,TRUE
07340003,2010,2,NA,0,TRUE
07340003,2011,2,0,0,TRUE
07340003,2012,2,0,0,TRUE
07340003,2013,3,0,0,TRUE
07340003,2014,3,0,100,TRUE
07340004,2010,2,NA,0,TRUE
07340004,2011,2,0,0,TRUE
07340004,2012,2,0,0,TRUE
07340004,2013,3,0,0,TRUE
07340004,2014,3,0,99.81,TRUE
07340005,2010,2,NA,0,TRUE
07340005,2011,2,0,0,TRUE
07340005,2012,2,0,0,TRUE
07340005,2013,3,0,0,TRUE
07340005,2014,3,0,78.13,TRUE
07340006,2010,2,NA,0,TRUE
07340006,2011,2,0,0,TRUE
07340006,2012,2,0,0,TRUE
07340006,2013,3,0,0,TRUE
07340006,2014,3,0,75.32,TRUE
07340007,2010,2,NA,0,TRUE
07340007,2011,2,0,0,TRUE
07340007,2012,2,0,0,TRUE
07340007,2013,3,0,0,TRUE
07340007,2014,3,0,100,TRUE
07340008,2010,2,NA,0,TRUE
07340008,2011,2,0,0,TRUE
07340008,2012,2,0,0,TRUE
07340008,2013,3,0,0,TRUE
07340008,2014,3,0,100,TRUE
07340009,2010,2,NA,0,TRUE
07340009,2011,2,0,0,TRUE
07340009,2012,2,0,0,TRUE
07340009,2013,3,0,0,TRUE
07340009,2014,3,0,100,TRUE
07340010,2010,2,NA,0,TRUE
07340010,2011,2,0,0,TRUE
07340010,2012,2,0,0,TRUE
07340010,2013,3,0,0,TRUE
07340010,2014,3,0,83.33,TRUE
07340011,2010,2,NA,0,TRUE
07340011,2011,2,0,0,TRUE
07340011,2012,2,0,0,TRUE
07340011,2013,3,0,0,TRUE
07340011,2014,3,0,99.42,TRUE
07340012,2010,2,NA,0,TRUE
07340012,2011,2,0,0,TRUE
07340012,2012,2,0,0,TRUE
07340012,2013,3,0,0,TRUE
07340012,2014,3,0,99.73,TRUE
07340014,2010,2,NA,0,TRUE
07340014,2011,2,0,0,TRUE
07340014,2012,2,0,0,TRUE
07340014,2013,3,0,0,TRUE
07340014,2014,3,0,100,TRUE
07340015,2010,2,NA,0,TRUE
07340015,2011,2,0,0,TRUE
07340015,2012,2,0,0,TRUE
07340015,2013,3,0,0,TRUE
07340015,2014,3,0,100,TRUE
07340016,2010,2,NA,0,TRUE
07340016,2011,2,0,0,TRUE
07340016,2012,2,0,0,TRUE
07340016,2013,3,0,0,TRUE
07340016,2014,3,0,100,TRUE
07340017,2010,2,NA,0,TRUE
07340017,2011,2,0,0,TRUE
07340017,2012,2,0,0,TRUE
07340017,2013,3,0,0,TRUE
07340017,2014,3,0,100,TRUE
07340018,2010,2,NA,0,TRUE
07340018,2011,2,0,0,TRUE
07340018,2012,2,0,0,TRUE
07340018,2013,3,0,0,TRUE
07340018,2014,3,0,100,TRUE
07340019,2010,2,NA,0,TRUE
07340019,2011,2,0,0,TRUE
07340019,2012,2,0,0,TRUE
07340019,2013,3,0,0,TRUE
07340019,2014,3,0,100,TRUE
07340020,2010,2,NA,0,TRUE
07340020,2011,2,0,0,TRUE
07340020,2012,2,0,0,TRUE
07340020,2013,3,0,0,TRUE
07340020,2014,3,0,99.86,TRUE
07340021,2010,2,NA,0,TRUE
07340021,2011,2,0,0,TRUE
07340021,2012,2,0,0,TRUE
07340021,2013,3,0,0,TRUE
07340021,2014,3,0,100,TRUE
07340022,2010,2,NA,0,TRUE
07340022,2011,2,0,0,TRUE
07340022,2012,2,0,0,TRUE
07340022,2013,3,0,0,TRUE
07340022,2014,3,0,100,TRUE
07340023,2010,2,NA,0,TRUE
07340023,2011,2,0,0,TRUE
07340023,2012,2,0,0,TRUE
07340023,2013,3,0,0,TRUE
07340023,2014,3,0,100,TRUE
07340024,2010,2,NA,0,TRUE
07340024,2011,2,0,0,TRUE
07340024,2012,2,0,0,TRUE
07340024,2013,3,0,0,TRUE
07340024,2014,3,0,100,TRUE
07340025,2010,2,NA,0,TRUE
07340025,2011,2,0,0,TRUE
07340025,2012,2,0,0,TRUE
07340025,2013,3,0,0,TRUE
07340025,2014,3,0,100,TRUE
07340026,2010,2,NA,0,TRUE
07340026,2011,2,0,0,TRUE
07340026,2012,2,0,0,TRUE
07340026,2013,3,0,0,TRUE
07340026,2014,3,0,100,TRUE
07340027,2010,2,NA,0,TRUE
07340027,2011,2,0,0,TRUE
07340027,2012,2,0,0,TRUE
07340027,2013,3,0,0,TRUE
07340027,2014,3,0,100,TRUE
07340028,2010,2,NA,0,TRUE
07340028,2011,2,0,0,TRUE
07340028,2012,2,0,0,TRUE
07340028,2013,3,0,0,TRUE
07340028,2014,3,0,99.83,TRUE
07340029,2010,2,NA,0,TRUE
07340029,2011,2,0,0,TRUE
07340029,2012,2,0,0,TRUE
07340029,2013,3,0,0,TRUE
07340029,2014,3,0,99.48,TRUE
07340030,2010,2,NA,0,TRUE
07340030,2011,2,0,0,TRUE
07340030,2012,2,0,0,TRUE
07340030,2013,3,0,0,TRUE
07340030,2014,3,0,85.82,TRUE
07340031,2010,2,NA,0,TRUE
07340031,2011,2,0,0,TRUE
07340031,2012,2,0,0,TRUE
07340031,2013,3,0,0,TRUE
07340031,2014,3,0,100,TRUE
07340032,2010,2,NA,0,TRUE
07340032,2011,2,0,0,TRUE
07340032,2012,2,0,0,TRUE
07340032,2013,3,0,0,TRUE
07340032,2014,3,0,100,TRUE
07340033,2010,2,NA,0,TRUE
07340033,2011,2,0,0,TRUE
07340033,2012,2,0,0,TRUE
07340033,2013,3,0,0,TRUE
07340033,2014,3,0,100,TRUE
07340034,2010,2,NA,0,TRUE
07340034,2011,2,0,0,TRUE
07340034,2012,2,0,0,TRUE
07340034,2013,3,0,0,TRUE
07340034,2014,3,0,86.42,TRUE
07340035,2010,2,NA,0,TRUE
07340035,2011,2,0,0,TRUE
07340035,2012,2,0,0,TRUE
07340035,2013,3,0,0,TRUE
07340035,2014,3,0,100,TRUE
07340036,2010,2,NA,0,TRUE
07340036,2011,2,0,0,TRUE
07340036,2012,2,0,0,TRUE
07340036,2013,3,0,0,TRUE
07340036,2014,3,0,100,TRUE
07340037,2010,2,NA,0,TRUE
07340037,2011,2,0,0,TRUE
07340037,2012,2,0,0,TRUE
07340037,2013,3,0,0,TRUE
07340037,2014,3,0,100,TRUE
07340038,2010,2,NA,0,TRUE
07340038,2011,2,0,0,TRUE
07340038,2012,2,0,0,TRUE
07340038,2013,3,0,0,TRUE
07340038,2014,3,0,100,TRUE
07340039,2010,2,NA,0,TRUE
07340039,2011,2,0,0,TRUE
07340039,2012,2,0,0,TRUE
07340039,2013,3,0,0,TRUE
07340039,2014,3,0,100,TRUE
07340040,2010,2,NA,0,TRUE
07340040,2011,2,0,0,TRUE
07340040,2012,2,0,0,TRUE
07340040,2013,3,0,0,TRUE
07340040,2014,3,0,100,TRUE
07340041,2010,2,NA,0,TRUE
07340041,2011,2,0,0,TRUE
07340041,2012,2,0,0,TRUE
07340041,2013,3,0,0,TRUE
07340041,2014,3,0,100,TRUE
07340042,2010,2,NA,0,TRUE
07340042,2011,2,0,0,TRUE
07340042,2012,2,0,0,TRUE
07340042,2013,3,0,0,TRUE
07340042,2014,3,0,100,TRUE
07340043,2010,2,NA,0,TRUE
07340043,2011,2,0,0,TRUE
07340043,2012,2,0,0,TRUE
07340043,2013,3,0,0,TRUE
07340043,2014,3,0,100,TRUE
07340044,2010,2,NA,0,TRUE
07340044,2011,2,0,0,TRUE
07340044,2012,2,0,0,TRUE
07340044,2013,3,0,0,TRUE
07340044,2014,3,0,100,TRUE
07340045,2010,2,NA,0,TRUE
07340045,2011,2,0,0,TRUE
07340045,2012,2,0,0,TRUE
07340045,2013,3,0,0,TRUE
07340045,2014,3,0,99.51,TRUE
07340047,2010,2,NA,0,TRUE
07340047,2011,2,0,0,TRUE
07340047,2012,2,0,0,TRUE
07340047,2013,3,0,0,TRUE
07340047,2014,3,0,83.2,TRUE
07340048,2010,2,NA,0,TRUE
07340048,2011,2,0,0,TRUE
07340048,2012,2,0,0,TRUE
07340048,2013,3,0,0,TRUE
07340048,2014,3,0,100,TRUE
07340049,2010,2,NA,0,TRUE
07340049,2011,2,0,0,TRUE
07340049,2012,2,0,0,TRUE
07340049,2013,3,0,0,TRUE
07340049,2014,3,0,94.74,TRUE
07340050,2010,2,NA,0,TRUE
07340050,2011,2,0,0,TRUE
07340050,2012,2,0,0,TRUE
07340050,2013,3,0,0,TRUE
07340050,2014,3,0,100,TRUE
07340051,2010,2,NA,0,TRUE
07340051,2011,2,0,0,TRUE
07340051,2012,2,0,0,TRUE
07340051,2013,3,0,0,TRUE
07340051,2014,3,0,100,TRUE
07340052,2010,2,NA,0,TRUE
07340052,2011,2,0,0,TRUE
07340052,2012,2,0,0,TRUE
07340052,2013,3,0,0,TRUE
07340052,2014,3,0,100,TRUE
07340053,2010,2,NA,0,TRUE
07340053,2011,2,0,0,TRUE
07340053,2012,2,0,0,TRUE
07340053,2013,3,0,0,TRUE
07340053,2014,3,0,100,TRUE
07340054,2010,2,NA,0,TRUE
07340054,2011,2,0,0,TRUE
07340054,2012,2,0,0,TRUE
07340054,2013,3,0,0,TRUE
07340054,2014,3,0,100,TRUE
07340055,2010,2,NA,0,TRUE
07340055,2011,2,0,0,TRUE
07340055,2012,2,0,0,TRUE
07340055,2013,3,0,0,TRUE
07340055,2014,3,0,100,TRUE
07340057,2010,2,NA,0,TRUE
07340057,2011,2,0,0,TRUE
07340057,2012,2,0,0,TRUE
07340057,2013,3,0,0,TRUE
07340057,2014,3,0,84.58,TRUE
07340201,2010,2,NA,0,TRUE
07340201,2011,2,0,0,TRUE
07340201,2012,2,0,0,TRUE
07340201,2013,3,0,0,TRUE
07340201,2014,3,0,100,TRUE
07340202,2010,2,NA,0,TRUE
07340202,2011,2,0,0,TRUE
07340202,2012,2,0,0,TRUE
07340202,2013,3,0,0,TRUE
07340202,2014,3,0,100,TRUE
07340203,2010,2,NA,0,TRUE
07340203,2011,2,0,0,TRUE
07340203,2012,2,0,0,TRUE
07340203,2013,3,0,0,TRUE
07340203,2014,3,0,100,TRUE
07340204,2010,2,NA,0,TRUE
07340204,2011,2,0,0,TRUE
07340204,2012,2,0,0,TRUE
07340204,2013,3,0,0,TRUE
07340204,2014,3,0,100,TRUE
07340205,2010,2,NA,0,TRUE
07340205,2011,2,0,0,TRUE
07340205,2012,2,0,0,TRUE
07340205,2013,3,0,0,TRUE
07340205,2014,3,0,100,TRUE
07340206,2010,2,NA,0,TRUE
07340206,2011,2,0,0,TRUE
07340206,2012,2,0,0,TRUE
07340206,2013,3,0,0,TRUE
07340206,2014,3,0,100,TRUE
07340207,2010,2,NA,0,TRUE
07340207,2011,2,0,0,TRUE
07340207,2012,2,0,0,TRUE
07340207,2013,3,0,0,TRUE
07340207,2014,3,0,100,TRUE
07340208,2010,2,NA,0,TRUE
07340208,2011,2,0,0,TRUE
07340208,2012,2,0,0,TRUE
07340208,2013,3,0,0,TRUE
07340208,2014,3,0,100,TRUE
07340209,2010,2,NA,0,TRUE
07340209,2011,2,0,0,TRUE
07340209,2012,2,0,0,TRUE
07340209,2013,3,0,0,TRUE
07340209,2014,3,0,100,TRUE
07340210,2010,2,NA,0,TRUE
07340210,2011,2,0,0,TRUE
07340210,2012,2,0,0,TRUE
07340210,2013,3,0,0,TRUE
07340210,2014,3,0,100,TRUE
07340211,2010,2,NA,0,TRUE
07340211,2011,2,0,0,TRUE
07340211,2012,2,0,0,TRUE
07340211,2013,3,0,0,TRUE
07340211,2014,3,0,99.72,TRUE
07340212,2010,2,NA,0,TRUE
07340212,2011,2,0,0,TRUE
07340212,2012,2,0,0,TRUE
07340212,2013,3,0,0,TRUE
07340212,2014,3,0,100,TRUE
07340213,2010,2,NA,0,TRUE
07340213,2011,2,0,0,TRUE
07340213,2012,2,0,0,TRUE
07340213,2013,3,0,0,TRUE
07340213,2014,3,0,100,TRUE
07340214,2010,2,NA,0,TRUE
07340214,2011,2,0,0,TRUE
07340214,2012,2,0,0,TRUE
07340214,2013,3,0,0,TRUE
07340214,2014,3,0,100,TRUE
07340215,2010,2,NA,0,TRUE
07340215,2011,2,0,0,TRUE
07340215,2012,2,0,0,TRUE
07340215,2013,3,0,0,TRUE
07340215,2014,3,0,96.17,TRUE
07340216,2010,2,NA,0,TRUE
07340216,2011,2,0,0,TRUE
07340216,2012,2,0,0,TRUE
07340216,2013,3,0,0,TRUE
07340216,2014,3,0,100,TRUE
07340217,2010,2,NA,0,TRUE
07340217,2011,2,0,0,TRUE
07340217,2012,2,0,0,TRUE
07340217,2013,3,0,0,TRUE
07340217,2014,3,0,100,TRUE
07340218,2010,2,NA,0,TRUE
07340218,2011,2,0,0,TRUE
07340218,2012,2,0,0,TRUE
07340218,2013,3,0,0,TRUE
07340218,2014,3,0,100,TRUE
07340219,2010,2,NA,0,TRUE
07340219,2011,2,0,0,TRUE
07340219,2012,2,0,0,TRUE
07340219,2013,3,0,0,TRUE
07340219,2014,3,0,100,TRUE
07340220,2010,2,NA,0,TRUE
07340220,2011,2,0,0,TRUE
07340220,2012,2,0,0,TRUE
07340220,2013,3,0,0,TRUE
07340220,2014,3,0,100,TRUE
07340221,2010,2,NA,0,TRUE
07340221,2011,2,0,0,TRUE
07340221,2012,2,0,0,TRUE
07340221,2013,3,0,0,TRUE
07340221,2014,3,0,100,TRUE
07340222,2010,2,NA,0,TRUE
07340222,2011,2,0,0,TRUE
07340222,2012,2,0,0,TRUE
07340222,2013,3,0,0,TRUE
07340222,2014,3,0,100,TRUE
07340223,2010,2,NA,0,TRUE
07340223,2011,2,0,0,TRUE
07340223,2012,2,0,0,TRUE
07340223,2013,3,0,0,TRUE
07340223,2014,3,0,100,TRUE
07340224,2010,2,NA,0,TRUE
07340224,2011,2,0,0,TRUE
07340224,2012,2,0,0,TRUE
07340224,2013,3,0,0,TRUE
07340224,2014,3,0,100,TRUE
07340225,2010,2,NA,0,TRUE
07340225,2011,2,0,0,TRUE
07340225,2012,2,0,0,TRUE
07340225,2013,3,0,0,TRUE
07340225,2014,3,0,100,TRUE
07340226,2010,2,NA,0,TRUE
07340226,2011,2,0,0,TRUE
07340226,2012,2,0,0,TRUE
07340226,2013,3,0,0,TRUE
07340226,2014,3,0,100,TRUE
07340227,2010,2,NA,0,TRUE
07340227,2011,2,0,0,TRUE
07340227,2012,2,0,0,TRUE
07340227,2013,3,0,0,TRUE
07340227,2014,3,0,96.57,TRUE
07340228,2010,2,NA,0,TRUE
07340228,2011,2,0,0,TRUE
07340228,2012,2,0,0,TRUE
07340228,2013,3,0,0,TRUE
07340228,2014,3,0,100,TRUE
07340501,2010,2,NA,0,TRUE
07340501,2011,2,0,0,TRUE
07340501,2012,2,0,0,TRUE
07340501,2013,3,0,0,TRUE
07340501,2014,3,0,100,TRUE
07340502,2010,2,NA,0,TRUE
07340502,2011,2,0,0,TRUE
07340502,2012,2,0,0,TRUE
07340502,2013,3,0,0,TRUE
07340502,2014,3,0,100,TRUE
07932001,2018,42,NA,0,FALSE
07932001,2019,42,0,NA,FALSE
07932004,2018,42,NA,0,FALSE
07932004,2019,42,0,NA,FALSE
07932019,2018,42,NA,0,FALSE
07932019,2019,42,0,NA,FALSE
07932028,2018,42,NA,0,FALSE
07932028,2019,42,0,NA,FALSE
07932041,2018,42,NA,0,FALSE
07932041,2019,42,0,NA,FALSE
07932042,2018,42,NA,0,FALSE
07932042,2019,42,0,NA,FALSE
07932066,2018,42,NA,0,FALSE
07932066,2019,42,0,NA,FALSE
07932082,2018,42,NA,0,FALSE
07932082,2019,42,0,NA,FALSE
07932112,2018,42,NA,0,FALSE
07932112,2019,42,0,NA,FALSE
07932127,2018,42,NA,0,FALSE
07932127,2019,42,0,NA,FALSE
07932130,2018,42,NA,0,FALSE
07932130,2019,42,0,NA,FALSE
07932131,2018,42,NA,0,FALSE
07932131,2019,42,0,NA,FALSE
07932212,2018,42,NA,0,FALSE
07932212,2019,42,0,NA,FALSE
07932214,2018,42,NA,0,FALSE
07932214,2019,42,0,NA,FALSE
07932294,2018,42,NA,0,FALSE
07932294,2019,42,0,NA,FALSE
07932310,2018,42,NA,0,FALSE
07932310,2019,42,0,NA,FALSE
07935073,2018,42,NA,0,FALSE
07935073,2019,42,0,NA,FALSE
07935095,2018,42,NA,0,FALSE
07935095,2019,42,0,NA,FALSE
07935096,2018,42,NA,0,FALSE
07935096,2019,42,0,NA,FALSE
07935104,2018,42,NA,0,FALSE
07935104,2019,42,0,NA,FALSE
07935111,2018,42,NA,0,FALSE
07935111,2019,42,0,NA,FALSE
07935133,2018,42,NA,0,FALSE
07935133,2019,42,0,NA,FALSE
07935146,2018,42,NA,0,FALSE
07935146,2019,42,0,NA,FALSE
07935149,2018,42,NA,0,FALSE
07935149,2019,42,0,NA,FALSE
08111000,2010,2,NA,0,TRUE
08111000,2011,2,0,0,TRUE
08111000,2012,2,0,0,TRUE
08111000,2013,3,0,0,TRUE
08111000,2014,3,0,100,TRUE
08115001,2010,2,NA,0,TRUE
08115001,2011,2,0,0,TRUE
08115001,2012,2,0,0,TRUE
08115001,2013,3,0,0,TRUE
08115001,2014,3,0,99.22,TRUE
08115002,2010,2,NA,0,TRUE
08115002,2011,2,0,0,TRUE
08115002,2012,2,0,0,TRUE
08115002,2013,3,0,0,TRUE
08115002,2014,3,0,100,TRUE
08115003,2010,2,NA,0,TRUE
08115003,2011,2,0,0,TRUE
08115003,2012,2,0,0,TRUE
08115003,2013,3,0,0,TRUE
08115003,2014,3,0,100,TRUE
08115004,2010,2,NA,0,TRUE
08115004,2011,2,0,0,TRUE
08115004,2012,2,0,0,TRUE
08115004,2013,3,0,0,TRUE
08115004,2014,3,0,100,TRUE
08115010,2010,2,NA,0,TRUE
08115010,2011,2,0,0,TRUE
08115010,2012,2,0,0,TRUE
08115010,2013,3,0,0,TRUE
08115010,2014,3,0,98.44,TRUE
08115013,2010,2,NA,0,TRUE
08115013,2011,2,0,0,TRUE
08115013,2012,2,0,0,TRUE
08115013,2013,3,0,0,TRUE
08115013,2014,3,0,100,TRUE
08115015,2010,2,NA,0,TRUE
08115015,2011,2,0,0,TRUE
08115015,2012,2,0,0,TRUE
08115015,2013,3,0,0,TRUE
08115015,2014,3,0,100,TRUE
08115016,2010,2,NA,0,TRUE
08115016,2011,2,0,0,TRUE
08115016,2012,2,0,0,TRUE
08115016,2013,3,0,0,TRUE
08115016,2014,3,0,99.9,TRUE
08115021,2010,2,NA,0,TRUE
08115021,2011,2,0,0,TRUE
08115021,2012,2,0,0,TRUE
08115021,2013,3,0,0,TRUE
08115021,2014,3,0,99.98,TRUE
08115022,2010,2,NA,0,TRUE
08115022,2011,2,0,0,TRUE
08115022,2012,2,0,0,TRUE
08115022,2013,3,0,0,TRUE
08115022,2014,3,0,100,TRUE
08115024,2010,2,NA,0,TRUE
08115024,2011,2,0,0,TRUE
08115024,2012,2,0,0,TRUE
08115024,2013,3,0,0,TRUE
08115024,2014,3,0,100,TRUE
08115028,2010,2,NA,0,TRUE
08115028,2011,2,0,0,TRUE
08115028,2012,2,0,0,TRUE
08115028,2013,3,0,0,TRUE
08115028,2014,3,0,99.18,TRUE
08115029,2010,2,NA,0,TRUE
08115029,2011,2,0,0,TRUE
08115029,2012,2,0,0,TRUE
08115029,2013,3,0,0,TRUE
08115029,2014,3,0,100,TRUE
08115034,2010,2,NA,0,TRUE
08115034,2011,2,0,0,TRUE
08115034,2012,2,0,0,TRUE
08115034,2013,3,0,0,TRUE
08115034,2014,3,0,99.2,TRUE
08115037,2010,2,NA,0,TRUE
08115037,2011,2,0,0,TRUE
08115037,2012,2,0,0,TRUE
08115037,2013,3,0,0,TRUE
08115037,2014,3,0,100,TRUE
08115041,2010,2,NA,0,TRUE
08115041,2011,2,0,0,TRUE
08115041,2012,2,0,0,TRUE
08115041,2013,3,0,0,TRUE
08115041,2014,3,0,100,TRUE
08115042,2010,2,NA,0,TRUE
08115042,2011,2,0,0,TRUE
08115042,2012,2,0,0,TRUE
08115042,2013,3,0,0,TRUE
08115042,2014,3,0,100,TRUE
08115044,2010,2,NA,0,TRUE
08115044,2011,2,0,0,TRUE
08115044,2012,2,0,0,TRUE
08115044,2013,3,0,0,TRUE
08115044,2014,3,0,100,TRUE
08115045,2010,2,NA,0,TRUE
08115045,2011,2,0,0,TRUE
08115045,2012,2,0,0,TRUE
08115045,2013,3,0,0,TRUE
08115045,2014,3,0,100,TRUE
08115046,2010,2,NA,0,TRUE
08115046,2011,2,0,0,TRUE
08115046,2012,2,0,0,TRUE
08115046,2013,3,0,0,TRUE
08115046,2014,3,0,100,TRUE
08115048,2010,2,NA,0,TRUE
08115048,2011,2,0,0,TRUE
08115048,2012,2,0,0,TRUE
08115048,2013,3,0,0,TRUE
08115048,2014,3,0,100,TRUE
08115050,2010,2,NA,0,TRUE
08115050,2011,2,0,0,TRUE
08115050,2012,2,0,0,TRUE
08115050,2013,3,0,0,TRUE
08115050,2014,3,0,99.84,TRUE
08115051,2010,2,NA,0,TRUE
08115051,2011,2,0,0,TRUE
08115051,2012,2,0,0,TRUE
08115051,2013,3,0,0,TRUE
08115051,2014,3,0,99.69,TRUE
08115052,2010,2,NA,0,TRUE
08115052,2011,2,0,0,TRUE
08115052,2012,2,0,0,TRUE
08115052,2013,3,0,0,TRUE
08115052,2014,3,0,99.91,TRUE
08115053,2010,2,NA,0,TRUE
08115053,2011,2,0,0,TRUE
08115053,2012,2,0,0,TRUE
08115053,2013,3,0,0,TRUE
08115053,2014,3,0,99.87,TRUE
08115054,2010,2,NA,0,TRUE
08115054,2011,2,0,0,TRUE
08115054,2012,2,0,0,TRUE
08115054,2013,3,0,0,TRUE
08115054,2014,3,0,100,TRUE
08116004,2010,2,NA,0,TRUE
08116004,2011,2,0,0,TRUE
08116004,2012,2,0,0,TRUE
08116004,2013,3,0,0,TRUE
08116004,2014,3,0,100,TRUE
08116005,2010,2,NA,0,TRUE
08116005,2011,2,0,0,TRUE
08116005,2012,2,0,0,TRUE
08116005,2013,3,0,0,TRUE
08116005,2014,3,0,100,TRUE
08116006,2010,2,NA,0,TRUE
08116006,2011,2,0,0,TRUE
08116006,2012,2,0,0,TRUE
08116006,2013,3,0,0,TRUE
08116006,2014,3,0,100,TRUE
08116007,2010,2,NA,0,TRUE
08116007,2011,2,0,0,TRUE
08116007,2012,2,0,0,TRUE
08116007,2013,3,0,0,TRUE
08116007,2014,3,0,100,TRUE
08116008,2010,2,NA,0,TRUE
08116008,2011,2,0,0,TRUE
08116008,2012,2,0,0,TRUE
08116008,2013,3,0,0,TRUE
08116008,2014,3,0,100,TRUE
08116011,2010,2,NA,0,TRUE
08116011,2011,2,0,0,TRUE
08116011,2012,2,0,0,TRUE
08116011,2013,3,0,0,TRUE
08116011,2014,3,0,98.51,TRUE
08116012,2010,2,NA,0,TRUE
08116012,2011,2,0,0,TRUE
08116012,2012,2,0,0,TRUE
08116012,2013,3,0,0,TRUE
08116012,2014,3,0,99.36,TRUE
08116014,2010,2,NA,0,TRUE
08116014,2011,2,0,0,TRUE
08116014,2012,2,0,0,TRUE
08116014,2013,3,0,0,TRUE
08116014,2014,3,0,99.96,TRUE
08116015,2010,2,NA,0,TRUE
08116015,2011,2,0,0,TRUE
08116015,2012,2,0,0,TRUE
08116015,2013,3,0,0,TRUE
08116015,2014,3,0,100,TRUE
08116016,2010,2,NA,0,TRUE
08116016,2011,2,0,0,TRUE
08116016,2012,2,0,0,TRUE
08116016,2013,3,0,0,TRUE
08116016,2014,3,0,100,TRUE
08116018,2010,2,NA,0,TRUE
08116018,2011,2,0,0,TRUE
08116018,2012,2,0,0,TRUE
08116018,2013,3,0,0,TRUE
08116018,2014,3,0,98.84,TRUE
08116019,2010,2,NA,0,TRUE
08116019,2011,2,0,0,TRUE
08116019,2012,2,0,0,TRUE
08116019,2013,3,0,0,TRUE
08116019,2014,3,0,100,TRUE
08116020,2010,2,NA,0,TRUE
08116020,2011,2,0,0,TRUE
08116020,2012,2,0,0,TRUE
08116020,2013,3,0,0,TRUE
08116020,2014,3,0,99.71,TRUE
08116022,2010,2,NA,0,TRUE
08116022,2011,2,0,0,TRUE
08116022,2012,2,0,0,TRUE
08116022,2013,3,0,0,TRUE
08116022,2014,3,0,100,TRUE
08116027,2010,2,NA,0,TRUE
08116027,2011,2,0,0,TRUE
08116027,2012,2,0,0,TRUE
08116027,2013,3,0,0,TRUE
08116027,2014,3,0,100,TRUE
08116029,2010,2,NA,0,TRUE
08116029,2011,2,0,0,TRUE
08116029,2012,2,0,0,TRUE
08116029,2013,3,0,0,TRUE
08116029,2014,3,0,100,TRUE
08116033,2010,2,NA,0,TRUE
08116033,2011,2,0,0,TRUE
08116033,2012,2,0,0,TRUE
08116033,2013,3,0,0,TRUE
08116033,2014,3,0,100,TRUE
08116035,2010,2,NA,0,TRUE
08116035,2011,2,0,0,TRUE
08116035,2012,2,0,0,TRUE
08116035,2013,3,0,0,TRUE
08116035,2014,3,0,100,TRUE
08116036,2010,2,NA,0,TRUE
08116036,2011,2,0,0,TRUE
08116036,2012,2,0,0,TRUE
08116036,2013,3,0,0,TRUE
08116036,2014,3,0,100,TRUE
08116037,2010,2,NA,0,TRUE
08116037,2011,2,0,0,TRUE
08116037,2012,2,0,0,TRUE
08116037,2013,3,0,0,TRUE
08116037,2014,3,0,99.61,TRUE
08116041,2010,2,NA,0,TRUE
08116041,2011,2,0,0,TRUE
08116041,2012,2,0,0,TRUE
08116041,2013,3,0,0,TRUE
08116041,2014,3,0,99.27,TRUE
08116042,2010,2,NA,0,TRUE
08116042,2011,2,0,0,TRUE
08116042,2012,2,0,0,TRUE
08116042,2013,3,0,0,TRUE
08116042,2014,3,0,100,TRUE
08116043,2010,2,NA,0,TRUE
08116043,2011,2,0,0,TRUE
08116043,2012,2,0,0,TRUE
08116043,2013,3,0,0,TRUE
08116043,2014,3,0,100,TRUE
08116046,2010,2,NA,0,TRUE
08116046,2011,2,0,0,TRUE
08116046,2012,2,0,0,TRUE
08116046,2013,3,0,0,TRUE
08116046,2014,3,0,100,TRUE
08116047,2010,2,NA,0,TRUE
08116047,2011,2,0,0,TRUE
08116047,2012,2,0,0,TRUE
08116047,2013,3,0,0,TRUE
08116047,2014,3,0,100,TRUE
08116048,2010,2,NA,0,TRUE
08116048,2011,2,0,0,TRUE
08116048,2012,2,0,0,TRUE
08116048,2013,3,0,0,TRUE
08116048,2014,3,0,100,TRUE
08116049,2010,2,NA,0,TRUE
08116049,2011,2,0,0,TRUE
08116049,2012,2,0,0,TRUE
08116049,2013,3,0,0,TRUE
08116049,2014,3,0,99.99,TRUE
08116050,2010,2,NA,0,TRUE
08116050,2011,2,0,0,TRUE
08116050,2012,2,0,0,TRUE
08116050,2013,3,0,0,TRUE
08116050,2014,3,0,100,TRUE
08116053,2010,2,NA,0,TRUE
08116053,2011,2,0,0,TRUE
08116053,2012,2,0,0,TRUE
08116053,2013,3,0,0,TRUE
08116053,2014,3,0,100,TRUE
08116054,2010,2,NA,0,TRUE
08116054,2011,2,0,0,TRUE
08116054,2012,2,0,0,TRUE
08116054,2013,3,0,0,TRUE
08116054,2014,3,0,100,TRUE
08116056,2010,2,NA,0,TRUE
08116056,2011,2,0,0,TRUE
08116056,2012,2,0,0,TRUE
08116056,2013,3,0,0,TRUE
08116056,2014,3,0,100,TRUE
08116058,2010,2,NA,0,TRUE
08116058,2011,2,0,0,TRUE
08116058,2012,2,0,0,TRUE
08116058,2013,3,0,0,TRUE
08116058,2014,3,0,100,TRUE
08116063,2010,2,NA,0,TRUE
08116063,2011,2,0,0,TRUE
08116063,2012,2,0,0,TRUE
08116063,2013,3,0,0,TRUE
08116063,2014,3,0,100,TRUE
08116068,2010,2,NA,0,TRUE
08116068,2011,2,0,0,TRUE
08116068,2012,2,0,0,TRUE
08116068,2013,3,0,0,TRUE
08116068,2014,3,0,100,TRUE
08116070,2010,2,NA,0,TRUE
08116070,2011,2,0,0,TRUE
08116070,2012,2,0,0,TRUE
08116070,2013,3,0,0,TRUE
08116070,2014,3,0,99.63,TRUE
08116071,2010,2,NA,0,TRUE
08116071,2011,2,0,0,TRUE
08116071,2012,2,0,0,TRUE
08116071,2013,3,0,0,TRUE
08116071,2014,3,0,100,TRUE
08116072,2010,2,NA,0,TRUE
08116072,2011,2,0,0,TRUE
08116072,2012,2,0,0,TRUE
08116072,2013,3,0,0,TRUE
08116072,2014,3,0,100,TRUE
08116073,2010,2,NA,0,TRUE
08116073,2011,2,0,0,TRUE
08116073,2012,2,0,0,TRUE
08116073,2013,3,0,0,TRUE
08116073,2014,3,0,100,TRUE
08116076,2010,2,NA,0,TRUE
08116076,2011,2,0,0,TRUE
08116076,2012,2,0,0,TRUE
08116076,2013,3,0,0,TRUE
08116076,2014,3,0,100,TRUE
08116077,2010,2,NA,0,TRUE
08116077,2011,2,0,0,TRUE
08116077,2012,2,0,0,TRUE
08116077,2013,3,0,0,TRUE
08116077,2014,3,0,99.98,TRUE
08116078,2010,2,NA,0,TRUE
08116078,2011,2,0,0,TRUE
08116078,2012,2,0,0,TRUE
08116078,2013,3,0,0,TRUE
08116078,2014,3,0,100,TRUE
08116079,2010,2,NA,0,TRUE
08116079,2011,2,0,0,TRUE
08116079,2012,2,0,0,TRUE
08116079,2013,3,0,0,TRUE
08116079,2014,3,0,99.94,TRUE
08116080,2010,2,NA,0,TRUE
08116080,2011,2,0,0,TRUE
08116080,2012,2,0,0,TRUE
08116080,2013,3,0,0,TRUE
08116080,2014,3,0,100,TRUE
08116081,2010,2,NA,0,TRUE
08116081,2011,2,0,0,TRUE
08116081,2012,2,0,0,TRUE
08116081,2013,3,0,0,TRUE
08116081,2014,3,0,100,TRUE
08117001,2010,2,NA,0,TRUE
08117001,2011,2,0,0,TRUE
08117001,2012,2,0,0,TRUE
08117001,2013,3,0,0,TRUE
08117001,2014,3,0,100,TRUE
08117002,2010,2,NA,0,TRUE
08117002,2011,2,0,0,TRUE
08117002,2012,2,0,0,TRUE
08117002,2013,3,0,0,TRUE
08117002,2014,3,0,87.88,TRUE
08117003,2010,2,NA,0,TRUE
08117003,2011,2,0,0,TRUE
08117003,2012,2,0,0,TRUE
08117003,2013,3,0,0,TRUE
08117003,2014,3,0,100,TRUE
08117006,2010,2,NA,0,TRUE
08117006,2011,2,0,0,TRUE
08117006,2012,2,0,0,TRUE
08117006,2013,3,0,0,TRUE
08117006,2014,3,0,100,TRUE
08117007,2010,2,NA,0,TRUE
08117007,2011,2,0,0,TRUE
08117007,2012,2,0,0,TRUE
08117007,2013,3,0,0,TRUE
08117007,2014,3,0,100,TRUE
08117009,2010,2,NA,0,TRUE
08117009,2011,2,0,0,TRUE
08117009,2012,2,0,0,TRUE
08117009,2013,3,0,0,TRUE
08117009,2014,3,0,99.87,TRUE
08117010,2010,2,NA,0,TRUE
08117010,2011,2,0,0,TRUE
08117010,2012,2,0,0,TRUE
08117010,2013,3,0,0,TRUE
08117010,2014,3,0,99.87,TRUE
08117011,2010,2,NA,0,TRUE
08117011,2011,2,0,0,TRUE
08117011,2012,2,0,0,TRUE
08117011,2013,3,0,0,TRUE
08117011,2014,3,0,99.6,TRUE
08117012,2010,2,NA,0,TRUE
08117012,2011,2,0,0,TRUE
08117012,2012,2,0,0,TRUE
08117012,2013,3,0,0,TRUE
08117012,2014,3,0,100,TRUE
08117014,2010,2,NA,0,TRUE
08117014,2011,2,0,0,TRUE
08117014,2012,2,0,0,TRUE
08117014,2013,3,0,0,TRUE
08117014,2014,3,0,99.96,TRUE
08117015,2010,2,NA,0,TRUE
08117015,2011,2,0,0,TRUE
08117015,2012,2,0,0,TRUE
08117015,2013,3,0,0,TRUE
08117015,2014,3,0,99.98,TRUE
08117016,2010,2,NA,0,TRUE
08117016,2011,2,0,0,TRUE
08117016,2012,2,0,0,TRUE
08117016,2013,3,0,0,TRUE
08117016,2014,3,0,100,TRUE
08117017,2010,2,NA,0,TRUE
08117017,2011,2,0,0,TRUE
08117017,2012,2,0,0,TRUE
08117017,2013,3,0,0,TRUE
08117017,2014,3,0,100,TRUE
08117018,2010,2,NA,0,TRUE
08117018,2011,2,0,0,TRUE
08117018,2012,2,0,0,TRUE
08117018,2013,3,0,0,TRUE
08117018,2014,3,0,99.7,TRUE
08117019,2010,2,NA,0,TRUE
08117019,2011,2,0,0,TRUE
08117019,2012,2,0,0,TRUE
08117019,2013,3,0,0,TRUE
08117019,2014,3,0,99.97,TRUE
08117020,2010,2,NA,0,TRUE
08117020,2011,2,0,0,TRUE
08117020,2012,2,0,0,TRUE
08117020,2013,3,0,0,TRUE
08117020,2014,3,0,100,TRUE
08117023,2010,2,NA,0,TRUE
08117023,2011,2,0,0,TRUE
08117023,2012,2,0,0,TRUE
08117023,2013,3,0,0,TRUE
08117023,2014,3,0,100,TRUE
08117024,2010,2,NA,0,TRUE
08117024,2011,2,0,0,TRUE
08117024,2012,2,0,0,TRUE
08117024,2013,3,0,0,TRUE
08117024,2014,3,0,99.89,TRUE
08117025,2010,2,NA,0,TRUE
08117025,2011,2,0,0,TRUE
08117025,2012,2,0,0,TRUE
08117025,2013,3,0,0,TRUE
08117025,2014,3,0,100,TRUE
08117026,2010,2,NA,0,TRUE
08117026,2011,2,0,0,TRUE
08117026,2012,2,0,0,TRUE
08117026,2013,3,0,0,TRUE
08117026,2014,3,0,100,TRUE
08117028,2010,2,NA,0,TRUE
08117028,2011,2,0,0,TRUE
08117028,2012,2,0,0,TRUE
08117028,2013,3,0,0,TRUE
08117028,2014,3,0,99.67,TRUE
08117029,2010,2,NA,0,TRUE
08117029,2011,2,0,0,TRUE
08117029,2012,2,0,0,TRUE
08117029,2013,3,0,0,TRUE
08117029,2014,3,0,100,TRUE
08117030,2010,2,NA,0,TRUE
08117030,2011,2,0,0,TRUE
08117030,2012,2,0,0,TRUE
08117030,2013,3,0,0,TRUE
08117030,2014,3,0,100,TRUE
08117031,2010,2,NA,0,TRUE
08117031,2011,2,0,0,TRUE
08117031,2012,2,0,0,TRUE
08117031,2013,3,0,0,TRUE
08117031,2014,3,0,100,TRUE
08117033,2010,2,NA,0,TRUE
08117033,2011,2,0,0,TRUE
08117033,2012,2,0,0,TRUE
08117033,2013,3,0,0,TRUE
08117033,2014,3,0,100,TRUE
08117035,2010,2,NA,0,TRUE
08117035,2011,2,0,0,TRUE
08117035,2012,2,0,0,TRUE
08117035,2013,3,0,0,TRUE
08117035,2014,3,0,100,TRUE
08117037,2010,2,NA,0,TRUE
08117037,2011,2,0,0,TRUE
08117037,2012,2,0,0,TRUE
08117037,2013,3,0,0,TRUE
08117037,2014,3,0,99.22,TRUE
08117038,2010,2,NA,0,TRUE
08117038,2011,2,0,0,TRUE
08117038,2012,2,0,0,TRUE
08117038,2013,3,0,0,TRUE
08117038,2014,3,0,100,TRUE
08117042,2010,2,NA,0,TRUE
08117042,2011,2,0,0,TRUE
08117042,2012,2,0,0,TRUE
08117042,2013,3,0,0,TRUE
08117042,2014,3,0,100,TRUE
08117043,2010,2,NA,0,TRUE
08117043,2011,2,0,0,TRUE
08117043,2012,2,0,0,TRUE
08117043,2013,3,0,0,TRUE
08117043,2014,3,0,100,TRUE
08117044,2010,2,NA,0,TRUE
08117044,2011,2,0,0,TRUE
08117044,2012,2,0,0,TRUE
08117044,2013,3,0,0,TRUE
08117044,2014,3,0,100,TRUE
08117049,2010,2,NA,0,TRUE
08117049,2011,2,0,0,TRUE
08117049,2012,2,0,0,TRUE
08117049,2013,3,0,0,TRUE
08117049,2014,3,0,100,TRUE
08117051,2010,2,NA,0,TRUE
08117051,2011,2,0,0,TRUE
08117051,2012,2,0,0,TRUE
08117051,2013,3,0,0,TRUE
08117051,2014,3,0,99.75,TRUE
08117053,2010,2,NA,0,TRUE
08117053,2011,2,0,0,TRUE
08117053,2012,2,0,0,TRUE
08117053,2013,3,0,0,TRUE
08117053,2014,3,0,99.94,TRUE
08117055,2010,2,NA,0,TRUE
08117055,2011,2,0,0,TRUE
08117055,2012,2,0,0,TRUE
08117055,2013,3,0,0,TRUE
08117055,2014,3,0,98.77,TRUE
08117058,2010,2,NA,0,TRUE
08117058,2011,2,0,0,TRUE
08117058,2012,2,0,0,TRUE
08117058,2013,3,0,0,TRUE
08117058,2014,3,0,100,TRUE
08117060,2010,2,NA,0,TRUE
08117060,2011,2,0,0,TRUE
08117060,2012,2,0,0,TRUE
08117060,2013,3,0,0,TRUE
08117060,2014,3,0,100,TRUE
08117061,2010,2,NA,0,TRUE
08117061,2011,2,0,0,TRUE
08117061,2012,2,0,0,TRUE
08117061,2013,3,0,0,TRUE
08117061,2014,3,0,99.74,TRUE
08118001,2010,2,NA,0,TRUE
08118001,2011,2,0,0,TRUE
08118001,2012,2,0,0,TRUE
08118001,2013,3,0,0,TRUE
08118001,2014,3,0,100,TRUE
08118003,2010,2,NA,0,TRUE
08118003,2011,2,0,0,TRUE
08118003,2012,2,0,0,TRUE
08118003,2013,3,0,0,TRUE
08118003,2014,3,0,100,TRUE
08118006,2010,2,NA,0,TRUE
08118006,2011,2,0,0,TRUE
08118006,2012,2,0,0,TRUE
08118006,2013,3,0,0,TRUE
08118006,2014,3,0,100,TRUE
08118007,2010,2,NA,0,TRUE
08118007,2011,2,0,0,TRUE
08118007,2012,2,0,0,TRUE
08118007,2013,3,0,0,TRUE
08118007,2014,3,0,99.98,TRUE
08118010,2010,2,NA,0,TRUE
08118010,2011,2,0,0,TRUE
08118010,2012,2,0,0,TRUE
08118010,2013,3,0,0,TRUE
08118010,2014,3,0,100,TRUE
08118011,2010,2,NA,0,TRUE
08118011,2011,2,0,0,TRUE
08118011,2012,2,0,0,TRUE
08118011,2013,3,0,0,TRUE
08118011,2014,3,0,99.97,TRUE
08118012,2010,2,NA,0,TRUE
08118012,2011,2,0,0,TRUE
08118012,2012,2,0,0,TRUE
08118012,2013,3,0,0,TRUE
08118012,2014,3,0,99.6,TRUE
08118014,2010,2,NA,0,TRUE
08118014,2011,2,0,0,TRUE
08118014,2012,2,0,0,TRUE
08118014,2013,3,0,0,TRUE
08118014,2014,3,0,100,TRUE
08118015,2010,2,NA,0,TRUE
08118015,2011,2,0,0,TRUE
08118015,2012,2,0,0,TRUE
08118015,2013,3,0,0,TRUE
08118015,2014,3,0,100,TRUE
08118016,2010,2,NA,0,TRUE
08118016,2011,2,0,0,TRUE
08118016,2012,2,0,0,TRUE
08118016,2013,3,0,0,TRUE
08118016,2014,3,0,99.15,TRUE
08118018,2010,2,NA,0,TRUE
08118018,2011,2,0,0,TRUE
08118018,2012,2,0,0,TRUE
08118018,2013,3,0,0,TRUE
08118018,2014,3,0,100,TRUE
08118019,2010,2,NA,0,TRUE
08118019,2011,2,0,0,TRUE
08118019,2012,2,0,0,TRUE
08118019,2013,3,0,0,TRUE
08118019,2014,3,0,99.99,TRUE
08118021,2010,2,NA,0,TRUE
08118021,2011,2,0,0,TRUE
08118021,2012,2,0,0,TRUE
08118021,2013,3,0,0,TRUE
08118021,2014,3,0,100,TRUE
08118027,2010,2,NA,0,TRUE
08118027,2011,2,0,0,TRUE
08118027,2012,2,0,0,TRUE
08118027,2013,3,0,0,TRUE
08118027,2014,3,0,99.25,TRUE
08118028,2010,2,NA,0,TRUE
08118028,2011,2,0,0,TRUE
08118028,2012,2,0,0,TRUE
08118028,2013,3,0,0,TRUE
08118028,2014,3,0,100,TRUE
08118040,2010,2,NA,0,TRUE
08118040,2011,2,0,0,TRUE
08118040,2012,2,0,0,TRUE
08118040,2013,3,0,0,TRUE
08118040,2014,3,0,100,TRUE
08118046,2010,2,NA,0,TRUE
08118046,2011,2,0,0,TRUE
08118046,2012,2,0,0,TRUE
08118046,2013,3,0,0,TRUE
08118046,2014,3,0,100,TRUE
08118047,2010,2,NA,0,TRUE
08118047,2011,2,0,0,TRUE
08118047,2012,2,0,0,TRUE
08118047,2013,3,0,0,TRUE
08118047,2014,3,0,99.96,TRUE
08118048,2010,2,NA,0,TRUE
08118048,2011,2,0,0,TRUE
08118048,2012,2,0,0,TRUE
08118048,2013,3,0,0,TRUE
08118048,2014,3,0,100,TRUE
08118049,2010,2,NA,0,TRUE
08118049,2011,2,0,0,TRUE
08118049,2012,2,0,0,TRUE
08118049,2013,3,0,0,TRUE
08118049,2014,3,0,100,TRUE
08118050,2010,2,NA,0,TRUE
08118050,2011,2,0,0,TRUE
08118050,2012,2,0,0,TRUE
08118050,2013,3,0,0,TRUE
08118050,2014,3,0,100,TRUE
08118051,2010,2,NA,0,TRUE
08118051,2011,2,0,0,TRUE
08118051,2012,2,0,0,TRUE
08118051,2013,3,0,0,TRUE
08118051,2014,3,0,100,TRUE
08118053,2010,2,NA,0,TRUE
08118053,2011,2,0,0,TRUE
08118053,2012,2,0,0,TRUE
08118053,2013,3,0,0,TRUE
08118053,2014,3,0,99.93,TRUE
08118054,2010,2,NA,0,TRUE
08118054,2011,2,0,0,TRUE
08118054,2012,2,0,0,TRUE
08118054,2013,3,0,0,TRUE
08118054,2014,3,0,100,TRUE
08118059,2010,2,NA,0,TRUE
08118059,2011,2,0,0,TRUE
08118059,2012,2,0,0,TRUE
08118059,2013,3,0,0,TRUE
08118059,2014,3,0,100,TRUE
08118060,2010,2,NA,0,TRUE
08118060,2011,2,0,0,TRUE
08118060,2012,2,0,0,TRUE
08118060,2013,3,0,0,TRUE
08118060,2014,3,0,98.2,TRUE
08118063,2010,2,NA,0,TRUE
08118063,2011,2,0,0,TRUE
08118063,2012,2,0,0,TRUE
08118063,2013,3,0,0,TRUE
08118063,2014,3,0,100,TRUE
08118067,2010,2,NA,0,TRUE
08118067,2011,2,0,0,TRUE
08118067,2012,2,0,0,TRUE
08118067,2013,3,0,0,TRUE
08118067,2014,3,0,99.98,TRUE
08118068,2010,2,NA,0,TRUE
08118068,2011,2,0,0,TRUE
08118068,2012,2,0,0,TRUE
08118068,2013,3,0,0,TRUE
08118068,2014,3,0,100,TRUE
08118070,2010,2,NA,0,TRUE
08118070,2011,2,0,0,TRUE
08118070,2012,2,0,0,TRUE
08118070,2013,3,0,0,TRUE
08118070,2014,3,0,99.98,TRUE
08118071,2010,2,NA,0,TRUE
08118071,2011,2,0,0,TRUE
08118071,2012,2,0,0,TRUE
08118071,2013,3,0,0,TRUE
08118071,2014,3,0,100,TRUE
08118073,2010,2,NA,0,TRUE
08118073,2011,2,0,0,TRUE
08118073,2012,2,0,0,TRUE
08118073,2013,3,0,0,TRUE
08118073,2014,3,0,100,TRUE
08118074,2010,2,NA,0,TRUE
08118074,2011,2,0,0,TRUE
08118074,2012,2,0,0,TRUE
08118074,2013,3,0,0,TRUE
08118074,2014,3,0,100,TRUE
08118076,2010,2,NA,0,TRUE
08118076,2011,2,0,0,TRUE
08118076,2012,2,0,0,TRUE
08118076,2013,3,0,0,TRUE
08118076,2014,3,0,100,TRUE
08118077,2010,2,NA,0,TRUE
08118077,2011,2,0,0,TRUE
08118077,2012,2,0,0,TRUE
08118077,2013,3,0,0,TRUE
08118077,2014,3,0,99.65,TRUE
08118078,2010,2,NA,0,TRUE
08118078,2011,2,0,0,TRUE
08118078,2012,2,0,0,TRUE
08118078,2013,3,0,0,TRUE
08118078,2014,3,0,100,TRUE
08118079,2010,2,NA,0,TRUE
08118079,2011,2,0,0,TRUE
08118079,2012,2,0,0,TRUE
08118079,2013,3,0,0,TRUE
08118079,2014,3,0,100,TRUE
08118080,2010,2,NA,0,TRUE
08118080,2011,2,0,0,TRUE
08118080,2012,2,0,0,TRUE
08118080,2013,3,0,0,TRUE
08118080,2014,3,0,100,TRUE
08118081,2010,2,NA,0,TRUE
08118081,2011,2,0,0,TRUE
08118081,2012,2,0,0,TRUE
08118081,2013,3,0,0,TRUE
08118081,2014,3,0,100,TRUE
08119001,2010,2,NA,0,TRUE
08119001,2011,2,0,0,TRUE
08119001,2012,2,0,0,TRUE
08119001,2013,3,0,0,TRUE
08119001,2014,3,0,97.56,TRUE
08119003,2010,2,NA,0,TRUE
08119003,2011,2,0,0,TRUE
08119003,2012,2,0,0,TRUE
08119003,2013,3,0,0,TRUE
08119003,2014,3,0,100,TRUE
08119004,2010,2,NA,0,TRUE
08119004,2011,2,0,0,TRUE
08119004,2012,2,0,0,TRUE
08119004,2013,3,0,0,TRUE
08119004,2014,3,0,99.78,TRUE
08119006,2010,2,NA,0,TRUE
08119006,2011,2,0,0,TRUE
08119006,2012,2,0,0,TRUE
08119006,2013,3,0,0,TRUE
08119006,2014,3,0,99.93,TRUE
08119008,2010,2,NA,0,TRUE
08119008,2011,2,0,0,TRUE
08119008,2012,2,0,0,TRUE
08119008,2013,3,0,0,TRUE
08119008,2014,3,0,100,TRUE
08119018,2010,2,NA,0,TRUE
08119018,2011,2,0,0,TRUE
08119018,2012,2,0,0,TRUE
08119018,2013,3,0,0,TRUE
08119018,2014,3,0,100,TRUE
08119020,2010,2,NA,0,TRUE
08119020,2011,2,0,0,TRUE
08119020,2012,2,0,0,TRUE
08119020,2013,3,0,0,TRUE
08119020,2014,3,0,100,TRUE
08119024,2010,2,NA,0,TRUE
08119024,2011,2,0,0,TRUE
08119024,2012,2,0,0,TRUE
08119024,2013,3,0,0,TRUE
08119024,2014,3,0,100,TRUE
08119037,2010,2,NA,0,TRUE
08119037,2011,2,0,0,TRUE
08119037,2012,2,0,0,TRUE
08119037,2013,3,0,0,TRUE
08119037,2014,3,0,96.71,TRUE
08119038,2010,2,NA,0,TRUE
08119038,2011,2,0,0,TRUE
08119038,2012,2,0,0,TRUE
08119038,2013,3,0,0,TRUE
08119038,2014,3,0,99.24,TRUE
08119041,2010,2,NA,0,TRUE
08119041,2011,2,0,0,TRUE
08119041,2012,2,0,0,TRUE
08119041,2013,3,0,0,TRUE
08119041,2014,3,0,100,TRUE
08119042,2010,2,NA,0,TRUE
08119042,2011,2,0,0,TRUE
08119042,2012,2,0,0,TRUE
08119042,2013,3,0,0,TRUE
08119042,2014,3,0,100,TRUE
08119044,2010,2,NA,0,TRUE
08119044,2011,2,0,0,TRUE
08119044,2012,2,0,0,TRUE
08119044,2013,3,0,0,TRUE
08119044,2014,3,0,99.76,TRUE
08119053,2010,2,NA,0,TRUE
08119053,2011,2,0,0,TRUE
08119053,2012,2,0,0,TRUE
08119053,2013,3,0,0,TRUE
08119053,2014,3,0,100,TRUE
08119055,2010,2,NA,0,TRUE
08119055,2011,2,0,0,TRUE
08119055,2012,2,0,0,TRUE
08119055,2013,3,0,0,TRUE
08119055,2014,3,0,100,TRUE
08119061,2010,2,NA,0,TRUE
08119061,2011,2,0,0,TRUE
08119061,2012,2,0,0,TRUE
08119061,2013,3,0,0,TRUE
08119061,2014,3,0,99.84,TRUE
08119067,2010,2,NA,0,TRUE
08119067,2011,2,0,0,TRUE
08119067,2012,2,0,0,TRUE
08119067,2013,3,0,0,TRUE
08119067,2014,3,0,98.94,TRUE
08119068,2010,2,NA,0,TRUE
08119068,2011,2,0,0,TRUE
08119068,2012,2,0,0,TRUE
08119068,2013,3,0,0,TRUE
08119068,2014,3,0,100,TRUE
08119069,2010,2,NA,0,TRUE
08119069,2011,2,0,0,TRUE
08119069,2012,2,0,0,TRUE
08119069,2013,3,0,0,TRUE
08119069,2014,3,0,97.38,TRUE
08119075,2010,2,NA,0,TRUE
08119075,2011,2,0,0,TRUE
08119075,2012,2,0,0,TRUE
08119075,2013,3,0,0,TRUE
08119075,2014,3,0,99.96,TRUE
08119076,2010,2,NA,0,TRUE
08119076,2011,2,0,0,TRUE
08119076,2012,2,0,0,TRUE
08119076,2013,3,0,0,TRUE
08119076,2014,3,0,100,TRUE
08119079,2010,2,NA,0,TRUE
08119079,2011,2,0,0,TRUE
08119079,2012,2,0,0,TRUE
08119079,2013,3,0,0,TRUE
08119079,2014,3,0,99.98,TRUE
08119083,2010,2,NA,0,TRUE
08119083,2011,2,0,0,TRUE
08119083,2012,2,0,0,TRUE
08119083,2013,3,0,0,TRUE
08119083,2014,3,0,100,TRUE
08119084,2010,2,NA,0,TRUE
08119084,2011,2,0,0,TRUE
08119084,2012,2,0,0,TRUE
08119084,2013,3,0,0,TRUE
08119084,2014,3,0,99.83,TRUE
08119085,2010,2,NA,0,TRUE
08119085,2011,2,0,0,TRUE
08119085,2012,2,0,0,TRUE
08119085,2013,3,0,0,TRUE
08119085,2014,3,0,99.99,TRUE
08119086,2010,2,NA,0,TRUE
08119086,2011,2,0,0,TRUE
08119086,2012,2,0,0,TRUE
08119086,2013,3,0,0,TRUE
08119086,2014,3,0,100,TRUE
08119087,2010,2,NA,0,TRUE
08119087,2011,2,0,0,TRUE
08119087,2012,2,0,0,TRUE
08119087,2013,3,0,0,TRUE
08119087,2014,3,0,99.71,TRUE
08119089,2010,2,NA,0,TRUE
08119089,2011,2,0,0,TRUE
08119089,2012,2,0,0,TRUE
08119089,2013,3,0,0,TRUE
08119089,2014,3,0,100,TRUE
08119090,2010,2,NA,0,TRUE
08119090,2011,2,0,0,TRUE
08119090,2012,2,0,0,TRUE
08119090,2013,3,0,0,TRUE
08119090,2014,3,0,100,TRUE
08119091,2010,2,NA,0,TRUE
08119091,2011,2,0,0,TRUE
08119091,2012,2,0,0,TRUE
08119091,2013,3,0,0,TRUE
08119091,2014,3,0,99.93,TRUE
08119093,2010,2,NA,0,TRUE
08119093,2011,2,0,0,TRUE
08119093,2012,2,0,0,TRUE
08119093,2013,3,0,0,TRUE
08119093,2014,3,0,100,TRUE
08121000,2010,2,NA,0,TRUE
08121000,2011,2,0,0,TRUE
08121000,2012,2,0,0,TRUE
08121000,2013,3,0,0,TRUE
08121000,2014,3,0,100,TRUE
08125001,2010,2,NA,0,TRUE
08125001,2011,2,0,0,TRUE
08125001,2012,2,0,0,TRUE
08125001,2013,3,0,0,TRUE
08125001,2014,3,0,100,TRUE
08125005,2010,2,NA,0,TRUE
08125005,2011,2,0,0,TRUE
08125005,2012,2,0,0,TRUE
08125005,2013,3,0,0,TRUE
08125005,2014,3,0,100,TRUE
08125006,2010,2,NA,0,TRUE
08125006,2011,2,0,0,TRUE
08125006,2012,2,0,0,TRUE
08125006,2013,3,0,0,TRUE
08125006,2014,3,0,99.37,TRUE
08125007,2010,2,NA,0,TRUE
08125007,2011,2,0,0,TRUE
08125007,2012,2,0,0,TRUE
08125007,2013,3,0,0,TRUE
08125007,2014,3,0,99.97,TRUE
08125008,2010,2,NA,0,TRUE
08125008,2011,2,0,0,TRUE
08125008,2012,2,0,0,TRUE
08125008,2013,3,0,0,TRUE
08125008,2014,3,0,98.83,TRUE
08125013,2010,2,NA,0,TRUE
08125013,2011,2,0,0,TRUE
08125013,2012,2,0,0,TRUE
08125013,2013,3,0,0,TRUE
08125013,2014,3,0,99.91,TRUE
08125017,2010,2,NA,0,TRUE
08125017,2011,2,0,0,TRUE
08125017,2012,2,0,0,TRUE
08125017,2013,3,0,0,TRUE
08125017,2014,3,0,100,TRUE
08125021,2010,2,NA,0,TRUE
08125021,2011,2,0,0,TRUE
08125021,2012,2,0,0,TRUE
08125021,2013,3,0,0,TRUE
08125021,2014,3,0,100,TRUE
08125024,2010,2,NA,0,TRUE
08125024,2011,2,0,0,TRUE
08125024,2012,2,0,0,TRUE
08125024,2013,3,0,0,TRUE
08125024,2014,3,0,100,TRUE
08125026,2010,2,NA,0,TRUE
08125026,2011,2,0,0,TRUE
08125026,2012,2,0,0,TRUE
08125026,2013,3,0,0,TRUE
08125026,2014,3,0,100,TRUE
08125027,2010,2,NA,0,TRUE
08125027,2011,2,0,0,TRUE
08125027,2012,2,0,0,TRUE
08125027,2013,3,0,0,TRUE
08125027,2014,3,0,100,TRUE
08125030,2010,2,NA,0,TRUE
08125030,2011,2,0,0,TRUE
08125030,2012,2,0,0,TRUE
08125030,2013,3,0,0,TRUE
08125030,2014,3,0,100,TRUE
08125034,2010,2,NA,0,TRUE
08125034,2011,2,0,0,TRUE
08125034,2012,2,0,0,TRUE
08125034,2013,3,0,0,TRUE
08125034,2014,3,0,100,TRUE
08125038,2010,2,NA,0,TRUE
08125038,2011,2,0,0,TRUE
08125038,2012,2,0,0,TRUE
08125038,2013,3,0,0,TRUE
08125038,2014,3,0,100,TRUE
08125039,2010,2,NA,0,TRUE
08125039,2011,2,0,0,TRUE
08125039,2012,2,0,0,TRUE
08125039,2013,3,0,0,TRUE
08125039,2014,3,0,98.97,TRUE
08125046,2010,2,NA,0,TRUE
08125046,2011,2,0,0,TRUE
08125046,2012,2,0,0,TRUE
08125046,2013,3,0,0,TRUE
08125046,2014,3,0,99.78,TRUE
08125047,2010,2,NA,0,TRUE
08125047,2011,2,0,0,TRUE
08125047,2012,2,0,0,TRUE
08125047,2013,3,0,0,TRUE
08125047,2014,3,0,99.9,TRUE
08125048,2010,2,NA,0,TRUE
08125048,2011,2,0,0,TRUE
08125048,2012,2,0,0,TRUE
08125048,2013,3,0,0,TRUE
08125048,2014,3,0,100,TRUE
08125049,2010,2,NA,0,TRUE
08125049,2011,2,0,0,TRUE
08125049,2012,2,0,0,TRUE
08125049,2013,3,0,0,TRUE
08125049,2014,3,0,99.91,TRUE
08125056,2010,2,NA,0,TRUE
08125056,2011,2,0,0,TRUE
08125056,2012,2,0,0,TRUE
08125056,2013,3,0,0,TRUE
08125056,2014,3,0,100,TRUE
08125057,2010,2,NA,0,TRUE
08125057,2011,2,0,0,TRUE
08125057,2012,2,0,0,TRUE
08125057,2013,3,0,0,TRUE
08125057,2014,3,0,100,TRUE
08125058,2010,2,NA,0,TRUE
08125058,2011,2,0,0,TRUE
08125058,2012,2,0,0,TRUE
08125058,2013,3,0,0,TRUE
08125058,2014,3,0,100,TRUE
08125059,2010,2,NA,0,TRUE
08125059,2011,2,0,0,TRUE
08125059,2012,2,0,0,TRUE
08125059,2013,3,0,0,TRUE
08125059,2014,3,0,100,TRUE
08125061,2010,2,NA,0,TRUE
08125061,2011,2,0,0,TRUE
08125061,2012,2,0,0,TRUE
08125061,2013,3,0,0,TRUE
08125061,2014,3,0,100,TRUE
08125063,2010,2,NA,0,TRUE
08125063,2011,2,0,0,TRUE
08125063,2012,2,0,0,TRUE
08125063,2013,3,0,0,TRUE
08125063,2014,3,0,99.18,TRUE
08125065,2010,2,NA,0,TRUE
08125065,2011,2,0,0,TRUE
08125065,2012,2,0,0,TRUE
08125065,2013,3,0,0,TRUE
08125065,2014,3,0,100,TRUE
08125066,2010,2,NA,0,TRUE
08125066,2011,2,0,0,TRUE
08125066,2012,2,0,0,TRUE
08125066,2013,3,0,0,TRUE
08125066,2014,3,0,100,TRUE
08125068,2010,2,NA,0,TRUE
08125068,2011,2,0,0,TRUE
08125068,2012,2,0,0,TRUE
08125068,2013,3,0,0,TRUE
08125068,2014,3,0,99.95,TRUE
08125069,2010,2,NA,0,TRUE
08125069,2011,2,0,0,TRUE
08125069,2012,2,0,0,TRUE
08125069,2013,3,0,0,TRUE
08125069,2014,3,0,99.59,TRUE
08125074,2010,2,NA,0,TRUE
08125074,2011,2,0,0,TRUE
08125074,2012,2,0,0,TRUE
08125074,2013,3,0,0,TRUE
08125074,2014,3,0,100,TRUE
08125078,2010,2,NA,0,TRUE
08125078,2011,2,0,0,TRUE
08125078,2012,2,0,0,TRUE
08125078,2013,3,0,0,TRUE
08125078,2014,3,0,100,TRUE
08125079,2010,2,NA,0,TRUE
08125079,2011,2,0,0,TRUE
08125079,2012,2,0,0,TRUE
08125079,2013,3,0,0,TRUE
08125079,2014,3,0,99.91,TRUE
08125081,2010,2,NA,0,TRUE
08125081,2011,2,0,0,TRUE
08125081,2012,2,0,0,TRUE
08125081,2013,3,0,0,TRUE
08125081,2014,3,0,100,TRUE
08125084,2010,2,NA,0,TRUE
08125084,2011,2,0,0,TRUE
08125084,2012,2,0,0,TRUE
08125084,2013,3,0,0,TRUE
08125084,2014,3,0,99.5,TRUE
08125086,2010,2,NA,0,TRUE
08125086,2011,2,0,0,TRUE
08125086,2012,2,0,0,TRUE
08125086,2013,3,0,0,TRUE
08125086,2014,3,0,100,TRUE
08125087,2010,2,NA,0,TRUE
08125087,2011,2,0,0,TRUE
08125087,2012,2,0,0,TRUE
08125087,2013,3,0,0,TRUE
08125087,2014,3,0,100,TRUE
08125094,2010,2,NA,0,TRUE
08125094,2011,2,0,0,TRUE
08125094,2012,2,0,0,TRUE
08125094,2013,3,0,0,TRUE
08125094,2014,3,0,100,TRUE
08125096,2010,2,NA,0,TRUE
08125096,2011,2,0,0,TRUE
08125096,2012,2,0,0,TRUE
08125096,2013,3,0,0,TRUE
08125096,2014,3,0,100,TRUE
08125098,2010,2,NA,0,TRUE
08125098,2011,2,0,0,TRUE
08125098,2012,2,0,0,TRUE
08125098,2013,3,0,0,TRUE
08125098,2014,3,0,99.97,TRUE
08125102,2010,2,NA,0,TRUE
08125102,2011,2,0,0,TRUE
08125102,2012,2,0,0,TRUE
08125102,2013,3,0,0,TRUE
08125102,2014,3,0,99.98,TRUE
08125103,2010,2,NA,0,TRUE
08125103,2011,2,0,0,TRUE
08125103,2012,2,0,0,TRUE
08125103,2013,3,0,0,TRUE
08125103,2014,3,0,99.01,TRUE
08125107,2010,2,NA,0,TRUE
08125107,2011,2,0,0,TRUE
08125107,2012,2,0,0,TRUE
08125107,2013,3,0,0,TRUE
08125107,2014,3,0,97.66,TRUE
08125108,2010,2,NA,0,TRUE
08125108,2011,2,0,0,TRUE
08125108,2012,2,0,0,TRUE
08125108,2013,3,0,0,TRUE
08125108,2014,3,0,97.5,TRUE
08125110,2010,2,NA,0,TRUE
08125110,2011,2,0,0,TRUE
08125110,2012,2,0,0,TRUE
08125110,2013,3,0,0,TRUE
08125110,2014,3,0,99.98,TRUE
08125111,2010,2,NA,0,TRUE
08125111,2011,2,0,0,TRUE
08125111,2012,2,0,0,TRUE
08125111,2013,3,0,0,TRUE
08125111,2014,3,0,99.14,TRUE
08125113,2010,2,NA,0,TRUE
08125113,2011,2,0,0,TRUE
08125113,2012,2,0,0,TRUE
08125113,2013,3,0,0,TRUE
08125113,2014,3,0,100,TRUE
08126011,2010,2,NA,0,TRUE
08126011,2011,2,0,0,TRUE
08126011,2012,2,0,0,TRUE
08126011,2013,3,0,0,TRUE
08126011,2014,3,0,98.72,TRUE
08126020,2010,2,NA,0,TRUE
08126020,2011,2,0,0,TRUE
08126020,2012,2,0,0,TRUE
08126020,2013,3,0,0,TRUE
08126020,2014,3,0,99.21,TRUE
08126028,2010,2,NA,0,TRUE
08126028,2011,2,0,0,TRUE
08126028,2012,2,0,0,TRUE
08126028,2013,3,0,0,TRUE
08126028,2014,3,0,98.75,TRUE
08126039,2010,2,NA,0,TRUE
08126039,2011,2,0,0,TRUE
08126039,2012,2,0,0,TRUE
08126039,2013,3,0,0,TRUE
08126039,2014,3,0,92.99,TRUE
08126045,2010,2,NA,0,TRUE
08126045,2011,2,0,0,TRUE
08126045,2012,2,0,0,TRUE
08126045,2013,3,0,0,TRUE
08126045,2014,3,0,99.9,TRUE
08126046,2010,2,NA,0,TRUE
08126046,2011,2,0,0,TRUE
08126046,2012,2,0,0,TRUE
08126046,2013,3,0,0,TRUE
08126046,2014,3,0,98.42,TRUE
08126047,2010,2,NA,0,TRUE
08126047,2011,2,0,0,TRUE
08126047,2012,2,0,0,TRUE
08126047,2013,3,0,0,TRUE
08126047,2014,3,0,97.18,TRUE
08126056,2010,2,NA,0,TRUE
08126056,2011,2,0,0,TRUE
08126056,2012,2,0,0,TRUE
08126056,2013,3,0,0,TRUE
08126056,2014,3,0,90.15,TRUE
08126058,2010,2,NA,0,TRUE
08126058,2011,2,0,0,TRUE
08126058,2012,2,0,0,TRUE
08126058,2013,3,0,0,TRUE
08126058,2014,3,0,98.24,TRUE
08126060,2010,2,NA,0,TRUE
08126060,2011,2,0,0,TRUE
08126060,2012,2,0,0,TRUE
08126060,2013,3,0,0,TRUE
08126060,2014,3,0,100,TRUE
08126066,2010,2,NA,0,TRUE
08126066,2011,2,0,0,TRUE
08126066,2012,2,0,0,TRUE
08126066,2013,3,0,0,TRUE
08126066,2014,3,0,100,TRUE
08126069,2010,2,NA,0,TRUE
08126069,2011,2,0,0,TRUE
08126069,2012,2,0,0,TRUE
08126069,2013,3,0,0,TRUE
08126069,2014,3,0,100,TRUE
08126072,2010,2,NA,0,TRUE
08126072,2011,2,0,0,TRUE
08126072,2012,2,0,0,TRUE
08126072,2013,3,0,0,TRUE
08126072,2014,3,0,98.22,TRUE
08126085,2010,2,NA,0,TRUE
08126085,2011,2,0,0,TRUE
08126085,2012,2,0,0,TRUE
08126085,2013,3,0,0,TRUE
08126085,2014,3,0,97.46,TRUE
08126086,2010,2,NA,0,TRUE
08126086,2011,2,0,0,TRUE
08126086,2012,2,0,0,TRUE
08126086,2013,3,0,0,TRUE
08126086,2014,3,0,100,TRUE
08126094,2010,2,NA,0,TRUE
08126094,2011,2,0,0,TRUE
08126094,2012,2,0,0,TRUE
08126094,2013,3,0,0,TRUE
08126094,2014,3,0,99.26,TRUE
08127008,2010,2,NA,0,TRUE
08127008,2011,2,0,0,TRUE
08127008,2012,2,0,0,TRUE
08127008,2013,3,0,0,TRUE
08127008,2014,3,0,87.14,TRUE
08127009,2010,2,NA,0,TRUE
08127009,2011,2,0,0,TRUE
08127009,2012,2,0,0,TRUE
08127009,2013,3,0,0,TRUE
08127009,2014,3,0,98.68,TRUE
08127012,2010,2,NA,0,TRUE
08127012,2011,2,0,0,TRUE
08127012,2012,2,0,0,TRUE
08127012,2013,3,0,0,TRUE
08127012,2014,3,0,99.29,TRUE
08127013,2010,2,NA,0,TRUE
08127013,2011,2,0,0,TRUE
08127013,2012,2,0,0,TRUE
08127013,2013,3,0,0,TRUE
08127013,2014,3,0,93.73,TRUE
08127014,2010,2,NA,0,TRUE
08127014,2011,2,0,0,TRUE
08127014,2012,2,0,0,TRUE
08127014,2013,3,0,0,TRUE
08127014,2014,3,0,99.88,TRUE
08127023,2010,2,NA,0,TRUE
08127023,2011,2,0,0,TRUE
08127023,2012,2,0,0,TRUE
08127023,2013,3,0,0,TRUE
08127023,2014,3,0,99.83,TRUE
08127025,2010,2,NA,0,TRUE
08127025,2011,2,0,0,TRUE
08127025,2012,2,0,0,TRUE
08127025,2013,3,0,0,TRUE
08127025,2014,3,0,98.69,TRUE
08127032,2010,2,NA,0,TRUE
08127032,2011,2,0,0,TRUE
08127032,2012,2,0,0,TRUE
08127032,2013,3,0,0,TRUE
08127032,2014,3,0,98.09,TRUE
08127043,2010,2,NA,0,TRUE
08127043,2011,2,0,0,TRUE
08127043,2012,2,0,0,TRUE
08127043,2013,3,0,0,TRUE
08127043,2014,3,0,98.87,TRUE
08127046,2010,2,NA,0,TRUE
08127046,2011,2,0,0,TRUE
08127046,2012,2,0,0,TRUE
08127046,2013,3,0,0,TRUE
08127046,2014,3,0,99.71,TRUE
08127047,2010,2,NA,0,TRUE
08127047,2011,2,0,0,TRUE
08127047,2012,2,0,0,TRUE
08127047,2013,3,0,0,TRUE
08127047,2014,3,0,99.37,TRUE
08127052,2010,2,NA,0,TRUE
08127052,2011,2,0,0,TRUE
08127052,2012,2,0,0,TRUE
08127052,2013,3,0,0,TRUE
08127052,2014,3,0,97.48,TRUE
08127056,2010,2,NA,0,TRUE
08127056,2011,2,0,0,TRUE
08127056,2012,2,0,0,TRUE
08127056,2013,3,0,0,TRUE
08127056,2014,3,0,100,TRUE
08127059,2010,2,NA,0,TRUE
08127059,2011,2,0,0,TRUE
08127059,2012,2,0,0,TRUE
08127059,2013,3,0,0,TRUE
08127059,2014,3,0,99.16,TRUE
08127062,2010,2,NA,0,TRUE
08127062,2011,2,0,0,TRUE
08127062,2012,2,0,0,TRUE
08127062,2013,3,0,0,TRUE
08127062,2014,3,0,97.89,TRUE
08127063,2010,2,NA,0,TRUE
08127063,2011,2,0,0,TRUE
08127063,2012,2,0,0,TRUE
08127063,2013,3,0,0,TRUE
08127063,2014,3,0,91,TRUE
08127071,2010,2,NA,0,TRUE
08127071,2011,2,0,0,TRUE
08127071,2012,2,0,0,TRUE
08127071,2013,3,0,0,TRUE
08127071,2014,3,0,92.53,TRUE
08127073,2010,2,NA,0,TRUE
08127073,2011,2,0,0,TRUE
08127073,2012,2,0,0,TRUE
08127073,2013,3,0,0,TRUE
08127073,2014,3,0,99.67,TRUE
08127075,2010,2,NA,0,TRUE
08127075,2011,2,0,0,TRUE
08127075,2012,2,0,0,TRUE
08127075,2013,3,0,0,TRUE
08127075,2014,3,0,99.13,TRUE
08127076,2010,2,NA,0,TRUE
08127076,2011,2,0,0,TRUE
08127076,2012,2,0,0,TRUE
08127076,2013,3,0,0,TRUE
08127076,2014,3,0,99.63,TRUE
08127079,2010,2,NA,0,TRUE
08127079,2011,2,0,0,TRUE
08127079,2012,2,0,0,TRUE
08127079,2013,3,0,0,TRUE
08127079,2014,3,0,98.93,TRUE
08127086,2010,2,NA,0,TRUE
08127086,2011,2,0,0,TRUE
08127086,2012,2,0,0,TRUE
08127086,2013,3,0,0,TRUE
08127086,2014,3,0,99.92,TRUE
08127089,2010,2,NA,0,TRUE
08127089,2011,2,0,0,TRUE
08127089,2012,2,0,0,TRUE
08127089,2013,3,0,0,TRUE
08127089,2014,3,0,100,TRUE
08127091,2010,2,NA,0,TRUE
08127091,2011,2,0,0,TRUE
08127091,2012,2,0,0,TRUE
08127091,2013,3,0,0,TRUE
08127091,2014,3,0,99.54,TRUE
08127099,2010,2,NA,0,TRUE
08127099,2011,2,0,0,TRUE
08127099,2012,2,0,0,TRUE
08127099,2013,3,0,0,TRUE
08127099,2014,3,0,99.64,TRUE
08127100,2010,2,NA,0,TRUE
08127100,2011,2,0,0,TRUE
08127100,2012,2,0,0,TRUE
08127100,2013,3,0,0,TRUE
08127100,2014,3,0,100,TRUE
08127101,2010,2,NA,0,TRUE
08127101,2011,2,0,0,TRUE
08127101,2012,2,0,0,TRUE
08127101,2013,3,0,0,TRUE
08127101,2014,3,0,97.55,TRUE
08127102,2010,2,NA,0,TRUE
08127102,2011,2,0,0,TRUE
08127102,2012,2,0,0,TRUE
08127102,2013,3,0,0,TRUE
08127102,2014,3,0,99.95,TRUE
08127103,2010,2,NA,0,TRUE
08127103,2011,2,0,0,TRUE
08127103,2012,2,0,0,TRUE
08127103,2013,3,0,0,TRUE
08127103,2014,3,0,96.91,TRUE
08127104,2010,2,NA,0,TRUE
08127104,2011,2,0,0,TRUE
08127104,2012,2,0,0,TRUE
08127104,2013,3,0,0,TRUE
08127104,2014,3,0,100,TRUE
08128006,2010,2,NA,0,TRUE
08128006,2011,2,0,0,TRUE
08128006,2012,2,0,0,TRUE
08128006,2013,3,0,0,TRUE
08128006,2014,3,0,99.39,TRUE
08128007,2010,2,NA,0,TRUE
08128007,2011,2,0,0,TRUE
08128007,2012,2,0,0,TRUE
08128007,2013,3,0,0,TRUE
08128007,2014,3,0,99.48,TRUE
08128014,2010,2,NA,0,TRUE
08128014,2011,2,0,0,TRUE
08128014,2012,2,0,0,TRUE
08128014,2013,3,0,0,TRUE
08128014,2014,3,0,99.52,TRUE
08128020,2010,2,NA,0,TRUE
08128020,2011,2,0,0,TRUE
08128020,2012,2,0,0,TRUE
08128020,2013,3,0,0,TRUE
08128020,2014,3,0,93.62,TRUE
08128039,2010,2,NA,0,TRUE
08128039,2011,2,0,0,TRUE
08128039,2012,2,0,0,TRUE
08128039,2013,3,0,0,TRUE
08128039,2014,3,0,99.75,TRUE
08128045,2010,2,NA,0,TRUE
08128045,2011,2,0,0,TRUE
08128045,2012,2,0,0,TRUE
08128045,2013,3,0,0,TRUE
08128045,2014,3,0,99.81,TRUE
08128047,2010,2,NA,0,TRUE
08128047,2011,2,0,0,TRUE
08128047,2012,2,0,0,TRUE
08128047,2013,3,0,0,TRUE
08128047,2014,3,0,94.53,TRUE
08128058,2010,2,NA,0,TRUE
08128058,2011,2,0,0,TRUE
08128058,2012,2,0,0,TRUE
08128058,2013,3,0,0,TRUE
08128058,2014,3,0,95.98,TRUE
08128061,2010,2,NA,0,TRUE
08128061,2011,2,0,0,TRUE
08128061,2012,2,0,0,TRUE
08128061,2013,3,0,0,TRUE
08128061,2014,3,0,99.92,TRUE
08128064,2010,2,NA,0,TRUE
08128064,2011,2,0,0,TRUE
08128064,2012,2,0,0,TRUE
08128064,2013,3,0,0,TRUE
08128064,2014,3,0,99.63,TRUE
08128082,2010,2,NA,0,TRUE
08128082,2011,2,0,0,TRUE
08128082,2012,2,0,0,TRUE
08128082,2013,3,0,0,TRUE
08128082,2014,3,0,98.69,TRUE
08128115,2010,2,NA,0,TRUE
08128115,2011,2,0,0,TRUE
08128115,2012,2,0,0,TRUE
08128115,2013,3,0,0,TRUE
08128115,2014,3,0,100,TRUE
08128126,2010,2,NA,0,TRUE
08128126,2011,2,0,0,TRUE
08128126,2012,2,0,0,TRUE
08128126,2013,3,0,0,TRUE
08128126,2014,3,0,97.88,TRUE
08128128,2010,2,NA,0,TRUE
08128128,2011,2,0,0,TRUE
08128128,2012,2,0,0,TRUE
08128128,2013,3,0,0,TRUE
08128128,2014,3,0,98.86,TRUE
08128131,2010,2,NA,0,TRUE
08128131,2011,2,0,0,TRUE
08128131,2012,2,0,0,TRUE
08128131,2013,3,0,0,TRUE
08128131,2014,3,0,99.43,TRUE
08128137,2010,2,NA,0,TRUE
08128137,2011,2,0,0,TRUE
08128137,2012,2,0,0,TRUE
08128137,2013,3,0,0,TRUE
08128137,2014,3,0,99.71,TRUE
08128138,2010,2,NA,0,TRUE
08128138,2011,2,0,0,TRUE
08128138,2012,2,0,0,TRUE
08128138,2013,3,0,0,TRUE
08128138,2014,3,0,84.21,TRUE
08128139,2010,2,NA,0,TRUE
08128139,2011,2,0,0,TRUE
08128139,2012,2,0,0,TRUE
08128139,2013,3,0,0,TRUE
08128139,2014,3,0,99.89,TRUE
08135010,2010,2,NA,0,TRUE
08135010,2011,2,0,0,TRUE
08135010,2012,2,0,0,TRUE
08135010,2013,3,0,0,TRUE
08135010,2014,3,0,92.13,TRUE
08135015,2010,2,NA,0,TRUE
08135015,2011,2,0,0,TRUE
08135015,2012,2,0,0,TRUE
08135015,2013,3,0,0,TRUE
08135015,2014,3,0,99.92,TRUE
08135016,2010,2,NA,0,TRUE
08135016,2011,2,0,0,TRUE
08135016,2012,2,0,0,TRUE
08135016,2013,3,0,0,TRUE
08135016,2014,3,0,99.98,TRUE
08135019,2010,2,NA,0,TRUE
08135019,2011,2,0,0,TRUE
08135019,2012,2,0,0,TRUE
08135019,2013,3,0,0,TRUE
08135019,2014,3,0,99.99,TRUE
08135020,2010,2,NA,0,TRUE
08135020,2011,2,0,0,TRUE
08135020,2012,2,0,0,TRUE
08135020,2013,3,0,0,TRUE
08135020,2014,3,0,99.55,TRUE
08135021,2010,2,NA,0,TRUE
08135021,2011,2,0,0,TRUE
08135021,2012,2,0,0,TRUE
08135021,2013,3,0,0,TRUE
08135021,2014,3,0,100,TRUE
08135025,2010,2,NA,0,TRUE
08135025,2011,2,0,0,TRUE
08135025,2012,2,0,0,TRUE
08135025,2013,3,0,0,TRUE
08135025,2014,3,0,99.97,TRUE
08135026,2010,2,NA,0,TRUE
08135026,2011,2,0,0,TRUE
08135026,2012,2,0,0,TRUE
08135026,2013,3,0,0,TRUE
08135026,2014,3,0,99.43,TRUE
08135027,2010,2,NA,0,TRUE
08135027,2011,2,0,0,TRUE
08135027,2012,2,0,0,TRUE
08135027,2013,3,0,0,TRUE
08135027,2014,3,0,84.09,TRUE
08135031,2010,2,NA,0,TRUE
08135031,2011,2,0,0,TRUE
08135031,2012,2,0,0,TRUE
08135031,2013,3,0,0,TRUE
08135031,2014,3,0,99.91,TRUE
08135032,2010,2,NA,0,TRUE
08135032,2011,2,0,0,TRUE
08135032,2012,2,0,0,TRUE
08135032,2013,3,0,0,TRUE
08135032,2014,3,0,99.94,TRUE
08136002,2010,2,NA,0,TRUE
08136002,2011,2,0,0,TRUE
08136002,2012,2,0,0,TRUE
08136002,2013,3,0,0,TRUE
08136002,2014,3,0,99,TRUE
08136003,2010,2,NA,0,TRUE
08136003,2011,2,0,0,TRUE
08136003,2012,2,0,0,TRUE
08136003,2013,3,0,0,TRUE
08136003,2014,3,0,99.87,TRUE
08136007,2010,2,NA,0,TRUE
08136007,2011,2,0,0,TRUE
08136007,2012,2,0,0,TRUE
08136007,2013,3,0,0,TRUE
08136007,2014,3,0,99.78,TRUE
08136009,2010,2,NA,0,TRUE
08136009,2011,2,0,0,TRUE
08136009,2012,2,0,0,TRUE
08136009,2013,3,0,0,TRUE
08136009,2014,3,0,100,TRUE
08136010,2010,2,NA,0,TRUE
08136010,2011,2,0,0,TRUE
08136010,2012,2,0,0,TRUE
08136010,2013,3,0,0,TRUE
08136010,2014,3,0,98.76,TRUE
08136015,2010,2,NA,0,TRUE
08136015,2011,2,0,0,TRUE
08136015,2012,2,0,0,TRUE
08136015,2013,3,0,0,TRUE
08136015,2014,3,0,58.89,TRUE
08136018,2010,2,NA,0,TRUE
08136018,2011,2,0,0,TRUE
08136018,2012,2,0,0,TRUE
08136018,2013,3,0,0,TRUE
08136018,2014,3,0,98.15,TRUE
08136019,2010,2,NA,0,TRUE
08136019,2011,2,0,0,TRUE
08136019,2012,2,0,0,TRUE
08136019,2013,3,0,0,TRUE
08136019,2014,3,0,99.5,TRUE
08136020,2010,2,NA,0,TRUE
08136020,2011,2,0,0,TRUE
08136020,2012,2,0,0,TRUE
08136020,2013,3,0,0,TRUE
08136020,2014,3,0,99.86,TRUE
08136021,2010,2,NA,0,TRUE
08136021,2011,2,0,0,TRUE
08136021,2012,2,0,0,TRUE
08136021,2013,3,0,0,TRUE
08136021,2014,3,0,96.26,TRUE
08136024,2010,2,NA,0,TRUE
08136024,2011,2,0,0,TRUE
08136024,2012,2,0,0,TRUE
08136024,2013,3,0,0,TRUE
08136024,2014,3,0,100,TRUE
08136027,2010,2,NA,0,TRUE
08136027,2011,2,0,0,TRUE
08136027,2012,2,0,0,TRUE
08136027,2013,3,0,0,TRUE
08136027,2014,3,0,94.76,TRUE
08136028,2010,2,NA,0,TRUE
08136028,2011,2,0,0,TRUE
08136028,2012,2,0,0,TRUE
08136028,2013,3,0,0,TRUE
08136028,2014,3,0,100,TRUE
08136029,2010,2,NA,0,TRUE
08136029,2011,2,0,0,TRUE
08136029,2012,2,0,0,TRUE
08136029,2013,3,0,0,TRUE
08136029,2014,3,0,100,TRUE
08136033,2010,2,NA,0,TRUE
08136033,2011,2,0,0,TRUE
08136033,2012,2,0,0,TRUE
08136033,2013,3,0,0,TRUE
08136033,2014,3,0,99.96,TRUE
08136034,2010,2,NA,0,TRUE
08136034,2011,2,0,0,TRUE
08136034,2012,2,0,0,TRUE
08136034,2013,3,0,0,TRUE
08136034,2014,3,0,100,TRUE
08136035,2010,2,NA,0,TRUE
08136035,2011,2,0,0,TRUE
08136035,2012,2,0,0,TRUE
08136035,2013,3,0,0,TRUE
08136035,2014,3,0,99.47,TRUE
08136037,2010,2,NA,0,TRUE
08136037,2011,2,0,0,TRUE
08136037,2012,2,0,0,TRUE
08136037,2013,3,0,0,TRUE
08136037,2014,3,0,99.09,TRUE
08136038,2010,2,NA,0,TRUE
08136038,2011,2,0,0,TRUE
08136038,2012,2,0,0,TRUE
08136038,2013,3,0,0,TRUE
08136038,2014,3,0,99.84,TRUE
08136040,2010,2,NA,0,TRUE
08136040,2011,2,0,0,TRUE
08136040,2012,2,0,0,TRUE
08136040,2013,3,0,0,TRUE
08136040,2014,3,0,100,TRUE
08136042,2010,2,NA,0,TRUE
08136042,2011,2,0,0,TRUE
08136042,2012,2,0,0,TRUE
08136042,2013,3,0,0,TRUE
08136042,2014,3,0,99.94,TRUE
08136043,2010,2,NA,0,TRUE
08136043,2011,2,0,0,TRUE
08136043,2012,2,0,0,TRUE
08136043,2013,3,0,0,TRUE
08136043,2014,3,0,100,TRUE
08136044,2010,2,NA,0,TRUE
08136044,2011,2,0,0,TRUE
08136044,2012,2,0,0,TRUE
08136044,2013,3,0,0,TRUE
08136044,2014,3,0,100,TRUE
08136045,2010,2,NA,0,TRUE
08136045,2011,2,0,0,TRUE
08136045,2012,2,0,0,TRUE
08136045,2013,3,0,0,TRUE
08136045,2014,3,0,93.69,TRUE
08136046,2010,2,NA,0,TRUE
08136046,2011,2,0,0,TRUE
08136046,2012,2,0,0,TRUE
08136046,2013,3,0,0,TRUE
08136046,2014,3,0,99.74,TRUE
08136049,2010,2,NA,0,TRUE
08136049,2011,2,0,0,TRUE
08136049,2012,2,0,0,TRUE
08136049,2013,3,0,0,TRUE
08136049,2014,3,0,100,TRUE
08136050,2010,2,NA,0,TRUE
08136050,2011,2,0,0,TRUE
08136050,2012,2,0,0,TRUE
08136050,2013,3,0,0,TRUE
08136050,2014,3,0,100,TRUE
08136060,2010,2,NA,0,TRUE
08136060,2011,2,0,0,TRUE
08136060,2012,2,0,0,TRUE
08136060,2013,3,0,0,TRUE
08136060,2014,3,0,92.86,TRUE
08136061,2010,2,NA,0,TRUE
08136061,2011,2,0,0,TRUE
08136061,2012,2,0,0,TRUE
08136061,2013,3,0,0,TRUE
08136061,2014,3,0,98.24,TRUE
08136062,2010,2,NA,0,TRUE
08136062,2011,2,0,0,TRUE
08136062,2012,2,0,0,TRUE
08136062,2013,3,0,0,TRUE
08136062,2014,3,0,100,TRUE
08136065,2010,2,NA,0,TRUE
08136065,2011,2,0,0,TRUE
08136065,2012,2,0,0,TRUE
08136065,2013,3,0,0,TRUE
08136065,2014,3,0,99.78,TRUE
08136066,2010,2,NA,0,TRUE
08136066,2011,2,0,0,TRUE
08136066,2012,2,0,0,TRUE
08136066,2013,3,0,0,TRUE
08136066,2014,3,0,99.86,TRUE
08136068,2010,2,NA,0,TRUE
08136068,2011,2,0,0,TRUE
08136068,2012,2,0,0,TRUE
08136068,2013,3,0,0,TRUE
08136068,2014,3,0,98.18,TRUE
08136070,2010,2,NA,0,TRUE
08136070,2011,2,0,0,TRUE
08136070,2012,2,0,0,TRUE
08136070,2013,3,0,0,TRUE
08136070,2014,3,0,96.97,TRUE
08136071,2010,2,NA,0,TRUE
08136071,2011,2,0,0,TRUE
08136071,2012,2,0,0,TRUE
08136071,2013,3,0,0,TRUE
08136071,2014,3,0,95.04,TRUE
08136075,2010,2,NA,0,TRUE
08136075,2011,2,0,0,TRUE
08136075,2012,2,0,0,TRUE
08136075,2013,3,0,0,TRUE
08136075,2014,3,0,93.54,TRUE
08136079,2010,2,NA,0,TRUE
08136079,2011,2,0,0,TRUE
08136079,2012,2,0,0,TRUE
08136079,2013,3,0,0,TRUE
08136079,2014,3,0,100,TRUE
08136082,2010,2,NA,0,TRUE
08136082,2011,2,0,0,TRUE
08136082,2012,2,0,0,TRUE
08136082,2013,3,0,0,TRUE
08136082,2014,3,0,99.79,TRUE
08136084,2010,2,NA,0,TRUE
08136084,2011,2,0,0,TRUE
08136084,2012,2,0,0,TRUE
08136084,2013,3,0,0,TRUE
08136084,2014,3,0,100,TRUE
08136087,2010,2,NA,0,TRUE
08136087,2011,2,0,0,TRUE
08136087,2012,2,0,0,TRUE
08136087,2013,3,0,0,TRUE
08136087,2014,3,0,96.03,TRUE
08136088,2010,2,NA,0,TRUE
08136088,2011,2,0,0,TRUE
08136088,2012,2,0,0,TRUE
08136088,2013,3,0,0,TRUE
08136088,2014,3,0,99.74,TRUE
08136089,2010,2,NA,0,TRUE
08136089,2011,2,0,0,TRUE
08136089,2012,2,0,0,TRUE
08136089,2013,3,0,0,TRUE
08136089,2014,3,0,95.73,TRUE
08211000,2010,2,NA,0,TRUE
08211000,2011,2,0,0,TRUE
08211000,2012,2,0,0,TRUE
08211000,2013,3,0,0,TRUE
08211000,2014,3,0,99.98,TRUE
08212000,2010,2,NA,0,TRUE
08212000,2011,2,0,0,TRUE
08212000,2012,2,0,0,TRUE
08212000,2013,3,0,0,TRUE
08212000,2014,3,0,100,TRUE
08215007,2010,2,NA,0,TRUE
08215007,2011,2,0,0,TRUE
08215007,2012,2,0,0,TRUE
08215007,2013,3,0,0,TRUE
08215007,2014,3,0,99.9,TRUE
08215009,2010,2,NA,0,TRUE
08215009,2011,2,0,0,TRUE
08215009,2012,2,0,0,TRUE
08215009,2013,3,0,0,TRUE
08215009,2014,3,0,100,TRUE
08215017,2010,2,NA,0,TRUE
08215017,2011,2,0,0,TRUE
08215017,2012,2,0,0,TRUE
08215017,2013,3,0,0,TRUE
08215017,2014,3,0,100,TRUE
08215021,2010,2,NA,0,TRUE
08215021,2011,2,0,0,TRUE
08215021,2012,2,0,0,TRUE
08215021,2013,3,0,0,TRUE
08215021,2014,3,0,100,TRUE
08215025,2010,2,NA,0,TRUE
08215025,2011,2,0,0,TRUE
08215025,2012,2,0,0,TRUE
08215025,2013,3,0,0,TRUE
08215025,2014,3,0,99.86,TRUE
08215029,2010,2,NA,0,TRUE
08215029,2011,2,0,0,TRUE
08215029,2012,2,0,0,TRUE
08215029,2013,3,0,0,TRUE
08215029,2014,3,0,100,TRUE
08215039,2010,2,NA,0,TRUE
08215039,2011,2,0,0,TRUE
08215039,2012,2,0,0,TRUE
08215039,2013,3,0,0,TRUE
08215039,2014,3,0,100,TRUE
08215040,2010,2,NA,0,TRUE
08215040,2011,2,0,0,TRUE
08215040,2012,2,0,0,TRUE
08215040,2013,3,0,0,TRUE
08215040,2014,3,0,100,TRUE
08215046,2010,2,NA,0,TRUE
08215046,2011,2,0,0,TRUE
08215046,2012,2,0,0,TRUE
08215046,2013,3,0,0,TRUE
08215046,2014,3,0,99.89,TRUE
08215047,2010,2,NA,0,TRUE
08215047,2011,2,0,0,TRUE
08215047,2012,2,0,0,TRUE
08215047,2013,3,0,0,TRUE
08215047,2014,3,0,99.96,TRUE
08215059,2010,2,NA,0,TRUE
08215059,2011,2,0,0,TRUE
08215059,2012,2,0,0,TRUE
08215059,2013,3,0,0,TRUE
08215059,2014,3,0,100,TRUE
08215064,2010,2,NA,0,TRUE
08215064,2011,2,0,0,TRUE
08215064,2012,2,0,0,TRUE
08215064,2013,3,0,0,TRUE
08215064,2014,3,0,99.66,TRUE
08215066,2010,2,NA,0,TRUE
08215066,2011,2,0,0,TRUE
08215066,2012,2,0,0,TRUE
08215066,2013,3,0,0,TRUE
08215066,2014,3,0,99.96,TRUE
08215082,2010,2,NA,0,TRUE
08215082,2011,2,0,0,TRUE
08215082,2012,2,0,0,TRUE
08215082,2013,3,0,0,TRUE
08215082,2014,3,0,100,TRUE
08215084,2010,2,NA,0,TRUE
08215084,2011,2,0,0,TRUE
08215084,2012,2,0,0,TRUE
08215084,2013,3,0,0,TRUE
08215084,2014,3,0,99.98,TRUE
08215089,2010,2,NA,0,TRUE
08215089,2011,2,0,0,TRUE
08215089,2012,2,0,0,TRUE
08215089,2013,3,0,0,TRUE
08215089,2014,3,0,99.87,TRUE
08215090,2010,2,NA,0,TRUE
08215090,2011,2,0,0,TRUE
08215090,2012,2,0,0,TRUE
08215090,2013,3,0,0,TRUE
08215090,2014,3,0,99.84,TRUE
08215094,2010,2,NA,0,TRUE
08215094,2011,2,0,0,TRUE
08215094,2012,2,0,0,TRUE
08215094,2013,3,0,0,TRUE
08215094,2014,3,0,100,TRUE
08215096,2010,2,NA,0,TRUE
08215096,2011,2,0,0,TRUE
08215096,2012,2,0,0,TRUE
08215096,2013,3,0,0,TRUE
08215096,2014,3,0,100,TRUE
08215097,2010,2,NA,0,TRUE
08215097,2011,2,0,0,TRUE
08215097,2012,2,0,0,TRUE
08215097,2013,3,0,0,TRUE
08215097,2014,3,0,99.65,TRUE
08215099,2010,2,NA,0,TRUE
08215099,2011,2,0,0,TRUE
08215099,2012,2,0,0,TRUE
08215099,2013,3,0,0,TRUE
08215099,2014,3,0,100,TRUE
08215100,2010,2,NA,0,TRUE
08215100,2011,2,0,0,TRUE
08215100,2012,2,0,0,TRUE
08215100,2013,3,0,0,TRUE
08215100,2014,3,0,100,TRUE
08215101,2010,2,NA,0,TRUE
08215101,2011,2,0,0,TRUE
08215101,2012,2,0,0,TRUE
08215101,2013,3,0,0,TRUE
08215101,2014,3,0,99.99,TRUE
08215102,2010,2,NA,0,TRUE
08215102,2011,2,0,0,TRUE
08215102,2012,2,0,0,TRUE
08215102,2013,3,0,0,TRUE
08215102,2014,3,0,99.85,TRUE
08215103,2010,2,NA,0,TRUE
08215103,2011,2,0,0,TRUE
08215103,2012,2,0,0,TRUE
08215103,2013,3,0,0,TRUE
08215103,2014,3,0,100,TRUE
08215105,2010,2,NA,0,TRUE
08215105,2011,2,0,0,TRUE
08215105,2012,2,0,0,TRUE
08215105,2013,3,0,0,TRUE
08215105,2014,3,0,100,TRUE
08215106,2010,2,NA,0,TRUE
08215106,2011,2,0,0,TRUE
08215106,2012,2,0,0,TRUE
08215106,2013,3,0,0,TRUE
08215106,2014,3,0,99.98,TRUE
08215107,2010,2,NA,0,TRUE
08215107,2011,2,0,0,TRUE
08215107,2012,2,0,0,TRUE
08215107,2013,3,0,0,TRUE
08215107,2014,3,0,100,TRUE
08215108,2010,2,NA,0,TRUE
08215108,2011,2,0,0,TRUE
08215108,2012,2,0,0,TRUE
08215108,2013,3,0,0,TRUE
08215108,2014,3,0,100,TRUE
08215109,2010,2,NA,0,TRUE
08215109,2011,2,0,0,TRUE
08215109,2012,2,0,0,TRUE
08215109,2013,3,0,0,TRUE
08215109,2014,3,0,100,TRUE
08215110,2010,2,NA,0,TRUE
08215110,2011,2,0,0,TRUE
08215110,2012,2,0,0,TRUE
08215110,2013,3,0,0,TRUE
08215110,2014,3,0,100,TRUE
08215111,2010,2,NA,0,TRUE
08215111,2011,2,0,0,TRUE
08215111,2012,2,0,0,TRUE
08215111,2013,3,0,0,TRUE
08215111,2014,3,0,100,TRUE
08216002,2010,2,NA,0,TRUE
08216002,2011,2,0,0,TRUE
08216002,2012,2,0,0,TRUE
08216002,2013,3,0,0,TRUE
08216002,2014,3,0,100,TRUE
08216005,2010,2,NA,0,TRUE
08216005,2011,2,0,0,TRUE
08216005,2012,2,0,0,TRUE
08216005,2013,3,0,0,TRUE
08216005,2014,3,0,100,TRUE
08216006,2010,2,NA,0,TRUE
08216006,2011,2,0,0,TRUE
08216006,2012,2,0,0,TRUE
08216006,2013,3,0,0,TRUE
08216006,2014,3,0,100,TRUE
08216007,2010,2,NA,0,TRUE
08216007,2011,2,0,0,TRUE
08216007,2012,2,0,0,TRUE
08216007,2013,3,0,0,TRUE
08216007,2014,3,0,99.98,TRUE
08216008,2010,2,NA,0,TRUE
08216008,2011,2,0,0,TRUE
08216008,2012,2,0,0,TRUE
08216008,2013,3,0,0,TRUE
08216008,2014,3,0,100,TRUE
08216009,2010,2,NA,0,TRUE
08216009,2011,2,0,0,TRUE
08216009,2012,2,0,0,TRUE
08216009,2013,3,0,0,TRUE
08216009,2014,3,0,100,TRUE
08216012,2010,2,NA,0,TRUE
08216012,2011,2,0,0,TRUE
08216012,2012,2,0,0,TRUE
08216012,2013,3,0,0,TRUE
08216012,2014,3,0,99.56,TRUE
08216013,2010,2,NA,0,TRUE
08216013,2011,2,0,0,TRUE
08216013,2012,2,0,0,TRUE
08216013,2013,3,0,0,TRUE
08216013,2014,3,0,88.78,TRUE
08216015,2010,2,NA,0,TRUE
08216015,2011,2,0,0,TRUE
08216015,2012,2,0,0,TRUE
08216015,2013,3,0,0,TRUE
08216015,2014,3,0,99.98,TRUE
08216017,2010,2,NA,0,TRUE
08216017,2011,2,0,0,TRUE
08216017,2012,2,0,0,TRUE
08216017,2013,3,0,0,TRUE
08216017,2014,3,0,99.88,TRUE
08216022,2010,2,NA,0,TRUE
08216022,2011,2,0,0,TRUE
08216022,2012,2,0,0,TRUE
08216022,2013,3,0,0,TRUE
08216022,2014,3,0,99.95,TRUE
08216023,2010,2,NA,0,TRUE
08216023,2011,2,0,0,TRUE
08216023,2012,2,0,0,TRUE
08216023,2013,3,0,0,TRUE
08216023,2014,3,0,100,TRUE
08216024,2010,2,NA,0,TRUE
08216024,2011,2,0,0,TRUE
08216024,2012,2,0,0,TRUE
08216024,2013,3,0,0,TRUE
08216024,2014,3,0,100,TRUE
08216028,2010,2,NA,0,TRUE
08216028,2011,2,0,0,TRUE
08216028,2012,2,0,0,TRUE
08216028,2013,3,0,0,TRUE
08216028,2014,3,0,99.9,TRUE
08216029,2010,2,NA,0,TRUE
08216029,2011,2,0,0,TRUE
08216029,2012,2,0,0,TRUE
08216029,2013,3,0,0,TRUE
08216029,2014,3,0,99.38,TRUE
08216033,2010,2,NA,0,TRUE
08216033,2011,2,0,0,TRUE
08216033,2012,2,0,0,TRUE
08216033,2013,3,0,0,TRUE
08216033,2014,3,0,100,TRUE
08216039,2010,2,NA,0,TRUE
08216039,2011,2,0,0,TRUE
08216039,2012,2,0,0,TRUE
08216039,2013,3,0,0,TRUE
08216039,2014,3,0,100,TRUE
08216041,2010,2,NA,0,TRUE
08216041,2011,2,0,0,TRUE
08216041,2012,2,0,0,TRUE
08216041,2013,3,0,0,TRUE
08216041,2014,3,0,99.12,TRUE
08216043,2010,2,NA,0,TRUE
08216043,2011,2,0,0,TRUE
08216043,2012,2,0,0,TRUE
08216043,2013,3,0,0,TRUE
08216043,2014,3,0,99.81,TRUE
08216049,2010,2,NA,0,TRUE
08216049,2011,2,0,0,TRUE
08216049,2012,2,0,0,TRUE
08216049,2013,3,0,0,TRUE
08216049,2014,3,0,99.98,TRUE
08216052,2010,2,NA,0,TRUE
08216052,2011,2,0,0,TRUE
08216052,2012,2,0,0,TRUE
08216052,2013,3,0,0,TRUE
08216052,2014,3,0,99.51,TRUE
08216059,2010,2,NA,0,TRUE
08216059,2011,2,0,0,TRUE
08216059,2012,2,0,0,TRUE
08216059,2013,3,0,0,TRUE
08216059,2014,3,0,99.19,TRUE
08216063,2010,2,NA,0,TRUE
08216063,2011,2,0,0,TRUE
08216063,2012,2,0,0,TRUE
08216063,2013,3,0,0,TRUE
08216063,2014,3,0,96.98,TRUE
08221000,2010,2,NA,0,TRUE
08221000,2011,2,0,0,TRUE
08221000,2012,2,0,0,TRUE
08221000,2013,3,0,0,TRUE
08221000,2014,3,0,99.99,TRUE
08222000,2010,2,NA,0,TRUE
08222000,2011,2,0,0,TRUE
08222000,2012,2,0,0,TRUE
08222000,2013,3,0,0,TRUE
08222000,2014,3,0,100,TRUE
08225001,2010,2,NA,0,TRUE
08225001,2011,2,0,0,TRUE
08225001,2012,2,0,0,TRUE
08225001,2013,3,0,0,TRUE
08225001,2014,3,0,99.6,TRUE
08225002,2010,2,NA,0,TRUE
08225002,2011,2,0,0,TRUE
08225002,2012,2,0,0,TRUE
08225002,2013,3,0,0,TRUE
08225002,2014,3,0,100,TRUE
08225009,2010,2,NA,0,TRUE
08225009,2011,2,0,0,TRUE
08225009,2012,2,0,0,TRUE
08225009,2013,3,0,0,TRUE
08225009,2014,3,0,99.96,TRUE
08225010,2010,2,NA,0,TRUE
08225010,2011,2,0,0,TRUE
08225010,2012,2,0,0,TRUE
08225010,2013,3,0,0,TRUE
08225010,2014,3,0,100,TRUE
08225014,2010,2,NA,0,TRUE
08225014,2011,2,0,0,TRUE
08225014,2012,2,0,0,TRUE
08225014,2013,3,0,0,TRUE
08225014,2014,3,0,99.98,TRUE
08225024,2010,2,NA,0,TRUE
08225024,2011,2,0,0,TRUE
08225024,2012,2,0,0,TRUE
08225024,2013,3,0,0,TRUE
08225024,2014,3,0,100,TRUE
08225032,2010,2,NA,0,TRUE
08225032,2011,2,0,0,TRUE
08225032,2012,2,0,0,TRUE
08225032,2013,3,0,0,TRUE
08225032,2014,3,0,99.61,TRUE
08225033,2010,2,NA,0,TRUE
08225033,2011,2,0,0,TRUE
08225033,2012,2,0,0,TRUE
08225033,2013,3,0,0,TRUE
08225033,2014,3,0,99.95,TRUE
08225039,2010,2,NA,0,TRUE
08225039,2011,2,0,0,TRUE
08225039,2012,2,0,0,TRUE
08225039,2013,3,0,0,TRUE
08225039,2014,3,0,97.45,TRUE
08225042,2010,2,NA,0,TRUE
08225042,2011,2,0,0,TRUE
08225042,2012,2,0,0,TRUE
08225042,2013,3,0,0,TRUE
08225042,2014,3,0,100,TRUE
08225052,2010,2,NA,0,TRUE
08225052,2011,2,0,0,TRUE
08225052,2012,2,0,0,TRUE
08225052,2013,3,0,0,TRUE
08225052,2014,3,0,99.84,TRUE
08225058,2010,2,NA,0,TRUE
08225058,2011,2,0,0,TRUE
08225058,2012,2,0,0,TRUE
08225058,2013,3,0,0,TRUE
08225058,2014,3,0,99.77,TRUE
08225060,2010,2,NA,0,TRUE
08225060,2011,2,0,0,TRUE
08225060,2012,2,0,0,TRUE
08225060,2013,3,0,0,TRUE
08225060,2014,3,0,99.31,TRUE
08225064,2010,2,NA,0,TRUE
08225064,2011,2,0,0,TRUE
08225064,2012,2,0,0,TRUE
08225064,2013,3,0,0,TRUE
08225064,2014,3,0,99.23,TRUE
08225067,2010,2,NA,0,TRUE
08225067,2011,2,0,0,TRUE
08225067,2012,2,0,0,TRUE
08225067,2013,3,0,0,TRUE
08225067,2014,3,0,99.4,TRUE
08225068,2010,2,NA,0,TRUE
08225068,2011,2,0,0,TRUE
08225068,2012,2,0,0,TRUE
08225068,2013,3,0,0,TRUE
08225068,2014,3,0,100,TRUE
08225074,2010,2,NA,0,TRUE
08225074,2011,2,0,0,TRUE
08225074,2012,2,0,0,TRUE
08225074,2013,3,0,0,TRUE
08225074,2014,3,0,99.96,TRUE
08225075,2010,2,NA,0,TRUE
08225075,2011,2,0,0,TRUE
08225075,2012,2,0,0,TRUE
08225075,2013,3,0,0,TRUE
08225075,2014,3,0,99.57,TRUE
08225082,2010,2,NA,0,TRUE
08225082,2011,2,0,0,TRUE
08225082,2012,2,0,0,TRUE
08225082,2013,3,0,0,TRUE
08225082,2014,3,0,99.89,TRUE
08225091,2010,2,NA,0,TRUE
08225091,2011,2,0,0,TRUE
08225091,2012,2,0,0,TRUE
08225091,2013,3,0,0,TRUE
08225091,2014,3,0,99.94,TRUE
08225109,2010,2,NA,0,TRUE
08225109,2011,2,0,0,TRUE
08225109,2012,2,0,0,TRUE
08225109,2013,3,0,0,TRUE
08225109,2014,3,0,99.92,TRUE
08225113,2010,2,NA,0,TRUE
08225113,2011,2,0,0,TRUE
08225113,2012,2,0,0,TRUE
08225113,2013,3,0,0,TRUE
08225113,2014,3,0,99.67,TRUE
08225114,2010,2,NA,0,TRUE
08225114,2011,2,0,0,TRUE
08225114,2012,2,0,0,TRUE
08225114,2013,3,0,0,TRUE
08225114,2014,3,0,99.84,TRUE
08225115,2010,2,NA,0,TRUE
08225115,2011,2,0,0,TRUE
08225115,2012,2,0,0,TRUE
08225115,2013,3,0,0,TRUE
08225115,2014,3,0,100,TRUE
08225116,2010,2,NA,0,TRUE
08225116,2011,2,0,0,TRUE
08225116,2012,2,0,0,TRUE
08225116,2013,3,0,0,TRUE
08225116,2014,3,0,100,TRUE
08225117,2010,2,NA,0,TRUE
08225117,2011,2,0,0,TRUE
08225117,2012,2,0,0,TRUE
08225117,2013,3,0,0,TRUE
08225117,2014,3,0,99.96,TRUE
08225118,2010,2,NA,0,TRUE
08225118,2011,2,0,0,TRUE
08225118,2012,2,0,0,TRUE
08225118,2013,3,0,0,TRUE
08225118,2014,3,0,99.57,TRUE
08226003,2010,2,NA,0,TRUE
08226003,2011,2,0,0,TRUE
08226003,2012,2,0,0,TRUE
08226003,2013,3,0,0,TRUE
08226003,2014,3,0,100,TRUE
08226006,2010,2,NA,0,TRUE
08226006,2011,2,0,0,TRUE
08226006,2012,2,0,0,TRUE
08226006,2013,3,0,0,TRUE
08226006,2014,3,0,100,TRUE
08226009,2010,2,NA,0,TRUE
08226009,2011,2,0,0,TRUE
08226009,2012,2,0,0,TRUE
08226009,2013,3,0,0,TRUE
08226009,2014,3,0,100,TRUE
08226010,2010,2,NA,0,TRUE
08226010,2011,2,0,0,TRUE
08226010,2012,2,0,0,TRUE
08226010,2013,3,0,0,TRUE
08226010,2014,3,0,99.87,TRUE
08226012,2010,2,NA,0,TRUE
08226012,2011,2,0,0,TRUE
08226012,2012,2,0,0,TRUE
08226012,2013,3,0,0,TRUE
08226012,2014,3,0,100,TRUE
08226013,2010,2,NA,0,TRUE
08226013,2011,2,0,0,TRUE
08226013,2012,2,0,0,TRUE
08226013,2013,3,0,0,TRUE
08226013,2014,3,0,99.72,TRUE
08226017,2010,2,NA,0,TRUE
08226017,2011,2,0,0,TRUE
08226017,2012,2,0,0,TRUE
08226017,2013,3,0,0,TRUE
08226017,2014,3,0,100,TRUE
08226018,2010,2,NA,0,TRUE
08226018,2011,2,0,0,TRUE
08226018,2012,2,0,0,TRUE
08226018,2013,3,0,0,TRUE
08226018,2014,3,0,100,TRUE
08226020,2010,2,NA,0,TRUE
08226020,2011,2,0,0,TRUE
08226020,2012,2,0,0,TRUE
08226020,2013,3,0,0,TRUE
08226020,2014,3,0,100,TRUE
08226022,2010,2,NA,0,TRUE
08226022,2011,2,0,0,TRUE
08226022,2012,2,0,0,TRUE
08226022,2013,3,0,0,TRUE
08226022,2014,3,0,99.15,TRUE
08226027,2010,2,NA,0,TRUE
08226027,2011,2,0,0,TRUE
08226027,2012,2,0,0,TRUE
08226027,2013,3,0,0,TRUE
08226027,2014,3,0,100,TRUE
08226028,2010,2,NA,0,TRUE
08226028,2011,2,0,0,TRUE
08226028,2012,2,0,0,TRUE
08226028,2013,3,0,0,TRUE
08226028,2014,3,0,100,TRUE
08226029,2010,2,NA,0,TRUE
08226029,2011,2,0,0,TRUE
08226029,2012,2,0,0,TRUE
08226029,2013,3,0,0,TRUE
08226029,2014,3,0,98.75,TRUE
08226031,2010,2,NA,0,TRUE
08226031,2011,2,0,0,TRUE
08226031,2012,2,0,0,TRUE
08226031,2013,3,0,0,TRUE
08226031,2014,3,0,100,TRUE
08226032,2010,2,NA,0,TRUE
08226032,2011,2,0,0,TRUE
08226032,2012,2,0,0,TRUE
08226032,2013,3,0,0,TRUE
08226032,2014,3,0,100,TRUE
08226036,2010,2,NA,0,TRUE
08226036,2011,2,0,0,TRUE
08226036,2012,2,0,0,TRUE
08226036,2013,3,0,0,TRUE
08226036,2014,3,0,100,TRUE
08226037,2010,2,NA,0,TRUE
08226037,2011,2,0,0,TRUE
08226037,2012,2,0,0,TRUE
08226037,2013,3,0,0,TRUE
08226037,2014,3,0,100,TRUE
08226038,2010,2,NA,0,TRUE
08226038,2011,2,0,0,TRUE
08226038,2012,2,0,0,TRUE
08226038,2013,3,0,0,TRUE
08226038,2014,3,0,100,TRUE
08226040,2010,2,NA,0,TRUE
08226040,2011,2,0,0,TRUE
08226040,2012,2,0,0,TRUE
08226040,2013,3,0,0,TRUE
08226040,2014,3,0,99.96,TRUE
08226041,2010,2,NA,0,TRUE
08226041,2011,2,0,0,TRUE
08226041,2012,2,0,0,TRUE
08226041,2013,3,0,0,TRUE
08226041,2014,3,0,99.93,TRUE
08226046,2010,2,NA,0,TRUE
08226046,2011,2,0,0,TRUE
08226046,2012,2,0,0,TRUE
08226046,2013,3,0,0,TRUE
08226046,2014,3,0,100,TRUE
08226048,2010,2,NA,0,TRUE
08226048,2011,2,0,0,TRUE
08226048,2012,2,0,0,TRUE
08226048,2013,3,0,0,TRUE
08226048,2014,3,0,100,TRUE
08226049,2010,2,NA,0,TRUE
08226049,2011,2,0,0,TRUE
08226049,2012,2,0,0,TRUE
08226049,2013,3,0,0,TRUE
08226049,2014,3,0,100,TRUE
08226054,2010,2,NA,0,TRUE
08226054,2011,2,0,0,TRUE
08226054,2012,2,0,0,TRUE
08226054,2013,3,0,0,TRUE
08226054,2014,3,0,99.97,TRUE
08226055,2010,2,NA,0,TRUE
08226055,2011,2,0,0,TRUE
08226055,2012,2,0,0,TRUE
08226055,2013,3,0,0,TRUE
08226055,2014,3,0,100,TRUE
08226056,2010,2,NA,0,TRUE
08226056,2011,2,0,0,TRUE
08226056,2012,2,0,0,TRUE
08226056,2013,3,0,0,TRUE
08226056,2014,3,0,99.89,TRUE
08226058,2010,2,NA,0,TRUE
08226058,2011,2,0,0,TRUE
08226058,2012,2,0,0,TRUE
08226058,2013,3,0,0,TRUE
08226058,2014,3,0,100,TRUE
08226059,2010,2,NA,0,TRUE
08226059,2011,2,0,0,TRUE
08226059,2012,2,0,0,TRUE
08226059,2013,3,0,0,TRUE
08226059,2014,3,0,100,TRUE
08226060,2010,2,NA,0,TRUE
08226060,2011,2,0,0,TRUE
08226060,2012,2,0,0,TRUE
08226060,2013,3,0,0,TRUE
08226060,2014,3,0,100,TRUE
08226062,2010,2,NA,0,TRUE
08226062,2011,2,0,0,TRUE
08226062,2012,2,0,0,TRUE
08226062,2013,3,0,0,TRUE
08226062,2014,3,0,100,TRUE
08226063,2010,2,NA,0,TRUE
08226063,2011,2,0,0,TRUE
08226063,2012,2,0,0,TRUE
08226063,2013,3,0,0,TRUE
08226063,2014,3,0,100,TRUE
08226065,2010,2,NA,0,TRUE
08226065,2011,2,0,0,TRUE
08226065,2012,2,0,0,TRUE
08226065,2013,3,0,0,TRUE
08226065,2014,3,0,100,TRUE
08226066,2010,2,NA,0,TRUE
08226066,2011,2,0,0,TRUE
08226066,2012,2,0,0,TRUE
08226066,2013,3,0,0,TRUE
08226066,2014,3,0,100,TRUE
08226068,2010,2,NA,0,TRUE
08226068,2011,2,0,0,TRUE
08226068,2012,2,0,0,TRUE
08226068,2013,3,0,0,TRUE
08226068,2014,3,0,100,TRUE
08226076,2010,2,NA,0,TRUE
08226076,2011,2,0,0,TRUE
08226076,2012,2,0,0,TRUE
08226076,2013,3,0,0,TRUE
08226076,2014,3,0,100,TRUE
08226080,2010,2,NA,0,TRUE
08226080,2011,2,0,0,TRUE
08226080,2012,2,0,0,TRUE
08226080,2013,3,0,0,TRUE
08226080,2014,3,0,99.71,TRUE
08226081,2010,2,NA,0,TRUE
08226081,2011,2,0,0,TRUE
08226081,2012,2,0,0,TRUE
08226081,2013,3,0,0,TRUE
08226081,2014,3,0,82.67,TRUE
08226082,2010,2,NA,0,TRUE
08226082,2011,2,0,0,TRUE
08226082,2012,2,0,0,TRUE
08226082,2013,3,0,0,TRUE
08226082,2014,3,0,99.39,TRUE
08226084,2010,2,NA,0,TRUE
08226084,2011,2,0,0,TRUE
08226084,2012,2,0,0,TRUE
08226084,2013,3,0,0,TRUE
08226084,2014,3,0,100,TRUE
08226085,2010,2,NA,0,TRUE
08226085,2011,2,0,0,TRUE
08226085,2012,2,0,0,TRUE
08226085,2013,3,0,0,TRUE
08226085,2014,3,0,98.04,TRUE
08226086,2010,2,NA,0,TRUE
08226086,2011,2,0,0,TRUE
08226086,2012,2,0,0,TRUE
08226086,2013,3,0,0,TRUE
08226086,2014,3,0,100,TRUE
08226091,2010,2,NA,0,TRUE
08226091,2011,2,0,0,TRUE
08226091,2012,2,0,0,TRUE
08226091,2013,3,0,0,TRUE
08226091,2014,3,0,100,TRUE
08226095,2010,2,NA,0,TRUE
08226095,2011,2,0,0,TRUE
08226095,2012,2,0,0,TRUE
08226095,2013,3,0,0,TRUE
08226095,2014,3,0,100,TRUE
08226096,2010,2,NA,0,TRUE
08226096,2011,2,0,0,TRUE
08226096,2012,2,0,0,TRUE
08226096,2013,3,0,0,TRUE
08226096,2014,3,0,99.83,TRUE
08226097,2010,2,NA,0,TRUE
08226097,2011,2,0,0,TRUE
08226097,2012,2,0,0,TRUE
08226097,2013,3,0,0,TRUE
08226097,2014,3,0,98.51,TRUE
08226098,2010,2,NA,0,TRUE
08226098,2011,2,0,0,TRUE
08226098,2012,2,0,0,TRUE
08226098,2013,3,0,0,TRUE
08226098,2014,3,0,97.07,TRUE
08226099,2010,2,NA,0,TRUE
08226099,2011,2,0,0,TRUE
08226099,2012,2,0,0,TRUE
08226099,2013,3,0,0,TRUE
08226099,2014,3,0,99.45,TRUE
08226101,2010,2,NA,0,TRUE
08226101,2011,2,0,0,TRUE
08226101,2012,2,0,0,TRUE
08226101,2013,3,0,0,TRUE
08226101,2014,3,0,100,TRUE
08226102,2010,2,NA,0,TRUE
08226102,2011,2,0,0,TRUE
08226102,2012,2,0,0,TRUE
08226102,2013,3,0,0,TRUE
08226102,2014,3,0,100,TRUE
08226103,2010,2,NA,0,TRUE
08226103,2011,2,0,0,TRUE
08226103,2012,2,0,0,TRUE
08226103,2013,3,0,0,TRUE
08226103,2014,3,0,100,TRUE
08226104,2010,2,NA,0,TRUE
08226104,2011,2,0,0,TRUE
08226104,2012,2,0,0,TRUE
08226104,2013,3,0,0,TRUE
08226104,2014,3,0,100,TRUE
08226105,2010,2,NA,0,TRUE
08226105,2011,2,0,0,TRUE
08226105,2012,2,0,0,TRUE
08226105,2013,3,0,0,TRUE
08226105,2014,3,0,100,TRUE
08226106,2010,2,NA,0,TRUE
08226106,2011,2,0,0,TRUE
08226106,2012,2,0,0,TRUE
08226106,2013,3,0,0,TRUE
08226106,2014,3,0,99.94,TRUE
08226107,2010,2,NA,0,TRUE
08226107,2011,2,0,0,TRUE
08226107,2012,2,0,0,TRUE
08226107,2013,3,0,0,TRUE
08226107,2014,3,0,100,TRUE
08231000,2010,2,NA,0,TRUE
08231000,2011,2,0,0,TRUE
08231000,2012,2,0,0,TRUE
08231000,2013,3,0,0,TRUE
08231000,2014,3,0,99.99,TRUE
08235006,2010,2,NA,0,TRUE
08235006,2011,2,0,0,TRUE
08235006,2012,2,0,0,TRUE
08235006,2013,3,0,0,TRUE
08235006,2014,3,0,98.08,TRUE
08235007,2010,2,NA,0,TRUE
08235007,2011,2,0,0,TRUE
08235007,2012,2,0,0,TRUE
08235007,2013,3,0,0,TRUE
08235007,2014,3,0,99.85,TRUE
08235008,2010,2,NA,0,TRUE
08235008,2011,2,0,0,TRUE
08235008,2012,2,0,0,TRUE
08235008,2013,3,0,0,TRUE
08235008,2014,3,0,97.12,TRUE
08235018,2010,2,NA,0,TRUE
08235018,2011,2,0,0,TRUE
08235018,2012,2,0,0,TRUE
08235018,2013,3,0,0,TRUE
08235018,2014,3,0,100,TRUE
08235020,2010,2,NA,0,TRUE
08235020,2011,2,0,0,TRUE
08235020,2012,2,0,0,TRUE
08235020,2013,3,0,0,TRUE
08235020,2014,3,0,99.26,TRUE
08235022,2010,2,NA,0,TRUE
08235022,2011,2,0,0,TRUE
08235022,2012,2,0,0,TRUE
08235022,2013,3,0,0,TRUE
08235022,2014,3,0,100,TRUE
08235025,2010,2,NA,0,TRUE
08235025,2011,2,0,0,TRUE
08235025,2012,2,0,0,TRUE
08235025,2013,3,0,0,TRUE
08235025,2014,3,0,84.88,TRUE
08235029,2010,2,NA,0,TRUE
08235029,2011,2,0,0,TRUE
08235029,2012,2,0,0,TRUE
08235029,2013,3,0,0,TRUE
08235029,2014,3,0,100,TRUE
08235032,2010,2,NA,0,TRUE
08235032,2011,2,0,0,TRUE
08235032,2012,2,0,0,TRUE
08235032,2013,3,0,0,TRUE
08235032,2014,3,0,99.87,TRUE
08235033,2010,2,NA,0,TRUE
08235033,2011,2,0,0,TRUE
08235033,2012,2,0,0,TRUE
08235033,2013,3,0,0,TRUE
08235033,2014,3,0,96.59,TRUE
08235035,2010,2,NA,0,TRUE
08235035,2011,2,0,0,TRUE
08235035,2012,2,0,0,TRUE
08235035,2013,3,0,0,TRUE
08235035,2014,3,0,99.73,TRUE
08235046,2010,2,NA,0,TRUE
08235046,2011,2,0,0,TRUE
08235046,2012,2,0,0,TRUE
08235046,2013,3,0,0,TRUE
08235046,2014,3,0,98.15,TRUE
08235047,2010,2,NA,0,TRUE
08235047,2011,2,0,0,TRUE
08235047,2012,2,0,0,TRUE
08235047,2013,3,0,0,TRUE
08235047,2014,3,0,99.96,TRUE
08235050,2010,2,NA,0,TRUE
08235050,2011,2,0,0,TRUE
08235050,2012,2,0,0,TRUE
08235050,2013,3,0,0,TRUE
08235050,2014,3,0,97.45,TRUE
08235055,2010,2,NA,0,TRUE
08235055,2011,2,0,0,TRUE
08235055,2012,2,0,0,TRUE
08235055,2013,3,0,0,TRUE
08235055,2014,3,0,99.92,TRUE
08235057,2010,2,NA,0,TRUE
08235057,2011,2,0,0,TRUE
08235057,2012,2,0,0,TRUE
08235057,2013,3,0,0,TRUE
08235057,2014,3,0,98.57,TRUE
08235060,2010,2,NA,0,TRUE
08235060,2011,2,0,0,TRUE
08235060,2012,2,0,0,TRUE
08235060,2013,3,0,0,TRUE
08235060,2014,3,0,100,TRUE
08235065,2010,2,NA,0,TRUE
08235065,2011,2,0,0,TRUE
08235065,2012,2,0,0,TRUE
08235065,2013,3,0,0,TRUE
08235065,2014,3,0,100,TRUE
08235066,2010,2,NA,0,TRUE
08235066,2011,2,0,0,TRUE
08235066,2012,2,0,0,TRUE
08235066,2013,3,0,0,TRUE
08235066,2014,3,0,96.02,TRUE
08235067,2010,2,NA,0,TRUE
08235067,2011,2,0,0,TRUE
08235067,2012,2,0,0,TRUE
08235067,2013,3,0,0,TRUE
08235067,2014,3,0,100,TRUE
08235073,2010,2,NA,0,TRUE
08235073,2011,2,0,0,TRUE
08235073,2012,2,0,0,TRUE
08235073,2013,3,0,0,TRUE
08235073,2014,3,0,100,TRUE
08235079,2010,2,NA,0,TRUE
08235079,2011,2,0,0,TRUE
08235079,2012,2,0,0,TRUE
08235079,2013,3,0,0,TRUE
08235079,2014,3,0,95.24,TRUE
08235080,2010,2,NA,0,TRUE
08235080,2011,2,0,0,TRUE
08235080,2012,2,0,0,TRUE
08235080,2013,3,0,0,TRUE
08235080,2014,3,0,98.81,TRUE
08235084,2010,2,NA,0,TRUE
08235084,2011,2,0,0,TRUE
08235084,2012,2,0,0,TRUE
08235084,2013,3,0,0,TRUE
08235084,2014,3,0,95.74,TRUE
08235085,2010,2,NA,0,TRUE
08235085,2011,2,0,0,TRUE
08235085,2012,2,0,0,TRUE
08235085,2013,3,0,0,TRUE
08235085,2014,3,0,99.95,TRUE
08236004,2010,2,NA,0,TRUE
08236004,2011,2,0,0,TRUE
08236004,2012,2,0,0,TRUE
08236004,2013,3,0,0,TRUE
08236004,2014,3,0,100,TRUE
08236011,2010,2,NA,0,TRUE
08236011,2011,2,0,0,TRUE
08236011,2012,2,0,0,TRUE
08236011,2013,3,0,0,TRUE
08236011,2014,3,0,100,TRUE
08236013,2010,2,NA,0,TRUE
08236013,2011,2,0,0,TRUE
08236013,2012,2,0,0,TRUE
08236013,2013,3,0,0,TRUE
08236013,2014,3,0,100,TRUE
08236019,2010,2,NA,0,TRUE
08236019,2011,2,0,0,TRUE
08236019,2012,2,0,0,TRUE
08236019,2013,3,0,0,TRUE
08236019,2014,3,0,100,TRUE
08236025,2010,2,NA,0,TRUE
08236025,2011,2,0,0,TRUE
08236025,2012,2,0,0,TRUE
08236025,2013,3,0,0,TRUE
08236025,2014,3,0,100,TRUE
08236028,2010,2,NA,0,TRUE
08236028,2011,2,0,0,TRUE
08236028,2012,2,0,0,TRUE
08236028,2013,3,0,0,TRUE
08236028,2014,3,0,100,TRUE
08236030,2010,2,NA,0,TRUE
08236030,2011,2,0,0,TRUE
08236030,2012,2,0,0,TRUE
08236030,2013,3,0,0,TRUE
08236030,2014,3,0,100,TRUE
08236031,2010,2,NA,0,TRUE
08236031,2011,2,0,0,TRUE
08236031,2012,2,0,0,TRUE
08236031,2013,3,0,0,TRUE
08236031,2014,3,0,99.92,TRUE
08236033,2010,2,NA,0,TRUE
08236033,2011,2,0,0,TRUE
08236033,2012,2,0,0,TRUE
08236033,2013,3,0,0,TRUE
08236033,2014,3,0,100,TRUE
08236038,2010,2,NA,0,TRUE
08236038,2011,2,0,0,TRUE
08236038,2012,2,0,0,TRUE
08236038,2013,3,0,0,TRUE
08236038,2014,3,0,100,TRUE
08236039,2010,2,NA,0,TRUE
08236039,2011,2,0,0,TRUE
08236039,2012,2,0,0,TRUE
08236039,2013,3,0,0,TRUE
08236039,2014,3,0,100,TRUE
08236040,2010,2,NA,0,TRUE
08236040,2011,2,0,0,TRUE
08236040,2012,2,0,0,TRUE
08236040,2013,3,0,0,TRUE
08236040,2014,3,0,99.93,TRUE
08236043,2010,2,NA,0,TRUE
08236043,2011,2,0,0,TRUE
08236043,2012,2,0,0,TRUE
08236043,2013,3,0,0,TRUE
08236043,2014,3,0,97.21,TRUE
08236044,2010,2,NA,0,TRUE
08236044,2011,2,0,0,TRUE
08236044,2012,2,0,0,TRUE
08236044,2013,3,0,0,TRUE
08236044,2014,3,0,100,TRUE
08236046,2010,2,NA,0,TRUE
08236046,2011,2,0,0,TRUE
08236046,2012,2,0,0,TRUE
08236046,2013,3,0,0,TRUE
08236046,2014,3,0,100,TRUE
08236050,2010,2,NA,0,TRUE
08236050,2011,2,0,0,TRUE
08236050,2012,2,0,0,TRUE
08236050,2013,3,0,0,TRUE
08236050,2014,3,0,96.78,TRUE
08236061,2010,2,NA,0,TRUE
08236061,2011,2,0,0,TRUE
08236061,2012,2,0,0,TRUE
08236061,2013,3,0,0,TRUE
08236061,2014,3,0,99.75,TRUE
08236062,2010,2,NA,0,TRUE
08236062,2011,2,0,0,TRUE
08236062,2012,2,0,0,TRUE
08236062,2013,3,0,0,TRUE
08236062,2014,3,0,99.96,TRUE
08236065,2010,2,NA,0,TRUE
08236065,2011,2,0,0,TRUE
08236065,2012,2,0,0,TRUE
08236065,2013,3,0,0,TRUE
08236065,2014,3,0,100,TRUE
08236067,2010,2,NA,0,TRUE
08236067,2011,2,0,0,TRUE
08236067,2012,2,0,0,TRUE
08236067,2013,3,0,0,TRUE
08236067,2014,3,0,100,TRUE
08236068,2010,2,NA,0,TRUE
08236068,2011,2,0,0,TRUE
08236068,2012,2,0,0,TRUE
08236068,2013,3,0,0,TRUE
08236068,2014,3,0,100,TRUE
08236070,2010,2,NA,0,TRUE
08236070,2011,2,0,0,TRUE
08236070,2012,2,0,0,TRUE
08236070,2013,3,0,0,TRUE
08236070,2014,3,0,100,TRUE
08236071,2010,2,NA,0,TRUE
08236071,2011,2,0,0,TRUE
08236071,2012,2,0,0,TRUE
08236071,2013,3,0,0,TRUE
08236071,2014,3,0,100,TRUE
08236072,2010,2,NA,0,TRUE
08236072,2011,2,0,0,TRUE
08236072,2012,2,0,0,TRUE
08236072,2013,3,0,0,TRUE
08236072,2014,3,0,99.63,TRUE
08236073,2010,2,NA,0,TRUE
08236073,2011,2,0,0,TRUE
08236073,2012,2,0,0,TRUE
08236073,2013,3,0,0,TRUE
08236073,2014,3,0,99.93,TRUE
08236074,2010,2,NA,0,TRUE
08236074,2011,2,0,0,TRUE
08236074,2012,2,0,0,TRUE
08236074,2013,3,0,0,TRUE
08236074,2014,3,0,99.58,TRUE
08236075,2010,2,NA,0,TRUE
08236075,2011,2,0,0,TRUE
08236075,2012,2,0,0,TRUE
08236075,2013,3,0,0,TRUE
08236075,2014,3,0,93.63,TRUE
08236076,2010,2,NA,0,TRUE
08236076,2011,2,0,0,TRUE
08236076,2012,2,0,0,TRUE
08236076,2013,3,0,0,TRUE
08236076,2014,3,0,99.98,TRUE
08237002,2010,2,NA,0,TRUE
08237002,2011,2,0,0,TRUE
08237002,2012,2,0,0,TRUE
08237002,2013,3,0,0,TRUE
08237002,2014,3,0,84.04,TRUE
08237004,2010,2,NA,0,TRUE
08237004,2011,2,0,0,TRUE
08237004,2012,2,0,0,TRUE
08237004,2013,3,0,0,TRUE
08237004,2014,3,0,98.64,TRUE
08237019,2010,2,NA,0,TRUE
08237019,2011,2,0,0,TRUE
08237019,2012,2,0,0,TRUE
08237019,2013,3,0,0,TRUE
08237019,2014,3,0,99.97,TRUE
08237024,2010,2,NA,0,TRUE
08237024,2011,2,0,0,TRUE
08237024,2012,2,0,0,TRUE
08237024,2013,3,0,0,TRUE
08237024,2014,3,0,99.94,TRUE
08237027,2010,2,NA,0,TRUE
08237027,2011,2,0,0,TRUE
08237027,2012,2,0,0,TRUE
08237027,2013,3,0,0,TRUE
08237027,2014,3,0,99.73,TRUE
08237028,2010,2,NA,0,TRUE
08237028,2011,2,0,0,TRUE
08237028,2012,2,0,0,TRUE
08237028,2013,3,0,0,TRUE
08237028,2014,3,0,95.84,TRUE
08237030,2010,2,NA,0,TRUE
08237030,2011,2,0,0,TRUE
08237030,2012,2,0,0,TRUE
08237030,2013,3,0,0,TRUE
08237030,2014,3,0,99.8,TRUE
08237032,2010,2,NA,0,TRUE
08237032,2011,2,0,0,TRUE
08237032,2012,2,0,0,TRUE
08237032,2013,3,0,0,TRUE
08237032,2014,3,0,80.49,TRUE
08237040,2010,2,NA,0,TRUE
08237040,2011,2,0,0,TRUE
08237040,2012,2,0,0,TRUE
08237040,2013,3,0,0,TRUE
08237040,2014,3,0,99.82,TRUE
08237045,2010,2,NA,0,TRUE
08237045,2011,2,0,0,TRUE
08237045,2012,2,0,0,TRUE
08237045,2013,3,0,0,TRUE
08237045,2014,3,0,81.24,TRUE
08237054,2010,2,NA,0,TRUE
08237054,2011,2,0,0,TRUE
08237054,2012,2,0,0,TRUE
08237054,2013,3,0,0,TRUE
08237054,2014,3,0,97.92,TRUE
08237061,2010,2,NA,0,TRUE
08237061,2011,2,0,0,TRUE
08237061,2012,2,0,0,TRUE
08237061,2013,3,0,0,TRUE
08237061,2014,3,0,99.7,TRUE
08237072,2010,2,NA,0,TRUE
08237072,2011,2,0,0,TRUE
08237072,2012,2,0,0,TRUE
08237072,2013,3,0,0,TRUE
08237072,2014,3,0,92.66,TRUE
08237073,2010,2,NA,0,TRUE
08237073,2011,2,0,0,TRUE
08237073,2012,2,0,0,TRUE
08237073,2013,3,0,0,TRUE
08237073,2014,3,0,99.38,TRUE
08237074,2010,2,NA,0,TRUE
08237074,2011,2,0,0,TRUE
08237074,2012,2,0,0,TRUE
08237074,2013,3,0,0,TRUE
08237074,2014,3,0,96.29,TRUE
08237075,2010,2,NA,0,TRUE
08237075,2011,2,0,0,TRUE
08237075,2012,2,0,0,TRUE
08237075,2013,3,0,0,TRUE
08237075,2014,3,0,92.97,TRUE
08311000,2010,2,NA,0,TRUE
08311000,2011,2,0,0,TRUE
08311000,2012,2,0,0,TRUE
08311000,2013,3,0,0,TRUE
08311000,2014,3,0,99.87,TRUE
08315003,2010,2,NA,0,TRUE
08315003,2011,2,0,0,TRUE
08315003,2012,2,0,0,TRUE
08315003,2013,3,0,0,TRUE
08315003,2014,3,0,100,TRUE
08315004,2010,2,NA,0,TRUE
08315004,2011,2,0,0,TRUE
08315004,2012,2,0,0,TRUE
08315004,2013,3,0,0,TRUE
08315004,2014,3,0,95.5,TRUE
08315006,2010,2,NA,0,TRUE
08315006,2011,2,0,0,TRUE
08315006,2012,2,0,0,TRUE
08315006,2013,3,0,0,TRUE
08315006,2014,3,0,99.87,TRUE
08315007,2010,2,NA,0,TRUE
08315007,2011,2,0,0,TRUE
08315007,2012,2,0,0,TRUE
08315007,2013,3,0,0,TRUE
08315007,2014,3,0,99.84,TRUE
08315008,2010,2,NA,0,TRUE
08315008,2011,2,0,0,TRUE
08315008,2012,2,0,0,TRUE
08315008,2013,3,0,0,TRUE
08315008,2014,3,0,97.18,TRUE
08315013,2010,2,NA,0,TRUE
08315013,2011,2,0,0,TRUE
08315013,2012,2,0,0,TRUE
08315013,2013,3,0,0,TRUE
08315013,2014,3,0,100,TRUE
08315014,2010,2,NA,0,TRUE
08315014,2011,2,0,0,TRUE
08315014,2012,2,0,0,TRUE
08315014,2013,3,0,0,TRUE
08315014,2014,3,0,86.33,TRUE
08315015,2010,2,NA,0,TRUE
08315015,2011,2,0,0,TRUE
08315015,2012,2,0,0,TRUE
08315015,2013,3,0,0,TRUE
08315015,2014,3,0,99.95,TRUE
08315016,2010,2,NA,0,TRUE
08315016,2011,2,0,0,TRUE
08315016,2012,2,0,0,TRUE
08315016,2013,3,0,0,TRUE
08315016,2014,3,0,92.51,TRUE
08315020,2010,2,NA,0,TRUE
08315020,2011,2,0,0,TRUE
08315020,2012,2,0,0,TRUE
08315020,2013,3,0,0,TRUE
08315020,2014,3,0,99.62,TRUE
08315022,2010,2,NA,0,TRUE
08315022,2011,2,0,0,TRUE
08315022,2012,2,0,0,TRUE
08315022,2013,3,0,0,TRUE
08315022,2014,3,0,98.76,TRUE
08315028,2010,2,NA,0,TRUE
08315028,2011,2,0,0,TRUE
08315028,2012,2,0,0,TRUE
08315028,2013,3,0,0,TRUE
08315028,2014,3,0,99.92,TRUE
08315030,2010,2,NA,0,TRUE
08315030,2011,2,0,0,TRUE
08315030,2012,2,0,0,TRUE
08315030,2013,3,0,0,TRUE
08315030,2014,3,0,99.92,TRUE
08315031,2010,2,NA,0,TRUE
08315031,2011,2,0,0,TRUE
08315031,2012,2,0,0,TRUE
08315031,2013,3,0,0,TRUE
08315031,2014,3,0,82.74,TRUE
08315033,2010,2,NA,0,TRUE
08315033,2011,2,0,0,TRUE
08315033,2012,2,0,0,TRUE
08315033,2013,3,0,0,TRUE
08315033,2014,3,0,100,TRUE
08315037,2010,2,NA,0,TRUE
08315037,2011,2,0,0,TRUE
08315037,2012,2,0,0,TRUE
08315037,2013,3,0,0,TRUE
08315037,2014,3,0,98.73,TRUE
08315039,2010,2,NA,0,TRUE
08315039,2011,2,0,0,TRUE
08315039,2012,2,0,0,TRUE
08315039,2013,3,0,0,TRUE
08315039,2014,3,0,89.47,TRUE
08315041,2010,2,NA,0,TRUE
08315041,2011,2,0,0,TRUE
08315041,2012,2,0,0,TRUE
08315041,2013,3,0,0,TRUE
08315041,2014,3,0,98.99,TRUE
08315043,2010,2,NA,0,TRUE
08315043,2011,2,0,0,TRUE
08315043,2012,2,0,0,TRUE
08315043,2013,3,0,0,TRUE
08315043,2014,3,0,99.71,TRUE
08315047,2010,2,NA,0,TRUE
08315047,2011,2,0,0,TRUE
08315047,2012,2,0,0,TRUE
08315047,2013,3,0,0,TRUE
08315047,2014,3,0,99.91,TRUE
08315048,2010,2,NA,0,TRUE
08315048,2011,2,0,0,TRUE
08315048,2012,2,0,0,TRUE
08315048,2013,3,0,0,TRUE
08315048,2014,3,0,62.98,TRUE
08315050,2010,2,NA,0,TRUE
08315050,2011,2,0,0,TRUE
08315050,2012,2,0,0,TRUE
08315050,2013,3,0,0,TRUE
08315050,2014,3,0,97.45,TRUE
08315051,2010,2,NA,0,TRUE
08315051,2011,2,0,0,TRUE
08315051,2012,2,0,0,TRUE
08315051,2013,3,0,0,TRUE
08315051,2014,3,0,100,TRUE
08315052,2010,2,NA,0,TRUE
08315052,2011,2,0,0,TRUE
08315052,2012,2,0,0,TRUE
08315052,2013,3,0,0,TRUE
08315052,2014,3,0,98.52,TRUE
08315056,2010,2,NA,0,TRUE
08315056,2011,2,0,0,TRUE
08315056,2012,2,0,0,TRUE
08315056,2013,3,0,0,TRUE
08315056,2014,3,0,85.64,TRUE
08315059,2010,2,NA,0,TRUE
08315059,2011,2,0,0,TRUE
08315059,2012,2,0,0,TRUE
08315059,2013,3,0,0,TRUE
08315059,2014,3,0,99.8,TRUE
08315064,2010,2,NA,0,TRUE
08315064,2011,2,0,0,TRUE
08315064,2012,2,0,0,TRUE
08315064,2013,3,0,0,TRUE
08315064,2014,3,0,100,TRUE
08315068,2010,2,NA,0,TRUE
08315068,2011,2,0,0,TRUE
08315068,2012,2,0,0,TRUE
08315068,2013,3,0,0,TRUE
08315068,2014,3,0,98.43,TRUE
08315070,2010,2,NA,0,TRUE
08315070,2011,2,0,0,TRUE
08315070,2012,2,0,0,TRUE
08315070,2013,3,0,0,TRUE
08315070,2014,3,0,99.32,TRUE
08315072,2010,2,NA,0,TRUE
08315072,2011,2,0,0,TRUE
08315072,2012,2,0,0,TRUE
08315072,2013,3,0,0,TRUE
08315072,2014,3,0,100,TRUE
08315073,2010,2,NA,0,TRUE
08315073,2011,2,0,0,TRUE
08315073,2012,2,0,0,TRUE
08315073,2013,3,0,0,TRUE
08315073,2014,3,0,100,TRUE
08315074,2010,2,NA,0,TRUE
08315074,2011,2,0,0,TRUE
08315074,2012,2,0,0,TRUE
08315074,2013,3,0,0,TRUE
08315074,2014,3,0,96.59,TRUE
08315076,2010,2,NA,0,TRUE
08315076,2011,2,0,0,TRUE
08315076,2012,2,0,0,TRUE
08315076,2013,3,0,0,TRUE
08315076,2014,3,0,98.6,TRUE
08315084,2010,2,NA,0,TRUE
08315084,2011,2,0,0,TRUE
08315084,2012,2,0,0,TRUE
08315084,2013,3,0,0,TRUE
08315084,2014,3,0,97.72,TRUE
08315089,2010,2,NA,0,TRUE
08315089,2011,2,0,0,TRUE
08315089,2012,2,0,0,TRUE
08315089,2013,3,0,0,TRUE
08315089,2014,3,0,98.96,TRUE
08315094,2010,2,NA,0,TRUE
08315094,2011,2,0,0,TRUE
08315094,2012,2,0,0,TRUE
08315094,2013,3,0,0,TRUE
08315094,2014,3,0,92.12,TRUE
08315095,2010,2,NA,0,TRUE
08315095,2011,2,0,0,TRUE
08315095,2012,2,0,0,TRUE
08315095,2013,3,0,0,TRUE
08315095,2014,3,0,98.29,TRUE
08315098,2010,2,NA,0,TRUE
08315098,2011,2,0,0,TRUE
08315098,2012,2,0,0,TRUE
08315098,2013,3,0,0,TRUE
08315098,2014,3,0,97.97,TRUE
08315102,2010,2,NA,0,TRUE
08315102,2011,2,0,0,TRUE
08315102,2012,2,0,0,TRUE
08315102,2013,3,0,0,TRUE
08315102,2014,3,0,97.1,TRUE
08315107,2010,2,NA,0,TRUE
08315107,2011,2,0,0,TRUE
08315107,2012,2,0,0,TRUE
08315107,2013,3,0,0,TRUE
08315107,2014,3,0,99.22,TRUE
08315108,2010,2,NA,0,TRUE
08315108,2011,2,0,0,TRUE
08315108,2012,2,0,0,TRUE
08315108,2013,3,0,0,TRUE
08315108,2014,3,0,98.91,TRUE
08315109,2010,2,NA,0,TRUE
08315109,2011,2,0,0,TRUE
08315109,2012,2,0,0,TRUE
08315109,2013,3,0,0,TRUE
08315109,2014,3,0,100,TRUE
08315111,2010,2,NA,0,TRUE
08315111,2011,2,0,0,TRUE
08315111,2012,2,0,0,TRUE
08315111,2013,3,0,0,TRUE
08315111,2014,3,0,99.32,TRUE
08315113,2010,2,NA,0,TRUE
08315113,2011,2,0,0,TRUE
08315113,2012,2,0,0,TRUE
08315113,2013,3,0,0,TRUE
08315113,2014,3,0,97.78,TRUE
08315115,2010,2,NA,0,TRUE
08315115,2011,2,0,0,TRUE
08315115,2012,2,0,0,TRUE
08315115,2013,3,0,0,TRUE
08315115,2014,3,0,100,TRUE
08315125,2010,2,NA,0,TRUE
08315125,2011,2,0,0,TRUE
08315125,2012,2,0,0,TRUE
08315125,2013,3,0,0,TRUE
08315125,2014,3,0,100,TRUE
08315130,2010,2,NA,0,TRUE
08315130,2011,2,0,0,TRUE
08315130,2012,2,0,0,TRUE
08315130,2013,3,0,0,TRUE
08315130,2014,3,0,90.89,TRUE
08315131,2010,2,NA,0,TRUE
08315131,2011,2,0,0,TRUE
08315131,2012,2,0,0,TRUE
08315131,2013,3,0,0,TRUE
08315131,2014,3,0,100,TRUE
08315132,2010,2,NA,0,TRUE
08315132,2011,2,0,0,TRUE
08315132,2012,2,0,0,TRUE
08315132,2013,3,0,0,TRUE
08315132,2014,3,0,99.97,TRUE
08315133,2010,2,NA,0,TRUE
08315133,2011,2,0,0,TRUE
08315133,2012,2,0,0,TRUE
08315133,2013,3,0,0,TRUE
08315133,2014,3,0,96.63,TRUE
08316002,2010,2,NA,0,TRUE
08316002,2011,2,0,0,TRUE
08316002,2012,2,0,0,TRUE
08316002,2013,3,0,0,TRUE
08316002,2014,3,0,100,TRUE
08316003,2010,2,NA,0,TRUE
08316003,2011,2,0,0,TRUE
08316003,2012,2,0,0,TRUE
08316003,2013,3,0,0,TRUE
08316003,2014,3,0,97.49,TRUE
08316009,2010,2,NA,0,TRUE
08316009,2011,2,0,0,TRUE
08316009,2012,2,0,0,TRUE
08316009,2013,3,0,0,TRUE
08316009,2014,3,0,100,TRUE
08316010,2010,2,NA,0,TRUE
08316010,2011,2,0,0,TRUE
08316010,2012,2,0,0,TRUE
08316010,2013,3,0,0,TRUE
08316010,2014,3,0,95.9,TRUE
08316011,2010,2,NA,0,TRUE
08316011,2011,2,0,0,TRUE
08316011,2012,2,0,0,TRUE
08316011,2013,3,0,0,TRUE
08316011,2014,3,0,99.93,TRUE
08316012,2010,2,NA,0,TRUE
08316012,2011,2,0,0,TRUE
08316012,2012,2,0,0,TRUE
08316012,2013,3,0,0,TRUE
08316012,2014,3,0,99.6,TRUE
08316013,2010,2,NA,0,TRUE
08316013,2011,2,0,0,TRUE
08316013,2012,2,0,0,TRUE
08316013,2013,3,0,0,TRUE
08316013,2014,3,0,99.8,TRUE
08316014,2010,2,NA,0,TRUE
08316014,2011,2,0,0,TRUE
08316014,2012,2,0,0,TRUE
08316014,2013,3,0,0,TRUE
08316014,2014,3,0,97.7,TRUE
08316017,2010,2,NA,0,TRUE
08316017,2011,2,0,0,TRUE
08316017,2012,2,0,0,TRUE
08316017,2013,3,0,0,TRUE
08316017,2014,3,0,94.05,TRUE
08316020,2010,2,NA,0,TRUE
08316020,2011,2,0,0,TRUE
08316020,2012,2,0,0,TRUE
08316020,2013,3,0,0,TRUE
08316020,2014,3,0,99.95,TRUE
08316024,2010,2,NA,0,TRUE
08316024,2011,2,0,0,TRUE
08316024,2012,2,0,0,TRUE
08316024,2013,3,0,0,TRUE
08316024,2014,3,0,99.92,TRUE
08316036,2010,2,NA,0,TRUE
08316036,2011,2,0,0,TRUE
08316036,2012,2,0,0,TRUE
08316036,2013,3,0,0,TRUE
08316036,2014,3,0,100,TRUE
08316037,2010,2,NA,0,TRUE
08316037,2011,2,0,0,TRUE
08316037,2012,2,0,0,TRUE
08316037,2013,3,0,0,TRUE
08316037,2014,3,0,100,TRUE
08316038,2010,2,NA,0,TRUE
08316038,2011,2,0,0,TRUE
08316038,2012,2,0,0,TRUE
08316038,2013,3,0,0,TRUE
08316038,2014,3,0,99.14,TRUE
08316039,2010,2,NA,0,TRUE
08316039,2011,2,0,0,TRUE
08316039,2012,2,0,0,TRUE
08316039,2013,3,0,0,TRUE
08316039,2014,3,0,97.96,TRUE
08316042,2010,2,NA,0,TRUE
08316042,2011,2,0,0,TRUE
08316042,2012,2,0,0,TRUE
08316042,2013,3,0,0,TRUE
08316042,2014,3,0,87.82,TRUE
08316043,2010,2,NA,0,TRUE
08316043,2011,2,0,0,TRUE
08316043,2012,2,0,0,TRUE
08316043,2013,3,0,0,TRUE
08316043,2014,3,0,99.79,TRUE
08316045,2010,2,NA,0,TRUE
08316045,2011,2,0,0,TRUE
08316045,2012,2,0,0,TRUE
08316045,2013,3,0,0,TRUE
08316045,2014,3,0,98.97,TRUE
08316049,2010,2,NA,0,TRUE
08316049,2011,2,0,0,TRUE
08316049,2012,2,0,0,TRUE
08316049,2013,3,0,0,TRUE
08316049,2014,3,0,99.88,TRUE
08316051,2010,2,NA,0,TRUE
08316051,2011,2,0,0,TRUE
08316051,2012,2,0,0,TRUE
08316051,2013,3,0,0,TRUE
08316051,2014,3,0,99.86,TRUE
08316053,2010,2,NA,0,TRUE
08316053,2011,2,0,0,TRUE
08316053,2012,2,0,0,TRUE
08316053,2013,3,0,0,TRUE
08316053,2014,3,0,100,TRUE
08316054,2010,2,NA,0,TRUE
08316054,2011,2,0,0,TRUE
08316054,2012,2,0,0,TRUE
08316054,2013,3,0,0,TRUE
08316054,2014,3,0,87.81,TRUE
08316055,2010,2,NA,0,TRUE
08316055,2011,2,0,0,TRUE
08316055,2012,2,0,0,TRUE
08316055,2013,3,0,0,TRUE
08316055,2014,3,0,97.55,TRUE
08316056,2010,2,NA,0,TRUE
08316056,2011,2,0,0,TRUE
08316056,2012,2,0,0,TRUE
08316056,2013,3,0,0,TRUE
08316056,2014,3,0,99.69,TRUE
08317001,2010,2,NA,0,TRUE
08317001,2011,2,0,0,TRUE
08317001,2012,2,0,0,TRUE
08317001,2013,3,0,0,TRUE
08317001,2014,3,0,99.98,TRUE
08317005,2010,2,NA,0,TRUE
08317005,2011,2,0,0,TRUE
08317005,2012,2,0,0,TRUE
08317005,2013,3,0,0,TRUE
08317005,2014,3,0,100,TRUE
08317008,2010,2,NA,0,TRUE
08317008,2011,2,0,0,TRUE
08317008,2012,2,0,0,TRUE
08317008,2013,3,0,0,TRUE
08317008,2014,3,0,94.16,TRUE
08317009,2010,2,NA,0,TRUE
08317009,2011,2,0,0,TRUE
08317009,2012,2,0,0,TRUE
08317009,2013,3,0,0,TRUE
08317009,2014,3,0,97.13,TRUE
08317011,2010,2,NA,0,TRUE
08317011,2011,2,0,0,TRUE
08317011,2012,2,0,0,TRUE
08317011,2013,3,0,0,TRUE
08317011,2014,3,0,98.71,TRUE
08317021,2010,2,NA,0,TRUE
08317021,2011,2,0,0,TRUE
08317021,2012,2,0,0,TRUE
08317021,2013,3,0,0,TRUE
08317021,2014,3,0,99.81,TRUE
08317026,2010,2,NA,0,TRUE
08317026,2011,2,0,0,TRUE
08317026,2012,2,0,0,TRUE
08317026,2013,3,0,0,TRUE
08317026,2014,3,0,99.59,TRUE
08317029,2010,2,NA,0,TRUE
08317029,2011,2,0,0,TRUE
08317029,2012,2,0,0,TRUE
08317029,2013,3,0,0,TRUE
08317029,2014,3,0,99.84,TRUE
08317031,2010,2,NA,0,TRUE
08317031,2011,2,0,0,TRUE
08317031,2012,2,0,0,TRUE
08317031,2013,3,0,0,TRUE
08317031,2014,3,0,100,TRUE
08317034,2010,2,NA,0,TRUE
08317034,2011,2,0,0,TRUE
08317034,2012,2,0,0,TRUE
08317034,2013,3,0,0,TRUE
08317034,2014,3,0,99.04,TRUE
08317039,2010,2,NA,0,TRUE
08317039,2011,2,0,0,TRUE
08317039,2012,2,0,0,TRUE
08317039,2013,3,0,0,TRUE
08317039,2014,3,0,100,TRUE
08317040,2010,2,NA,0,TRUE
08317040,2011,2,0,0,TRUE
08317040,2012,2,0,0,TRUE
08317040,2013,3,0,0,TRUE
08317040,2014,3,0,99.9,TRUE
08317041,2010,2,NA,0,TRUE
08317041,2011,2,0,0,TRUE
08317041,2012,2,0,0,TRUE
08317041,2013,3,0,0,TRUE
08317041,2014,3,0,99.18,TRUE
08317046,2010,2,NA,0,TRUE
08317046,2011,2,0,0,TRUE
08317046,2012,2,0,0,TRUE
08317046,2013,3,0,0,TRUE
08317046,2014,3,0,98.35,TRUE
08317047,2010,2,NA,0,TRUE
08317047,2011,2,0,0,TRUE
08317047,2012,2,0,0,TRUE
08317047,2013,3,0,0,TRUE
08317047,2014,3,0,99.94,TRUE
08317051,2010,2,NA,0,TRUE
08317051,2011,2,0,0,TRUE
08317051,2012,2,0,0,TRUE
08317051,2013,3,0,0,TRUE
08317051,2014,3,0,97.66,TRUE
08317056,2010,2,NA,0,TRUE
08317056,2011,2,0,0,TRUE
08317056,2012,2,0,0,TRUE
08317056,2013,3,0,0,TRUE
08317056,2014,3,0,99.76,TRUE
08317057,2010,2,NA,0,TRUE
08317057,2011,2,0,0,TRUE
08317057,2012,2,0,0,TRUE
08317057,2013,3,0,0,TRUE
08317057,2014,3,0,98.94,TRUE
08317059,2010,2,NA,0,TRUE
08317059,2011,2,0,0,TRUE
08317059,2012,2,0,0,TRUE
08317059,2013,3,0,0,TRUE
08317059,2014,3,0,99.58,TRUE
08317065,2010,2,NA,0,TRUE
08317065,2011,2,0,0,TRUE
08317065,2012,2,0,0,TRUE
08317065,2013,3,0,0,TRUE
08317065,2014,3,0,100,TRUE
08317067,2010,2,NA,0,TRUE
08317067,2011,2,0,0,TRUE
08317067,2012,2,0,0,TRUE
08317067,2013,3,0,0,TRUE
08317067,2014,3,0,98.78,TRUE
08317068,2010,2,NA,0,TRUE
08317068,2011,2,0,0,TRUE
08317068,2012,2,0,0,TRUE
08317068,2013,3,0,0,TRUE
08317068,2014,3,0,99.87,TRUE
08317073,2010,2,NA,0,TRUE
08317073,2011,2,0,0,TRUE
08317073,2012,2,0,0,TRUE
08317073,2013,3,0,0,TRUE
08317073,2014,3,0,100,TRUE
08317075,2010,2,NA,0,TRUE
08317075,2011,2,0,0,TRUE
08317075,2012,2,0,0,TRUE
08317075,2013,3,0,0,TRUE
08317075,2014,3,0,94.08,TRUE
08317078,2010,2,NA,0,TRUE
08317078,2011,2,0,0,TRUE
08317078,2012,2,0,0,TRUE
08317078,2013,3,0,0,TRUE
08317078,2014,3,0,98.56,TRUE
08317085,2010,2,NA,0,TRUE
08317085,2011,2,0,0,TRUE
08317085,2012,2,0,0,TRUE
08317085,2013,3,0,0,TRUE
08317085,2014,3,0,98.15,TRUE
08317088,2010,2,NA,0,TRUE
08317088,2011,2,0,0,TRUE
08317088,2012,2,0,0,TRUE
08317088,2013,3,0,0,TRUE
08317088,2014,3,0,98.77,TRUE
08317089,2010,2,NA,0,TRUE
08317089,2011,2,0,0,TRUE
08317089,2012,2,0,0,TRUE
08317089,2013,3,0,0,TRUE
08317089,2014,3,0,99.48,TRUE
08317093,2010,2,NA,0,TRUE
08317093,2011,2,0,0,TRUE
08317093,2012,2,0,0,TRUE
08317093,2013,3,0,0,TRUE
08317093,2014,3,0,98.95,TRUE
08317096,2010,2,NA,0,TRUE
08317096,2011,2,0,0,TRUE
08317096,2012,2,0,0,TRUE
08317096,2013,3,0,0,TRUE
08317096,2014,3,0,100,TRUE
08317097,2010,2,NA,0,TRUE
08317097,2011,2,0,0,TRUE
08317097,2012,2,0,0,TRUE
08317097,2013,3,0,0,TRUE
08317097,2014,3,0,97.89,TRUE
08317098,2010,2,NA,0,TRUE
08317098,2011,2,0,0,TRUE
08317098,2012,2,0,0,TRUE
08317098,2013,3,0,0,TRUE
08317098,2014,3,0,94.73,TRUE
08317100,2010,2,NA,0,TRUE
08317100,2011,2,0,0,TRUE
08317100,2012,2,0,0,TRUE
08317100,2013,3,0,0,TRUE
08317100,2014,3,0,100,TRUE
08317102,2010,2,NA,0,TRUE
08317102,2011,2,0,0,TRUE
08317102,2012,2,0,0,TRUE
08317102,2013,3,0,0,TRUE
08317102,2014,3,0,100,TRUE
08317110,2010,2,NA,0,TRUE
08317110,2011,2,0,0,TRUE
08317110,2012,2,0,0,TRUE
08317110,2013,3,0,0,TRUE
08317110,2014,3,0,99.81,TRUE
08317113,2010,2,NA,0,TRUE
08317113,2011,2,0,0,TRUE
08317113,2012,2,0,0,TRUE
08317113,2013,3,0,0,TRUE
08317113,2014,3,0,100,TRUE
08317114,2010,2,NA,0,TRUE
08317114,2011,2,0,0,TRUE
08317114,2012,2,0,0,TRUE
08317114,2013,3,0,0,TRUE
08317114,2014,3,0,100,TRUE
08317116,2010,2,NA,0,TRUE
08317116,2011,2,0,0,TRUE
08317116,2012,2,0,0,TRUE
08317116,2013,3,0,0,TRUE
08317116,2014,3,0,99.96,TRUE
08317118,2010,2,NA,0,TRUE
08317118,2011,2,0,0,TRUE
08317118,2012,2,0,0,TRUE
08317118,2013,3,0,0,TRUE
08317118,2014,3,0,100,TRUE
08317121,2010,2,NA,0,TRUE
08317121,2011,2,0,0,TRUE
08317121,2012,2,0,0,TRUE
08317121,2013,3,0,0,TRUE
08317121,2014,3,0,75.36,TRUE
08317122,2010,2,NA,0,TRUE
08317122,2011,2,0,0,TRUE
08317122,2012,2,0,0,TRUE
08317122,2013,3,0,0,TRUE
08317122,2014,3,0,99.87,TRUE
08317126,2010,2,NA,0,TRUE
08317126,2011,2,0,0,TRUE
08317126,2012,2,0,0,TRUE
08317126,2013,3,0,0,TRUE
08317126,2014,3,0,99.45,TRUE
08317127,2010,2,NA,0,TRUE
08317127,2011,2,0,0,TRUE
08317127,2012,2,0,0,TRUE
08317127,2013,3,0,0,TRUE
08317127,2014,3,0,99.58,TRUE
08317129,2010,2,NA,0,TRUE
08317129,2011,2,0,0,TRUE
08317129,2012,2,0,0,TRUE
08317129,2013,3,0,0,TRUE
08317129,2014,3,0,99.87,TRUE
08317141,2010,2,NA,0,TRUE
08317141,2011,2,0,0,TRUE
08317141,2012,2,0,0,TRUE
08317141,2013,3,0,0,TRUE
08317141,2014,3,0,100,TRUE
08317145,2010,2,NA,0,TRUE
08317145,2011,2,0,0,TRUE
08317145,2012,2,0,0,TRUE
08317145,2013,3,0,0,TRUE
08317145,2014,3,0,98.75,TRUE
08317146,2010,2,NA,0,TRUE
08317146,2011,2,0,0,TRUE
08317146,2012,2,0,0,TRUE
08317146,2013,3,0,0,TRUE
08317146,2014,3,0,99.59,TRUE
08317150,2010,2,NA,0,TRUE
08317150,2011,2,0,0,TRUE
08317150,2012,2,0,0,TRUE
08317150,2013,3,0,0,TRUE
08317150,2014,3,0,99.79,TRUE
08317151,2010,2,NA,0,TRUE
08317151,2011,2,0,0,TRUE
08317151,2012,2,0,0,TRUE
08317151,2013,3,0,0,TRUE
08317151,2014,3,0,98.84,TRUE
08317152,2010,2,NA,0,TRUE
08317152,2011,2,0,0,TRUE
08317152,2012,2,0,0,TRUE
08317152,2013,3,0,0,TRUE
08317152,2014,3,0,100,TRUE
08317153,2010,2,NA,0,TRUE
08317153,2011,2,0,0,TRUE
08317153,2012,2,0,0,TRUE
08317153,2013,3,0,0,TRUE
08317153,2014,3,0,99.52,TRUE
08317971,2010,2,NA,0,TRUE
08317971,2011,2,0,0,TRUE
08317971,2012,2,0,0,TRUE
08317971,2013,3,0,0,TRUE
08317971,2014,3,0,100,TRUE
08317971,2021,38,100,NA,FALSE
08325001,2010,2,NA,0,TRUE
08325001,2011,2,0,0,TRUE
08325001,2012,2,0,0,TRUE
08325001,2013,3,0,0,TRUE
08325001,2014,3,0,100,TRUE
08325009,2010,2,NA,0,TRUE
08325009,2011,2,0,0,TRUE
08325009,2012,2,0,0,TRUE
08325009,2013,3,0,0,TRUE
08325009,2014,3,0,99.93,TRUE
08325011,2010,2,NA,0,TRUE
08325011,2011,2,0,0,TRUE
08325011,2012,2,0,0,TRUE
08325011,2013,3,0,0,TRUE
08325011,2014,3,0,92.49,TRUE
08325012,2010,2,NA,0,TRUE
08325012,2011,2,0,0,TRUE
08325012,2012,2,0,0,TRUE
08325012,2013,3,0,0,TRUE
08325012,2014,3,0,98.38,TRUE
08325014,2010,2,NA,0,TRUE
08325014,2011,2,0,0,TRUE
08325014,2012,2,0,0,TRUE
08325014,2013,3,0,0,TRUE
08325014,2014,3,0,99.92,TRUE
08325015,2010,2,NA,0,TRUE
08325015,2011,2,0,0,TRUE
08325015,2012,2,0,0,TRUE
08325015,2013,3,0,0,TRUE
08325015,2014,3,0,96.08,TRUE
08325024,2010,2,NA,0,TRUE
08325024,2011,2,0,0,TRUE
08325024,2012,2,0,0,TRUE
08325024,2013,3,0,0,TRUE
08325024,2014,3,0,99.91,TRUE
08325036,2010,2,NA,0,TRUE
08325036,2011,2,0,0,TRUE
08325036,2012,2,0,0,TRUE
08325036,2013,3,0,0,TRUE
08325036,2014,3,0,99.69,TRUE
08325045,2010,2,NA,0,TRUE
08325045,2011,2,0,0,TRUE
08325045,2012,2,0,0,TRUE
08325045,2013,3,0,0,TRUE
08325045,2014,3,0,99.18,TRUE
08325049,2010,2,NA,0,TRUE
08325049,2011,2,0,0,TRUE
08325049,2012,2,0,0,TRUE
08325049,2013,3,0,0,TRUE
08325049,2014,3,0,99.97,TRUE
08325050,2010,2,NA,0,TRUE
08325050,2011,2,0,0,TRUE
08325050,2012,2,0,0,TRUE
08325050,2013,3,0,0,TRUE
08325050,2014,3,0,89.52,TRUE
08325051,2010,2,NA,0,TRUE
08325051,2011,2,0,0,TRUE
08325051,2012,2,0,0,TRUE
08325051,2013,3,0,0,TRUE
08325051,2014,3,0,99.64,TRUE
08325053,2010,2,NA,0,TRUE
08325053,2011,2,0,0,TRUE
08325053,2012,2,0,0,TRUE
08325053,2013,3,0,0,TRUE
08325053,2014,3,0,99.58,TRUE
08325057,2010,2,NA,0,TRUE
08325057,2011,2,0,0,TRUE
08325057,2012,2,0,0,TRUE
08325057,2013,3,0,0,TRUE
08325057,2014,3,0,98.24,TRUE
08325060,2010,2,NA,0,TRUE
08325060,2011,2,0,0,TRUE
08325060,2012,2,0,0,TRUE
08325060,2013,3,0,0,TRUE
08325060,2014,3,0,100,TRUE
08325061,2010,2,NA,0,TRUE
08325061,2011,2,0,0,TRUE
08325061,2012,2,0,0,TRUE
08325061,2013,3,0,0,TRUE
08325061,2014,3,0,99.6,TRUE
08325064,2010,2,NA,0,TRUE
08325064,2011,2,0,0,TRUE
08325064,2012,2,0,0,TRUE
08325064,2013,3,0,0,TRUE
08325064,2014,3,0,100,TRUE
08325069,2010,2,NA,0,TRUE
08325069,2011,2,0,0,TRUE
08325069,2012,2,0,0,TRUE
08325069,2013,3,0,0,TRUE
08325069,2014,3,0,99.84,TRUE
08325070,2010,2,NA,0,TRUE
08325070,2011,2,0,0,TRUE
08325070,2012,2,0,0,TRUE
08325070,2013,3,0,0,TRUE
08325070,2014,3,0,99.55,TRUE
08325071,2010,2,NA,0,TRUE
08325071,2011,2,0,0,TRUE
08325071,2012,2,0,0,TRUE
08325071,2013,3,0,0,TRUE
08325071,2014,3,0,99.89,TRUE
08325072,2010,2,NA,0,TRUE
08325072,2011,2,0,0,TRUE
08325072,2012,2,0,0,TRUE
08325072,2013,3,0,0,TRUE
08325072,2014,3,0,99.96,TRUE
08326003,2010,2,NA,0,TRUE
08326003,2011,2,0,0,TRUE
08326003,2012,2,0,0,TRUE
08326003,2013,3,0,0,TRUE
08326003,2014,3,0,99.02,TRUE
08326005,2010,2,NA,0,TRUE
08326005,2011,2,0,0,TRUE
08326005,2012,2,0,0,TRUE
08326005,2013,3,0,0,TRUE
08326005,2014,3,0,91.71,TRUE
08326006,2010,2,NA,0,TRUE
08326006,2011,2,0,0,TRUE
08326006,2012,2,0,0,TRUE
08326006,2013,3,0,0,TRUE
08326006,2014,3,0,98.89,TRUE
08326010,2010,2,NA,0,TRUE
08326010,2011,2,0,0,TRUE
08326010,2012,2,0,0,TRUE
08326010,2013,3,0,0,TRUE
08326010,2014,3,0,99.56,TRUE
08326012,2010,2,NA,0,TRUE
08326012,2011,2,0,0,TRUE
08326012,2012,2,0,0,TRUE
08326012,2013,3,0,0,TRUE
08326012,2014,3,0,99.85,TRUE
08326017,2010,2,NA,0,TRUE
08326017,2011,2,0,0,TRUE
08326017,2012,2,0,0,TRUE
08326017,2013,3,0,0,TRUE
08326017,2014,3,0,95.56,TRUE
08326020,2010,2,NA,0,TRUE
08326020,2011,2,0,0,TRUE
08326020,2012,2,0,0,TRUE
08326020,2013,3,0,0,TRUE
08326020,2014,3,0,92.47,TRUE
08326027,2010,2,NA,0,TRUE
08326027,2011,2,0,0,TRUE
08326027,2012,2,0,0,TRUE
08326027,2013,3,0,0,TRUE
08326027,2014,3,0,100,TRUE
08326031,2010,2,NA,0,TRUE
08326031,2011,2,0,0,TRUE
08326031,2012,2,0,0,TRUE
08326031,2013,3,0,0,TRUE
08326031,2014,3,0,99.4,TRUE
08326037,2010,2,NA,0,TRUE
08326037,2011,2,0,0,TRUE
08326037,2012,2,0,0,TRUE
08326037,2013,3,0,0,TRUE
08326037,2014,3,0,99.85,TRUE
08326041,2010,2,NA,0,TRUE
08326041,2011,2,0,0,TRUE
08326041,2012,2,0,0,TRUE
08326041,2013,3,0,0,TRUE
08326041,2014,3,0,99.96,TRUE
08326052,2010,2,NA,0,TRUE
08326052,2011,2,0,0,TRUE
08326052,2012,2,0,0,TRUE
08326052,2013,3,0,0,TRUE
08326052,2014,3,0,99.9,TRUE
08326054,2010,2,NA,0,TRUE
08326054,2011,2,0,0,TRUE
08326054,2012,2,0,0,TRUE
08326054,2013,3,0,0,TRUE
08326054,2014,3,0,98.9,TRUE
08326055,2010,2,NA,0,TRUE
08326055,2011,2,0,0,TRUE
08326055,2012,2,0,0,TRUE
08326055,2013,3,0,0,TRUE
08326055,2014,3,0,95.7,TRUE
08326060,2010,2,NA,0,TRUE
08326060,2011,2,0,0,TRUE
08326060,2012,2,0,0,TRUE
08326060,2013,3,0,0,TRUE
08326060,2014,3,0,99.73,TRUE
08326061,2010,2,NA,0,TRUE
08326061,2011,2,0,0,TRUE
08326061,2012,2,0,0,TRUE
08326061,2013,3,0,0,TRUE
08326061,2014,3,0,98.85,TRUE
08326065,2010,2,NA,0,TRUE
08326065,2011,2,0,0,TRUE
08326065,2012,2,0,0,TRUE
08326065,2013,3,0,0,TRUE
08326065,2014,3,0,90.61,TRUE
08326068,2010,2,NA,0,TRUE
08326068,2011,2,0,0,TRUE
08326068,2012,2,0,0,TRUE
08326068,2013,3,0,0,TRUE
08326068,2014,3,0,80.12,TRUE
08326074,2010,2,NA,0,TRUE
08326074,2011,2,0,0,TRUE
08326074,2012,2,0,0,TRUE
08326074,2013,3,0,0,TRUE
08326074,2014,3,0,99.36,TRUE
08326075,2010,2,NA,0,TRUE
08326075,2011,2,0,0,TRUE
08326075,2012,2,0,0,TRUE
08326075,2013,3,0,0,TRUE
08326075,2014,3,0,99.95,TRUE
08327002,2010,2,NA,0,TRUE
08327002,2011,2,0,0,TRUE
08327002,2012,2,0,0,TRUE
08327002,2013,3,0,0,TRUE
08327002,2014,3,0,99.91,TRUE
08327004,2010,2,NA,0,TRUE
08327004,2011,2,0,0,TRUE
08327004,2012,2,0,0,TRUE
08327004,2013,3,0,0,TRUE
08327004,2014,3,0,97.47,TRUE
08327005,2010,2,NA,0,TRUE
08327005,2011,2,0,0,TRUE
08327005,2012,2,0,0,TRUE
08327005,2013,3,0,0,TRUE
08327005,2014,3,0,100,TRUE
08327006,2010,2,NA,0,TRUE
08327006,2011,2,0,0,TRUE
08327006,2012,2,0,0,TRUE
08327006,2013,3,0,0,TRUE
08327006,2014,3,0,100,TRUE
08327007,2010,2,NA,0,TRUE
08327007,2011,2,0,0,TRUE
08327007,2012,2,0,0,TRUE
08327007,2013,3,0,0,TRUE
08327007,2014,3,0,100,TRUE
08327008,2010,2,NA,0,TRUE
08327008,2011,2,0,0,TRUE
08327008,2012,2,0,0,TRUE
08327008,2013,3,0,0,TRUE
08327008,2014,3,0,88.1,TRUE
08327009,2010,2,NA,0,TRUE
08327009,2011,2,0,0,TRUE
08327009,2012,2,0,0,TRUE
08327009,2013,3,0,0,TRUE
08327009,2014,3,0,99.87,TRUE
08327010,2010,2,NA,0,TRUE
08327010,2011,2,0,0,TRUE
08327010,2012,2,0,0,TRUE
08327010,2013,3,0,0,TRUE
08327010,2014,3,0,100,TRUE
08327011,2010,2,NA,0,TRUE
08327011,2011,2,0,0,TRUE
08327011,2012,2,0,0,TRUE
08327011,2013,3,0,0,TRUE
08327011,2014,3,0,100,TRUE
08327012,2010,2,NA,0,TRUE
08327012,2011,2,0,0,TRUE
08327012,2012,2,0,0,TRUE
08327012,2013,3,0,0,TRUE
08327012,2014,3,0,100,TRUE
08327013,2010,2,NA,0,TRUE
08327013,2011,2,0,0,TRUE
08327013,2012,2,0,0,TRUE
08327013,2013,3,0,0,TRUE
08327013,2014,3,0,98.51,TRUE
08327016,2010,2,NA,0,TRUE
08327016,2011,2,0,0,TRUE
08327016,2012,2,0,0,TRUE
08327016,2013,3,0,0,TRUE
08327016,2014,3,0,99.35,TRUE
08327017,2010,2,NA,0,TRUE
08327017,2011,2,0,0,TRUE
08327017,2012,2,0,0,TRUE
08327017,2013,3,0,0,TRUE
08327017,2014,3,0,100,TRUE
08327018,2010,2,NA,0,TRUE
08327018,2011,2,0,0,TRUE
08327018,2012,2,0,0,TRUE
08327018,2013,3,0,0,TRUE
08327018,2014,3,0,99.96,TRUE
08327019,2010,2,NA,0,TRUE
08327019,2011,2,0,0,TRUE
08327019,2012,2,0,0,TRUE
08327019,2013,3,0,0,TRUE
08327019,2014,3,0,100,TRUE
08327020,2010,2,NA,0,TRUE
08327020,2011,2,0,0,TRUE
08327020,2012,2,0,0,TRUE
08327020,2013,3,0,0,TRUE
08327020,2014,3,0,99.3,TRUE
08327023,2010,2,NA,0,TRUE
08327023,2011,2,0,0,TRUE
08327023,2012,2,0,0,TRUE
08327023,2013,3,0,0,TRUE
08327023,2014,3,0,99.38,TRUE
08327025,2010,2,NA,0,TRUE
08327025,2011,2,0,0,TRUE
08327025,2012,2,0,0,TRUE
08327025,2013,3,0,0,TRUE
08327025,2014,3,0,98.51,TRUE
08327027,2010,2,NA,0,TRUE
08327027,2011,2,0,0,TRUE
08327027,2012,2,0,0,TRUE
08327027,2013,3,0,0,TRUE
08327027,2014,3,0,100,TRUE
08327029,2010,2,NA,0,TRUE
08327029,2011,2,0,0,TRUE
08327029,2012,2,0,0,TRUE
08327029,2013,3,0,0,TRUE
08327029,2014,3,0,100,TRUE
08327030,2010,2,NA,0,TRUE
08327030,2011,2,0,0,TRUE
08327030,2012,2,0,0,TRUE
08327030,2013,3,0,0,TRUE
08327030,2014,3,0,98.9,TRUE
08327033,2010,2,NA,0,TRUE
08327033,2011,2,0,0,TRUE
08327033,2012,2,0,0,TRUE
08327033,2013,3,0,0,TRUE
08327033,2014,3,0,99.04,TRUE
08327036,2010,2,NA,0,TRUE
08327036,2011,2,0,0,TRUE
08327036,2012,2,0,0,TRUE
08327036,2013,3,0,0,TRUE
08327036,2014,3,0,99.93,TRUE
08327038,2010,2,NA,0,TRUE
08327038,2011,2,0,0,TRUE
08327038,2012,2,0,0,TRUE
08327038,2013,3,0,0,TRUE
08327038,2014,3,0,95.75,TRUE
08327040,2010,2,NA,0,TRUE
08327040,2011,2,0,0,TRUE
08327040,2012,2,0,0,TRUE
08327040,2013,3,0,0,TRUE
08327040,2014,3,0,100,TRUE
08327041,2010,2,NA,0,TRUE
08327041,2011,2,0,0,TRUE
08327041,2012,2,0,0,TRUE
08327041,2013,3,0,0,TRUE
08327041,2014,3,0,100,TRUE
08327046,2010,2,NA,0,TRUE
08327046,2011,2,0,0,TRUE
08327046,2012,2,0,0,TRUE
08327046,2013,3,0,0,TRUE
08327046,2014,3,0,99.94,TRUE
08327048,2010,2,NA,0,TRUE
08327048,2011,2,0,0,TRUE
08327048,2012,2,0,0,TRUE
08327048,2013,3,0,0,TRUE
08327048,2014,3,0,100,TRUE
08327049,2010,2,NA,0,TRUE
08327049,2011,2,0,0,TRUE
08327049,2012,2,0,0,TRUE
08327049,2013,3,0,0,TRUE
08327049,2014,3,0,100,TRUE
08327050,2010,2,NA,0,TRUE
08327050,2011,2,0,0,TRUE
08327050,2012,2,0,0,TRUE
08327050,2013,3,0,0,TRUE
08327050,2014,3,0,99.72,TRUE
08327051,2010,2,NA,0,TRUE
08327051,2011,2,0,0,TRUE
08327051,2012,2,0,0,TRUE
08327051,2013,3,0,0,TRUE
08327051,2014,3,0,99.87,TRUE
08327054,2010,2,NA,0,TRUE
08327054,2011,2,0,0,TRUE
08327054,2012,2,0,0,TRUE
08327054,2013,3,0,0,TRUE
08327054,2014,3,0,100,TRUE
08327055,2010,2,NA,0,TRUE
08327055,2011,2,0,0,TRUE
08327055,2012,2,0,0,TRUE
08327055,2013,3,0,0,TRUE
08327055,2014,3,0,100,TRUE
08327056,2010,2,NA,0,TRUE
08327056,2011,2,0,0,TRUE
08327056,2012,2,0,0,TRUE
08327056,2013,3,0,0,TRUE
08327056,2014,3,0,99.33,TRUE
08327057,2010,2,NA,0,TRUE
08327057,2011,2,0,0,TRUE
08327057,2012,2,0,0,TRUE
08327057,2013,3,0,0,TRUE
08327057,2014,3,0,99.74,TRUE
08335001,2010,2,NA,0,TRUE
08335001,2011,2,0,0,TRUE
08335001,2012,2,0,0,TRUE
08335001,2013,3,0,0,TRUE
08335001,2014,3,0,99.89,TRUE
08335002,2010,2,NA,0,TRUE
08335002,2011,2,0,0,TRUE
08335002,2012,2,0,0,TRUE
08335002,2013,3,0,0,TRUE
08335002,2014,3,0,99.49,TRUE
08335015,2010,2,NA,0,TRUE
08335015,2011,2,0,0,TRUE
08335015,2012,2,0,0,TRUE
08335015,2013,3,0,0,TRUE
08335015,2014,3,0,53.53,TRUE
08335021,2010,2,NA,0,TRUE
08335021,2011,2,0,0,TRUE
08335021,2012,2,0,0,TRUE
08335021,2013,3,0,0,TRUE
08335021,2014,3,0,92.09,TRUE
08335022,2010,2,NA,0,TRUE
08335022,2011,2,0,0,TRUE
08335022,2012,2,0,0,TRUE
08335022,2013,3,0,0,TRUE
08335022,2014,3,0,98.55,TRUE
08335025,2010,2,NA,0,TRUE
08335025,2011,2,0,0,TRUE
08335025,2012,2,0,0,TRUE
08335025,2013,3,0,0,TRUE
08335025,2014,3,0,99.6,TRUE
08335026,2010,2,NA,0,TRUE
08335026,2011,2,0,0,TRUE
08335026,2012,2,0,0,TRUE
08335026,2013,3,0,0,TRUE
08335026,2014,3,0,99.93,TRUE
08335028,2010,2,NA,0,TRUE
08335028,2011,2,0,0,TRUE
08335028,2012,2,0,0,TRUE
08335028,2013,3,0,0,TRUE
08335028,2014,3,0,99.82,TRUE
08335035,2010,2,NA,0,TRUE
08335035,2011,2,0,0,TRUE
08335035,2012,2,0,0,TRUE
08335035,2013,3,0,0,TRUE
08335035,2014,3,0,99.6,TRUE
08335043,2010,2,NA,0,TRUE
08335043,2011,2,0,0,TRUE
08335043,2012,2,0,0,TRUE
08335043,2013,3,0,0,TRUE
08335043,2014,3,0,100,TRUE
08335055,2010,2,NA,0,TRUE
08335055,2011,2,0,0,TRUE
08335055,2012,2,0,0,TRUE
08335055,2013,3,0,0,TRUE
08335055,2014,3,0,99.86,TRUE
08335057,2010,2,NA,0,TRUE
08335057,2011,2,0,0,TRUE
08335057,2012,2,0,0,TRUE
08335057,2013,3,0,0,TRUE
08335057,2014,3,0,97.86,TRUE
08335061,2010,2,NA,0,TRUE
08335061,2011,2,0,0,TRUE
08335061,2012,2,0,0,TRUE
08335061,2013,3,0,0,TRUE
08335061,2014,3,0,97.56,TRUE
08335063,2010,2,NA,0,TRUE
08335063,2011,2,0,0,TRUE
08335063,2012,2,0,0,TRUE
08335063,2013,3,0,0,TRUE
08335063,2014,3,0,99.86,TRUE
08335066,2010,2,NA,0,TRUE
08335066,2011,2,0,0,TRUE
08335066,2012,2,0,0,TRUE
08335066,2013,3,0,0,TRUE
08335066,2014,3,0,100,TRUE
08335075,2010,2,NA,0,TRUE
08335075,2011,2,0,0,TRUE
08335075,2012,2,0,0,TRUE
08335075,2013,3,0,0,TRUE
08335075,2014,3,0,99.53,TRUE
08335077,2010,2,NA,0,TRUE
08335077,2011,2,0,0,TRUE
08335077,2012,2,0,0,TRUE
08335077,2013,3,0,0,TRUE
08335077,2014,3,0,100,TRUE
08335079,2010,2,NA,0,TRUE
08335079,2011,2,0,0,TRUE
08335079,2012,2,0,0,TRUE
08335079,2013,3,0,0,TRUE
08335079,2014,3,0,98.4,TRUE
08335080,2010,2,NA,0,TRUE
08335080,2011,2,0,0,TRUE
08335080,2012,2,0,0,TRUE
08335080,2013,3,0,0,TRUE
08335080,2014,3,0,98.89,TRUE
08335081,2010,2,NA,0,TRUE
08335081,2011,2,0,0,TRUE
08335081,2012,2,0,0,TRUE
08335081,2013,3,0,0,TRUE
08335081,2014,3,0,100,TRUE
08335096,2010,2,NA,0,TRUE
08335096,2011,2,0,0,TRUE
08335096,2012,2,0,0,TRUE
08335096,2013,3,0,0,TRUE
08335096,2014,3,0,92.97,TRUE
08335097,2010,2,NA,0,TRUE
08335097,2011,2,0,0,TRUE
08335097,2012,2,0,0,TRUE
08335097,2013,3,0,0,TRUE
08335097,2014,3,0,100,TRUE
08335098,2010,2,NA,0,TRUE
08335098,2011,2,0,0,TRUE
08335098,2012,2,0,0,TRUE
08335098,2013,3,0,0,TRUE
08335098,2014,3,0,99.9,TRUE
08335099,2010,2,NA,0,TRUE
08335099,2011,2,0,0,TRUE
08335099,2012,2,0,0,TRUE
08335099,2013,3,0,0,TRUE
08335099,2014,3,0,99.51,TRUE
08335100,2010,2,NA,0,TRUE
08335100,2011,2,0,0,TRUE
08335100,2012,2,0,0,TRUE
08335100,2013,3,0,0,TRUE
08335100,2014,3,0,100,TRUE
08336004,2010,2,NA,0,TRUE
08336004,2011,2,0,0,TRUE
08336004,2012,2,0,0,TRUE
08336004,2013,3,0,0,TRUE
08336004,2014,3,0,91.87,TRUE
08336006,2010,2,NA,0,TRUE
08336006,2011,2,0,0,TRUE
08336006,2012,2,0,0,TRUE
08336006,2013,3,0,0,TRUE
08336006,2014,3,0,91.17,TRUE
08336008,2010,2,NA,0,TRUE
08336008,2011,2,0,0,TRUE
08336008,2012,2,0,0,TRUE
08336008,2013,3,0,0,TRUE
08336008,2014,3,0,100,TRUE
08336010,2010,2,NA,0,TRUE
08336010,2011,2,0,0,TRUE
08336010,2012,2,0,0,TRUE
08336010,2013,3,0,0,TRUE
08336010,2014,3,0,13.33,TRUE
08336014,2010,2,NA,0,TRUE
08336014,2011,2,0,0,TRUE
08336014,2012,2,0,0,TRUE
08336014,2013,3,0,0,TRUE
08336014,2014,3,0,88.29,TRUE
08336019,2010,2,NA,0,TRUE
08336019,2011,2,0,0,TRUE
08336019,2012,2,0,0,TRUE
08336019,2013,3,0,0,TRUE
08336019,2014,3,0,100,TRUE
08336024,2010,2,NA,0,TRUE
08336024,2011,2,0,0,TRUE
08336024,2012,2,0,0,TRUE
08336024,2013,3,0,0,TRUE
08336024,2014,3,0,100,TRUE
08336025,2010,2,NA,0,TRUE
08336025,2011,2,0,0,TRUE
08336025,2012,2,0,0,TRUE
08336025,2013,3,0,0,TRUE
08336025,2014,3,0,94.36,TRUE
08336034,2010,2,NA,0,TRUE
08336034,2011,2,0,0,TRUE
08336034,2012,2,0,0,TRUE
08336034,2013,3,0,0,TRUE
08336034,2014,3,0,93.56,TRUE
08336036,2010,2,NA,0,TRUE
08336036,2011,2,0,0,TRUE
08336036,2012,2,0,0,TRUE
08336036,2013,3,0,0,TRUE
08336036,2014,3,0,100,TRUE
08336043,2010,2,NA,0,TRUE
08336043,2011,2,0,0,TRUE
08336043,2012,2,0,0,TRUE
08336043,2013,3,0,0,TRUE
08336043,2014,3,0,77.51,TRUE
08336045,2010,2,NA,0,TRUE
08336045,2011,2,0,0,TRUE
08336045,2012,2,0,0,TRUE
08336045,2013,3,0,0,TRUE
08336045,2014,3,0,99.71,TRUE
08336050,2010,2,NA,0,TRUE
08336050,2011,2,0,0,TRUE
08336050,2012,2,0,0,TRUE
08336050,2013,3,0,0,TRUE
08336050,2014,3,0,99.99,TRUE
08336057,2010,2,NA,0,TRUE
08336057,2011,2,0,0,TRUE
08336057,2012,2,0,0,TRUE
08336057,2013,3,0,0,TRUE
08336057,2014,3,0,100,TRUE
08336069,2010,2,NA,0,TRUE
08336069,2011,2,0,0,TRUE
08336069,2012,2,0,0,TRUE
08336069,2013,3,0,0,TRUE
08336069,2014,3,0,96.42,TRUE
08336073,2010,2,NA,0,TRUE
08336073,2011,2,0,0,TRUE
08336073,2012,2,0,0,TRUE
08336073,2013,3,0,0,TRUE
08336073,2014,3,0,100,TRUE
08336075,2010,2,NA,0,TRUE
08336075,2011,2,0,0,TRUE
08336075,2012,2,0,0,TRUE
08336075,2013,3,0,0,TRUE
08336075,2014,3,0,100,TRUE
08336078,2010,2,NA,0,TRUE
08336078,2011,2,0,0,TRUE
08336078,2012,2,0,0,TRUE
08336078,2013,3,0,0,TRUE
08336078,2014,3,0,97.52,TRUE
08336079,2010,2,NA,0,TRUE
08336079,2011,2,0,0,TRUE
08336079,2012,2,0,0,TRUE
08336079,2013,3,0,0,TRUE
08336079,2014,3,0,100,TRUE
08336080,2010,2,NA,0,TRUE
08336080,2011,2,0,0,TRUE
08336080,2012,2,0,0,TRUE
08336080,2013,3,0,0,TRUE
08336080,2014,3,0,95,TRUE
08336081,2010,2,NA,0,TRUE
08336081,2011,2,0,0,TRUE
08336081,2012,2,0,0,TRUE
08336081,2013,3,0,0,TRUE
08336081,2014,3,0,99.01,TRUE
08336082,2010,2,NA,0,TRUE
08336082,2011,2,0,0,TRUE
08336082,2012,2,0,0,TRUE
08336082,2013,3,0,0,TRUE
08336082,2014,3,0,97.73,TRUE
08336084,2010,2,NA,0,TRUE
08336084,2011,2,0,0,TRUE
08336084,2012,2,0,0,TRUE
08336084,2013,3,0,0,TRUE
08336084,2014,3,0,92.45,TRUE
08336087,2010,2,NA,0,TRUE
08336087,2011,2,0,0,TRUE
08336087,2012,2,0,0,TRUE
08336087,2013,3,0,0,TRUE
08336087,2014,3,0,95.94,TRUE
08336089,2010,2,NA,0,TRUE
08336089,2011,2,0,0,TRUE
08336089,2012,2,0,0,TRUE
08336089,2013,3,0,0,TRUE
08336089,2014,3,0,100,TRUE
08336090,2010,2,NA,0,TRUE
08336090,2011,2,0,0,TRUE
08336090,2012,2,0,0,TRUE
08336090,2013,3,0,0,TRUE
08336090,2014,3,0,97.6,TRUE
08336091,2010,2,NA,0,TRUE
08336091,2011,2,0,0,TRUE
08336091,2012,2,0,0,TRUE
08336091,2013,3,0,0,TRUE
08336091,2014,3,0,100,TRUE
08336094,2010,2,NA,0,TRUE
08336094,2011,2,0,0,TRUE
08336094,2012,2,0,0,TRUE
08336094,2013,3,0,0,TRUE
08336094,2014,3,0,100,TRUE
08336096,2010,2,NA,0,TRUE
08336096,2011,2,0,0,TRUE
08336096,2012,2,0,0,TRUE
08336096,2013,3,0,0,TRUE
08336096,2014,3,0,1.74,TRUE
08336100,2010,2,NA,0,TRUE
08336100,2011,2,0,0,TRUE
08336100,2012,2,0,0,TRUE
08336100,2013,3,0,0,TRUE
08336100,2014,3,0,100,TRUE
08336103,2010,2,NA,0,TRUE
08336103,2011,2,0,0,TRUE
08336103,2012,2,0,0,TRUE
08336103,2013,3,0,0,TRUE
08336103,2014,3,0,94.1,TRUE
08336104,2010,2,NA,0,TRUE
08336104,2011,2,0,0,TRUE
08336104,2012,2,0,0,TRUE
08336104,2013,3,0,0,TRUE
08336104,2014,3,0,95.94,TRUE
08336105,2010,2,NA,0,TRUE
08336105,2011,2,0,0,TRUE
08336105,2012,2,0,0,TRUE
08336105,2013,3,0,0,TRUE
08336105,2014,3,0,99.57,TRUE
08336106,2010,2,NA,0,TRUE
08336106,2011,2,0,0,TRUE
08336106,2012,2,0,0,TRUE
08336106,2013,3,0,0,TRUE
08336106,2014,3,0,49.24,TRUE
08336107,2010,2,NA,0,TRUE
08336107,2011,2,0,0,TRUE
08336107,2012,2,0,0,TRUE
08336107,2013,3,0,0,TRUE
08336107,2014,3,0,64.7,TRUE
08337002,2010,2,NA,0,TRUE
08337002,2011,2,0,0,TRUE
08337002,2012,2,0,0,TRUE
08337002,2013,3,0,0,TRUE
08337002,2014,3,0,98.59,TRUE
08337013,2010,2,NA,0,TRUE
08337013,2011,2,0,0,TRUE
08337013,2012,2,0,0,TRUE
08337013,2013,3,0,0,TRUE
08337013,2014,3,0,99.07,TRUE
08337022,2010,2,NA,0,TRUE
08337022,2011,2,0,0,TRUE
08337022,2012,2,0,0,TRUE
08337022,2013,3,0,0,TRUE
08337022,2014,3,0,93.71,TRUE
08337027,2010,2,NA,0,TRUE
08337027,2011,2,0,0,TRUE
08337027,2012,2,0,0,TRUE
08337027,2013,3,0,0,TRUE
08337027,2014,3,0,86.5,TRUE
08337030,2010,2,NA,0,TRUE
08337030,2011,2,0,0,TRUE
08337030,2012,2,0,0,TRUE
08337030,2013,3,0,0,TRUE
08337030,2014,3,0,33.95,TRUE
08337032,2010,2,NA,0,TRUE
08337032,2011,2,0,0,TRUE
08337032,2012,2,0,0,TRUE
08337032,2013,3,0,0,TRUE
08337032,2014,3,0,100,TRUE
08337038,2010,2,NA,0,TRUE
08337038,2011,2,0,0,TRUE
08337038,2012,2,0,0,TRUE
08337038,2013,3,0,0,TRUE
08337038,2014,3,0,99,TRUE
08337039,2010,2,NA,0,TRUE
08337039,2011,2,0,0,TRUE
08337039,2012,2,0,0,TRUE
08337039,2013,3,0,0,TRUE
08337039,2014,3,0,92.28,TRUE
08337045,2010,2,NA,0,TRUE
08337045,2011,2,0,0,TRUE
08337045,2012,2,0,0,TRUE
08337045,2013,3,0,0,TRUE
08337045,2014,3,0,98.76,TRUE
08337049,2010,2,NA,0,TRUE
08337049,2011,2,0,0,TRUE
08337049,2012,2,0,0,TRUE
08337049,2013,3,0,0,TRUE
08337049,2014,3,0,90.08,TRUE
08337051,2010,2,NA,0,TRUE
08337051,2011,2,0,0,TRUE
08337051,2012,2,0,0,TRUE
08337051,2013,3,0,0,TRUE
08337051,2014,3,0,99.91,TRUE
08337053,2010,2,NA,0,TRUE
08337053,2011,2,0,0,TRUE
08337053,2012,2,0,0,TRUE
08337053,2013,3,0,0,TRUE
08337053,2014,3,0,78.03,TRUE
08337059,2010,2,NA,0,TRUE
08337059,2011,2,0,0,TRUE
08337059,2012,2,0,0,TRUE
08337059,2013,3,0,0,TRUE
08337059,2014,3,0,22.94,TRUE
08337060,2010,2,NA,0,TRUE
08337060,2011,2,0,0,TRUE
08337060,2012,2,0,0,TRUE
08337060,2013,3,0,0,TRUE
08337060,2014,3,0,99.82,TRUE
08337062,2010,2,NA,0,TRUE
08337062,2011,2,0,0,TRUE
08337062,2012,2,0,0,TRUE
08337062,2013,3,0,0,TRUE
08337062,2014,3,0,95.89,TRUE
08337065,2010,2,NA,0,TRUE
08337065,2011,2,0,0,TRUE
08337065,2012,2,0,0,TRUE
08337065,2013,3,0,0,TRUE
08337065,2014,3,0,99.94,TRUE
08337066,2010,2,NA,0,TRUE
08337066,2011,2,0,0,TRUE
08337066,2012,2,0,0,TRUE
08337066,2013,3,0,0,TRUE
08337066,2014,3,0,99.2,TRUE
08337070,2010,2,NA,0,TRUE
08337070,2011,2,0,0,TRUE
08337070,2012,2,0,0,TRUE
08337070,2013,3,0,0,TRUE
08337070,2014,3,0,72.09,TRUE
08337076,2010,2,NA,0,TRUE
08337076,2011,2,0,0,TRUE
08337076,2012,2,0,0,TRUE
08337076,2013,3,0,0,TRUE
08337076,2014,3,0,98.92,TRUE
08337090,2010,2,NA,0,TRUE
08337090,2011,2,0,0,TRUE
08337090,2012,2,0,0,TRUE
08337090,2013,3,0,0,TRUE
08337090,2014,3,0,65.35,TRUE
08337096,2010,2,NA,0,TRUE
08337096,2011,2,0,0,TRUE
08337096,2012,2,0,0,TRUE
08337096,2013,3,0,0,TRUE
08337096,2014,3,0,98.64,TRUE
08337097,2010,2,NA,0,TRUE
08337097,2011,2,0,0,TRUE
08337097,2012,2,0,0,TRUE
08337097,2013,3,0,0,TRUE
08337097,2014,3,0,95,TRUE
08337106,2010,2,NA,0,TRUE
08337106,2011,2,0,0,TRUE
08337106,2012,2,0,0,TRUE
08337106,2013,3,0,0,TRUE
08337106,2014,3,0,85.59,TRUE
08337108,2010,2,NA,0,TRUE
08337108,2011,2,0,0,TRUE
08337108,2012,2,0,0,TRUE
08337108,2013,3,0,0,TRUE
08337108,2014,3,0,95.44,TRUE
08337116,2010,2,NA,0,TRUE
08337116,2011,2,0,0,TRUE
08337116,2012,2,0,0,TRUE
08337116,2013,3,0,0,TRUE
08337116,2014,3,0,99.16,TRUE
08337118,2010,2,NA,0,TRUE
08337118,2011,2,0,0,TRUE
08337118,2012,2,0,0,TRUE
08337118,2013,3,0,0,TRUE
08337118,2014,3,0,95.35,TRUE
08337123,2010,2,NA,0,TRUE
08337123,2011,2,0,0,TRUE
08337123,2012,2,0,0,TRUE
08337123,2013,3,0,0,TRUE
08337123,2014,3,0,99.78,TRUE
08337124,2010,2,NA,0,TRUE
08337124,2011,2,0,0,TRUE
08337124,2012,2,0,0,TRUE
08337124,2013,3,0,0,TRUE
08337124,2014,3,0,99.85,TRUE
08337125,2010,2,NA,0,TRUE
08337125,2011,2,0,0,TRUE
08337125,2012,2,0,0,TRUE
08337125,2013,3,0,0,TRUE
08337125,2014,3,0,99.33,TRUE
08337126,2010,2,NA,0,TRUE
08337126,2011,2,0,0,TRUE
08337126,2012,2,0,0,TRUE
08337126,2013,3,0,0,TRUE
08337126,2014,3,0,99.61,TRUE
08337127,2010,2,NA,0,TRUE
08337127,2011,2,0,0,TRUE
08337127,2012,2,0,0,TRUE
08337127,2013,3,0,0,TRUE
08337127,2014,3,0,99.15,TRUE
08337128,2010,2,NA,0,TRUE
08337128,2011,2,0,0,TRUE
08337128,2012,2,0,0,TRUE
08337128,2013,3,0,0,TRUE
08337128,2014,3,0,93.22,TRUE
08415014,2010,2,NA,0,TRUE
08415014,2011,2,0,0,TRUE
08415014,2012,2,0,0,TRUE
08415014,2013,3,0,0,TRUE
08415014,2014,3,0,100,TRUE
08415019,2010,2,NA,0,TRUE
08415019,2011,2,0,0,TRUE
08415019,2012,2,0,0,TRUE
08415019,2013,3,0,0,TRUE
08415019,2014,3,0,100,TRUE
08415027,2010,2,NA,0,TRUE
08415027,2011,2,0,0,TRUE
08415027,2012,2,0,0,TRUE
08415027,2013,3,0,0,TRUE
08415027,2014,3,0,100,TRUE
08415028,2010,2,NA,0,TRUE
08415028,2011,2,0,0,TRUE
08415028,2012,2,0,0,TRUE
08415028,2013,3,0,0,TRUE
08415028,2014,3,0,100,TRUE
08415029,2010,2,NA,0,TRUE
08415029,2011,2,0,0,TRUE
08415029,2012,2,0,0,TRUE
08415029,2013,3,0,0,TRUE
08415029,2014,3,0,100,TRUE
08415034,2010,2,NA,0,TRUE
08415034,2011,2,0,0,TRUE
08415034,2012,2,0,0,TRUE
08415034,2013,3,0,0,TRUE
08415034,2014,3,0,97.62,TRUE
08415039,2010,2,NA,0,TRUE
08415039,2011,2,0,0,TRUE
08415039,2012,2,0,0,TRUE
08415039,2013,3,0,0,TRUE
08415039,2014,3,0,99.66,TRUE
08415048,2010,2,NA,0,TRUE
08415048,2011,2,0,0,TRUE
08415048,2012,2,0,0,TRUE
08415048,2013,3,0,0,TRUE
08415048,2014,3,0,98.09,TRUE
08415050,2010,2,NA,0,TRUE
08415050,2011,2,0,0,TRUE
08415050,2012,2,0,0,TRUE
08415050,2013,3,0,0,TRUE
08415050,2014,3,0,99.9,TRUE
08415053,2010,2,NA,0,TRUE
08415053,2011,2,0,0,TRUE
08415053,2012,2,0,0,TRUE
08415053,2013,3,0,0,TRUE
08415053,2014,3,0,99.2,TRUE
08415058,2010,2,NA,0,TRUE
08415058,2011,2,0,0,TRUE
08415058,2012,2,0,0,TRUE
08415058,2013,3,0,0,TRUE
08415058,2014,3,0,98.49,TRUE
08415059,2010,2,NA,0,TRUE
08415059,2011,2,0,0,TRUE
08415059,2012,2,0,0,TRUE
08415059,2013,3,0,0,TRUE
08415059,2014,3,0,99.99,TRUE
08415060,2010,2,NA,0,TRUE
08415060,2011,2,0,0,TRUE
08415060,2012,2,0,0,TRUE
08415060,2013,3,0,0,TRUE
08415060,2014,3,0,100,TRUE
08415061,2010,2,NA,0,TRUE
08415061,2011,2,0,0,TRUE
08415061,2012,2,0,0,TRUE
08415061,2013,3,0,0,TRUE
08415061,2014,3,0,99.99,TRUE
08415062,2010,2,NA,0,TRUE
08415062,2011,2,0,0,TRUE
08415062,2012,2,0,0,TRUE
08415062,2013,3,0,0,TRUE
08415062,2014,3,0,100,TRUE
08415073,2010,2,NA,0,TRUE
08415073,2011,2,0,0,TRUE
08415073,2012,2,0,0,TRUE
08415073,2013,3,0,0,TRUE
08415073,2014,3,0,99.89,TRUE
08415078,2010,2,NA,0,TRUE
08415078,2011,2,0,0,TRUE
08415078,2012,2,0,0,TRUE
08415078,2013,3,0,0,TRUE
08415078,2014,3,0,99.96,TRUE
08415080,2010,2,NA,0,TRUE
08415080,2011,2,0,0,TRUE
08415080,2012,2,0,0,TRUE
08415080,2013,3,0,0,TRUE
08415080,2014,3,0,100,TRUE
08415085,2010,2,NA,0,TRUE
08415085,2011,2,0,0,TRUE
08415085,2012,2,0,0,TRUE
08415085,2013,3,0,0,TRUE
08415085,2014,3,0,99.57,TRUE
08415087,2010,2,NA,0,TRUE
08415087,2011,2,0,0,TRUE
08415087,2012,2,0,0,TRUE
08415087,2013,3,0,0,TRUE
08415087,2014,3,0,100,TRUE
08415088,2010,2,NA,0,TRUE
08415088,2011,2,0,0,TRUE
08415088,2012,2,0,0,TRUE
08415088,2013,3,0,0,TRUE
08415088,2014,3,0,99.94,TRUE
08415089,2010,2,NA,0,TRUE
08415089,2011,2,0,0,TRUE
08415089,2012,2,0,0,TRUE
08415089,2013,3,0,0,TRUE
08415089,2014,3,0,100,TRUE
08415090,2010,2,NA,0,TRUE
08415090,2011,2,0,0,TRUE
08415090,2012,2,0,0,TRUE
08415090,2013,3,0,0,TRUE
08415090,2014,3,0,99.27,TRUE
08415091,2010,2,NA,0,TRUE
08415091,2011,2,0,0,TRUE
08415091,2012,2,0,0,TRUE
08415091,2013,3,0,0,TRUE
08415091,2014,3,0,99.97,TRUE
08415092,2010,2,NA,0,TRUE
08415092,2011,2,0,0,TRUE
08415092,2012,2,0,0,TRUE
08415092,2013,3,0,0,TRUE
08415092,2014,3,0,99.95,TRUE
08415093,2010,2,NA,0,TRUE
08415093,2011,2,0,0,TRUE
08415093,2012,2,0,0,TRUE
08415093,2013,3,0,0,TRUE
08415093,2014,3,0,100,TRUE
08415971,2010,2,NA,0,TRUE
08415971,2011,2,0,0,TRUE
08415971,2012,2,0,0,TRUE
08415971,2013,3,0,0,TRUE
08415971,2014,3,0,100,TRUE
08415971,2021,38,100,NA,FALSE
08416006,2010,2,NA,0,TRUE
08416006,2011,2,0,0,TRUE
08416006,2012,2,0,0,TRUE
08416006,2013,3,0,0,TRUE
08416006,2014,3,0,100,TRUE
08416009,2010,2,NA,0,TRUE
08416009,2011,2,0,0,TRUE
08416009,2012,2,0,0,TRUE
08416009,2013,3,0,0,TRUE
08416009,2014,3,0,100,TRUE
08416011,2010,2,NA,0,TRUE
08416011,2011,2,0,0,TRUE
08416011,2012,2,0,0,TRUE
08416011,2013,3,0,0,TRUE
08416011,2014,3,0,100,TRUE
08416015,2010,2,NA,0,TRUE
08416015,2011,2,0,0,TRUE
08416015,2012,2,0,0,TRUE
08416015,2013,3,0,0,TRUE
08416015,2014,3,0,100,TRUE
08416018,2010,2,NA,0,TRUE
08416018,2011,2,0,0,TRUE
08416018,2012,2,0,0,TRUE
08416018,2013,3,0,0,TRUE
08416018,2014,3,0,100,TRUE
08416022,2010,2,NA,0,TRUE
08416022,2011,2,0,0,TRUE
08416022,2012,2,0,0,TRUE
08416022,2013,3,0,0,TRUE
08416022,2014,3,0,100,TRUE
08416023,2010,2,NA,0,TRUE
08416023,2011,2,0,0,TRUE
08416023,2012,2,0,0,TRUE
08416023,2013,3,0,0,TRUE
08416023,2014,3,0,100,TRUE
08416025,2010,2,NA,0,TRUE
08416025,2011,2,0,0,TRUE
08416025,2012,2,0,0,TRUE
08416025,2013,3,0,0,TRUE
08416025,2014,3,0,100,TRUE
08416026,2010,2,NA,0,TRUE
08416026,2011,2,0,0,TRUE
08416026,2012,2,0,0,TRUE
08416026,2013,3,0,0,TRUE
08416026,2014,3,0,100,TRUE
08416031,2010,2,NA,0,TRUE
08416031,2011,2,0,0,TRUE
08416031,2012,2,0,0,TRUE
08416031,2013,3,0,0,TRUE
08416031,2014,3,0,100,TRUE
08416036,2010,2,NA,0,TRUE
08416036,2011,2,0,0,TRUE
08416036,2012,2,0,0,TRUE
08416036,2013,3,0,0,TRUE
08416036,2014,3,0,98.69,TRUE
08416041,2010,2,NA,0,TRUE
08416041,2011,2,0,0,TRUE
08416041,2012,2,0,0,TRUE
08416041,2013,3,0,0,TRUE
08416041,2014,3,0,100,TRUE
08416048,2010,2,NA,0,TRUE
08416048,2011,2,0,0,TRUE
08416048,2012,2,0,0,TRUE
08416048,2013,3,0,0,TRUE
08416048,2014,3,0,99.44,TRUE
08416049,2010,2,NA,0,TRUE
08416049,2011,2,0,0,TRUE
08416049,2012,2,0,0,TRUE
08416049,2013,3,0,0,TRUE
08416049,2014,3,0,89.62,TRUE
08416050,2010,2,NA,0,TRUE
08416050,2011,2,0,0,TRUE
08416050,2012,2,0,0,TRUE
08416050,2013,3,0,0,TRUE
08416050,2014,3,0,99.95,TRUE
08417002,2010,2,NA,0,TRUE
08417002,2011,2,0,0,TRUE
08417002,2012,2,0,0,TRUE
08417002,2013,3,0,0,TRUE
08417002,2014,3,0,99.65,TRUE
08417008,2010,2,NA,0,TRUE
08417008,2011,2,0,0,TRUE
08417008,2012,2,0,0,TRUE
08417008,2013,3,0,0,TRUE
08417008,2014,3,0,99.65,TRUE
08417010,2010,2,NA,0,TRUE
08417010,2011,2,0,0,TRUE
08417010,2012,2,0,0,TRUE
08417010,2013,3,0,0,TRUE
08417010,2014,3,0,100,TRUE
08417013,2010,2,NA,0,TRUE
08417013,2011,2,0,0,TRUE
08417013,2012,2,0,0,TRUE
08417013,2013,3,0,0,TRUE
08417013,2014,3,0,93.9,TRUE
08417014,2010,2,NA,0,TRUE
08417014,2011,2,0,0,TRUE
08417014,2012,2,0,0,TRUE
08417014,2013,3,0,0,TRUE
08417014,2014,3,0,92,TRUE
08417015,2010,2,NA,0,TRUE
08417015,2011,2,0,0,TRUE
08417015,2012,2,0,0,TRUE
08417015,2013,3,0,0,TRUE
08417015,2014,3,0,100,TRUE
08417016,2010,2,NA,0,TRUE
08417016,2011,2,0,0,TRUE
08417016,2012,2,0,0,TRUE
08417016,2013,3,0,0,TRUE
08417016,2014,3,0,100,TRUE
08417022,2010,2,NA,0,TRUE
08417022,2011,2,0,0,TRUE
08417022,2012,2,0,0,TRUE
08417022,2013,3,0,0,TRUE
08417022,2014,3,0,99.96,TRUE
08417023,2010,2,NA,0,TRUE
08417023,2011,2,0,0,TRUE
08417023,2012,2,0,0,TRUE
08417023,2013,3,0,0,TRUE
08417023,2014,3,0,99.33,TRUE
08417025,2010,2,NA,0,TRUE
08417025,2011,2,0,0,TRUE
08417025,2012,2,0,0,TRUE
08417025,2013,3,0,0,TRUE
08417025,2014,3,0,99.48,TRUE
08417029,2010,2,NA,0,TRUE
08417029,2011,2,0,0,TRUE
08417029,2012,2,0,0,TRUE
08417029,2013,3,0,0,TRUE
08417029,2014,3,0,100,TRUE
08417031,2010,2,NA,0,TRUE
08417031,2011,2,0,0,TRUE
08417031,2012,2,0,0,TRUE
08417031,2013,3,0,0,TRUE
08417031,2014,3,0,99.34,TRUE
08417036,2010,2,NA,0,TRUE
08417036,2011,2,0,0,TRUE
08417036,2012,2,0,0,TRUE
08417036,2013,3,0,0,TRUE
08417036,2014,3,0,100,TRUE
08417044,2010,2,NA,0,TRUE
08417044,2011,2,0,0,TRUE
08417044,2012,2,0,0,TRUE
08417044,2013,3,0,0,TRUE
08417044,2014,3,0,99.76,TRUE
08417045,2010,2,NA,0,TRUE
08417045,2011,2,0,0,TRUE
08417045,2012,2,0,0,TRUE
08417045,2013,3,0,0,TRUE
08417045,2014,3,0,96.96,TRUE
08417047,2010,2,NA,0,TRUE
08417047,2011,2,0,0,TRUE
08417047,2012,2,0,0,TRUE
08417047,2013,3,0,0,TRUE
08417047,2014,3,0,99.53,TRUE
08417051,2010,2,NA,0,TRUE
08417051,2011,2,0,0,TRUE
08417051,2012,2,0,0,TRUE
08417051,2013,3,0,0,TRUE
08417051,2014,3,0,98.81,TRUE
08417052,2010,2,NA,0,TRUE
08417052,2011,2,0,0,TRUE
08417052,2012,2,0,0,TRUE
08417052,2013,3,0,0,TRUE
08417052,2014,3,0,100,TRUE
08417054,2010,2,NA,0,TRUE
08417054,2011,2,0,0,TRUE
08417054,2012,2,0,0,TRUE
08417054,2013,3,0,0,TRUE
08417054,2014,3,0,94.34,TRUE
08417057,2010,2,NA,0,TRUE
08417057,2011,2,0,0,TRUE
08417057,2012,2,0,0,TRUE
08417057,2013,3,0,0,TRUE
08417057,2014,3,0,98.25,TRUE
08417063,2010,2,NA,0,TRUE
08417063,2011,2,0,0,TRUE
08417063,2012,2,0,0,TRUE
08417063,2013,3,0,0,TRUE
08417063,2014,3,0,99.55,TRUE
08417071,2010,2,NA,0,TRUE
08417071,2011,2,0,0,TRUE
08417071,2012,2,0,0,TRUE
08417071,2013,3,0,0,TRUE
08417071,2014,3,0,100,TRUE
08417075,2010,2,NA,0,TRUE
08417075,2011,2,0,0,TRUE
08417075,2012,2,0,0,TRUE
08417075,2013,3,0,0,TRUE
08417075,2014,3,0,99.68,TRUE
08417078,2010,2,NA,0,TRUE
08417078,2011,2,0,0,TRUE
08417078,2012,2,0,0,TRUE
08417078,2013,3,0,0,TRUE
08417078,2014,3,0,90.64,TRUE
08417079,2010,2,NA,0,TRUE
08417079,2011,2,0,0,TRUE
08417079,2012,2,0,0,TRUE
08417079,2013,3,0,0,TRUE
08417079,2014,3,0,99.95,TRUE
08421000,2010,2,NA,0,TRUE
08421000,2011,2,0,0,TRUE
08421000,2012,2,0,0,TRUE
08421000,2013,3,0,0,TRUE
08421000,2014,3,0,100,TRUE
08425002,2010,2,NA,0,TRUE
08425002,2011,2,0,0,TRUE
08425002,2012,2,0,0,TRUE
08425002,2013,3,0,0,TRUE
08425002,2014,3,0,99.95,TRUE
08425004,2010,2,NA,0,TRUE
08425004,2011,2,0,0,TRUE
08425004,2012,2,0,0,TRUE
08425004,2013,3,0,0,TRUE
08425004,2014,3,0,100,TRUE
08425005,2010,2,NA,0,TRUE
08425005,2011,2,0,0,TRUE
08425005,2012,2,0,0,TRUE
08425005,2013,3,0,0,TRUE
08425005,2014,3,0,99.58,TRUE
08425008,2010,2,NA,0,TRUE
08425008,2011,2,0,0,TRUE
08425008,2012,2,0,0,TRUE
08425008,2013,3,0,0,TRUE
08425008,2014,3,0,97.1,TRUE
08425011,2010,2,NA,0,TRUE
08425011,2011,2,0,0,TRUE
08425011,2012,2,0,0,TRUE
08425011,2013,3,0,0,TRUE
08425011,2014,3,0,74.64,TRUE
08425013,2010,2,NA,0,TRUE
08425013,2011,2,0,0,TRUE
08425013,2012,2,0,0,TRUE
08425013,2013,3,0,0,TRUE
08425013,2014,3,0,91.83,TRUE
08425014,2010,2,NA,0,TRUE
08425014,2011,2,0,0,TRUE
08425014,2012,2,0,0,TRUE
08425014,2013,3,0,0,TRUE
08425014,2014,3,0,100,TRUE
08425017,2010,2,NA,0,TRUE
08425017,2011,2,0,0,TRUE
08425017,2012,2,0,0,TRUE
08425017,2013,3,0,0,TRUE
08425017,2014,3,0,100,TRUE
08425019,2010,2,NA,0,TRUE
08425019,2011,2,0,0,TRUE
08425019,2012,2,0,0,TRUE
08425019,2013,3,0,0,TRUE
08425019,2014,3,0,100,TRUE
08425020,2010,2,NA,0,TRUE
08425020,2011,2,0,0,TRUE
08425020,2012,2,0,0,TRUE
08425020,2013,3,0,0,TRUE
08425020,2014,3,0,99.94,TRUE
08425022,2010,2,NA,0,TRUE
08425022,2011,2,0,0,TRUE
08425022,2012,2,0,0,TRUE
08425022,2013,3,0,0,TRUE
08425022,2014,3,0,98.68,TRUE
08425024,2010,2,NA,0,TRUE
08425024,2011,2,0,0,TRUE
08425024,2012,2,0,0,TRUE
08425024,2013,3,0,0,TRUE
08425024,2014,3,0,85.45,TRUE
08425028,2010,2,NA,0,TRUE
08425028,2011,2,0,0,TRUE
08425028,2012,2,0,0,TRUE
08425028,2013,3,0,0,TRUE
08425028,2014,3,0,99.49,TRUE
08425031,2010,2,NA,0,TRUE
08425031,2011,2,0,0,TRUE
08425031,2012,2,0,0,TRUE
08425031,2013,3,0,0,TRUE
08425031,2014,3,0,100,TRUE
08425033,2010,2,NA,0,TRUE
08425033,2011,2,0,0,TRUE
08425033,2012,2,0,0,TRUE
08425033,2013,3,0,0,TRUE
08425033,2014,3,0,98.35,TRUE
08425035,2010,2,NA,0,TRUE
08425035,2011,2,0,0,TRUE
08425035,2012,2,0,0,TRUE
08425035,2013,3,0,0,TRUE
08425035,2014,3,0,96.43,TRUE
08425036,2010,2,NA,0,TRUE
08425036,2011,2,0,0,TRUE
08425036,2012,2,0,0,TRUE
08425036,2013,3,0,0,TRUE
08425036,2014,3,0,100,TRUE
08425039,2010,2,NA,0,TRUE
08425039,2011,2,0,0,TRUE
08425039,2012,2,0,0,TRUE
08425039,2013,3,0,0,TRUE
08425039,2014,3,0,99.93,TRUE
08425050,2010,2,NA,0,TRUE
08425050,2011,2,0,0,TRUE
08425050,2012,2,0,0,TRUE
08425050,2013,3,0,0,TRUE
08425050,2014,3,0,100,TRUE
08425052,2010,2,NA,0,TRUE
08425052,2011,2,0,0,TRUE
08425052,2012,2,0,0,TRUE
08425052,2013,3,0,0,TRUE
08425052,2014,3,0,100,TRUE
08425055,2010,2,NA,0,TRUE
08425055,2011,2,0,0,TRUE
08425055,2012,2,0,0,TRUE
08425055,2013,3,0,0,TRUE
08425055,2014,3,0,100,TRUE
08425062,2010,2,NA,0,TRUE
08425062,2011,2,0,0,TRUE
08425062,2012,2,0,0,TRUE
08425062,2013,3,0,0,TRUE
08425062,2014,3,0,100,TRUE
08425064,2010,2,NA,0,TRUE
08425064,2011,2,0,0,TRUE
08425064,2012,2,0,0,TRUE
08425064,2013,3,0,0,TRUE
08425064,2014,3,0,97.25,TRUE
08425066,2010,2,NA,0,TRUE
08425066,2011,2,0,0,TRUE
08425066,2012,2,0,0,TRUE
08425066,2013,3,0,0,TRUE
08425066,2014,3,0,91.15,TRUE
08425071,2010,2,NA,0,TRUE
08425071,2011,2,0,0,TRUE
08425071,2012,2,0,0,TRUE
08425071,2013,3,0,0,TRUE
08425071,2014,3,0,100,TRUE
08425072,2010,2,NA,0,TRUE
08425072,2011,2,0,0,TRUE
08425072,2012,2,0,0,TRUE
08425072,2013,3,0,0,TRUE
08425072,2014,3,0,99.87,TRUE
08425073,2010,2,NA,0,TRUE
08425073,2011,2,0,0,TRUE
08425073,2012,2,0,0,TRUE
08425073,2013,3,0,0,TRUE
08425073,2014,3,0,67.18,TRUE
08425075,2010,2,NA,0,TRUE
08425075,2011,2,0,0,TRUE
08425075,2012,2,0,0,TRUE
08425075,2013,3,0,0,TRUE
08425075,2014,3,0,99.74,TRUE
08425079,2010,2,NA,0,TRUE
08425079,2011,2,0,0,TRUE
08425079,2012,2,0,0,TRUE
08425079,2013,3,0,0,TRUE
08425079,2014,3,0,100,TRUE
08425081,2010,2,NA,0,TRUE
08425081,2011,2,0,0,TRUE
08425081,2012,2,0,0,TRUE
08425081,2013,3,0,0,TRUE
08425081,2014,3,0,100,TRUE
08425083,2010,2,NA,0,TRUE
08425083,2011,2,0,0,TRUE
08425083,2012,2,0,0,TRUE
08425083,2013,3,0,0,TRUE
08425083,2014,3,0,100,TRUE
08425084,2010,2,NA,0,TRUE
08425084,2011,2,0,0,TRUE
08425084,2012,2,0,0,TRUE
08425084,2013,3,0,0,TRUE
08425084,2014,3,0,100,TRUE
08425085,2010,2,NA,0,TRUE
08425085,2011,2,0,0,TRUE
08425085,2012,2,0,0,TRUE
08425085,2013,3,0,0,TRUE
08425085,2014,3,0,100,TRUE
08425088,2010,2,NA,0,TRUE
08425088,2011,2,0,0,TRUE
08425088,2012,2,0,0,TRUE
08425088,2013,3,0,0,TRUE
08425088,2014,3,0,100,TRUE
08425090,2010,2,NA,0,TRUE
08425090,2011,2,0,0,TRUE
08425090,2012,2,0,0,TRUE
08425090,2013,3,0,0,TRUE
08425090,2014,3,0,99.42,TRUE
08425091,2010,2,NA,0,TRUE
08425091,2011,2,0,0,TRUE
08425091,2012,2,0,0,TRUE
08425091,2013,3,0,0,TRUE
08425091,2014,3,0,89.06,TRUE
08425092,2010,2,NA,0,TRUE
08425092,2011,2,0,0,TRUE
08425092,2012,2,0,0,TRUE
08425092,2013,3,0,0,TRUE
08425092,2014,3,0,100,TRUE
08425093,2010,2,NA,0,TRUE
08425093,2011,2,0,0,TRUE
08425093,2012,2,0,0,TRUE
08425093,2013,3,0,0,TRUE
08425093,2014,3,0,100,TRUE
08425097,2010,2,NA,0,TRUE
08425097,2011,2,0,0,TRUE
08425097,2012,2,0,0,TRUE
08425097,2013,3,0,0,TRUE
08425097,2014,3,0,99.42,TRUE
08425098,2010,2,NA,0,TRUE
08425098,2011,2,0,0,TRUE
08425098,2012,2,0,0,TRUE
08425098,2013,3,0,0,TRUE
08425098,2014,3,0,99.19,TRUE
08425104,2010,2,NA,0,TRUE
08425104,2011,2,0,0,TRUE
08425104,2012,2,0,0,TRUE
08425104,2013,3,0,0,TRUE
08425104,2014,3,0,100,TRUE
08425108,2010,2,NA,0,TRUE
08425108,2011,2,0,0,TRUE
08425108,2012,2,0,0,TRUE
08425108,2013,3,0,0,TRUE
08425108,2014,3,0,99.63,TRUE
08425110,2010,2,NA,0,TRUE
08425110,2011,2,0,0,TRUE
08425110,2012,2,0,0,TRUE
08425110,2013,3,0,0,TRUE
08425110,2014,3,0,92.29,TRUE
08425112,2010,2,NA,0,TRUE
08425112,2011,2,0,0,TRUE
08425112,2012,2,0,0,TRUE
08425112,2013,3,0,0,TRUE
08425112,2014,3,0,71.72,TRUE
08425123,2010,2,NA,0,TRUE
08425123,2011,2,0,0,TRUE
08425123,2012,2,0,0,TRUE
08425123,2013,3,0,0,TRUE
08425123,2014,3,0,92.49,TRUE
08425124,2010,2,NA,0,TRUE
08425124,2011,2,0,0,TRUE
08425124,2012,2,0,0,TRUE
08425124,2013,3,0,0,TRUE
08425124,2014,3,0,100,TRUE
08425125,2010,2,NA,0,TRUE
08425125,2011,2,0,0,TRUE
08425125,2012,2,0,0,TRUE
08425125,2013,3,0,0,TRUE
08425125,2014,3,0,98.9,TRUE
08425130,2010,2,NA,0,TRUE
08425130,2011,2,0,0,TRUE
08425130,2012,2,0,0,TRUE
08425130,2013,3,0,0,TRUE
08425130,2014,3,0,100,TRUE
08425134,2010,2,NA,0,TRUE
08425134,2011,2,0,0,TRUE
08425134,2012,2,0,0,TRUE
08425134,2013,3,0,0,TRUE
08425134,2014,3,0,100,TRUE
08425135,2010,2,NA,0,TRUE
08425135,2011,2,0,0,TRUE
08425135,2012,2,0,0,TRUE
08425135,2013,3,0,0,TRUE
08425135,2014,3,0,99.89,TRUE
08425137,2010,2,NA,0,TRUE
08425137,2011,2,0,0,TRUE
08425137,2012,2,0,0,TRUE
08425137,2013,3,0,0,TRUE
08425137,2014,3,0,100,TRUE
08425138,2010,2,NA,0,TRUE
08425138,2011,2,0,0,TRUE
08425138,2012,2,0,0,TRUE
08425138,2013,3,0,0,TRUE
08425138,2014,3,0,96.81,TRUE
08425139,2010,2,NA,0,TRUE
08425139,2011,2,0,0,TRUE
08425139,2012,2,0,0,TRUE
08425139,2013,3,0,0,TRUE
08425139,2014,3,0,100,TRUE
08425140,2010,2,NA,0,TRUE
08425140,2011,2,0,0,TRUE
08425140,2012,2,0,0,TRUE
08425140,2013,3,0,0,TRUE
08425140,2014,3,0,100,TRUE
08425141,2010,2,NA,0,TRUE
08425141,2011,2,0,0,TRUE
08425141,2012,2,0,0,TRUE
08425141,2013,3,0,0,TRUE
08425141,2014,3,0,99.57,TRUE
08426001,2010,2,NA,0,TRUE
08426001,2011,2,0,0,TRUE
08426001,2012,2,0,0,TRUE
08426001,2013,3,0,0,TRUE
08426001,2014,3,0,98.65,TRUE
08426005,2010,2,NA,0,TRUE
08426005,2011,2,0,0,TRUE
08426005,2012,2,0,0,TRUE
08426005,2013,3,0,0,TRUE
08426005,2014,3,0,98.1,TRUE
08426006,2010,2,NA,0,TRUE
08426006,2011,2,0,0,TRUE
08426006,2012,2,0,0,TRUE
08426006,2013,3,0,0,TRUE
08426006,2014,3,0,100,TRUE
08426008,2010,2,NA,0,TRUE
08426008,2011,2,0,0,TRUE
08426008,2012,2,0,0,TRUE
08426008,2013,3,0,0,TRUE
08426008,2014,3,0,97.29,TRUE
08426011,2010,2,NA,0,TRUE
08426011,2011,2,0,0,TRUE
08426011,2012,2,0,0,TRUE
08426011,2013,3,0,0,TRUE
08426011,2014,3,0,84.79,TRUE
08426013,2010,2,NA,0,TRUE
08426013,2011,2,0,0,TRUE
08426013,2012,2,0,0,TRUE
08426013,2013,3,0,0,TRUE
08426013,2014,3,0,99.89,TRUE
08426014,2010,2,NA,0,TRUE
08426014,2011,2,0,0,TRUE
08426014,2012,2,0,0,TRUE
08426014,2013,3,0,0,TRUE
08426014,2014,3,0,99.74,TRUE
08426019,2010,2,NA,0,TRUE
08426019,2011,2,0,0,TRUE
08426019,2012,2,0,0,TRUE
08426019,2013,3,0,0,TRUE
08426019,2014,3,0,99.55,TRUE
08426020,2010,2,NA,0,TRUE
08426020,2011,2,0,0,TRUE
08426020,2012,2,0,0,TRUE
08426020,2013,3,0,0,TRUE
08426020,2014,3,0,91.77,TRUE
08426021,2010,2,NA,0,TRUE
08426021,2011,2,0,0,TRUE
08426021,2012,2,0,0,TRUE
08426021,2013,3,0,0,TRUE
08426021,2014,3,0,99.95,TRUE
08426028,2010,2,NA,0,TRUE
08426028,2011,2,0,0,TRUE
08426028,2012,2,0,0,TRUE
08426028,2013,3,0,0,TRUE
08426028,2014,3,0,99.93,TRUE
08426031,2010,2,NA,0,TRUE
08426031,2011,2,0,0,TRUE
08426031,2012,2,0,0,TRUE
08426031,2013,3,0,0,TRUE
08426031,2014,3,0,100,TRUE
08426035,2010,2,NA,0,TRUE
08426035,2011,2,0,0,TRUE
08426035,2012,2,0,0,TRUE
08426035,2013,3,0,0,TRUE
08426035,2014,3,0,100,TRUE
08426036,2010,2,NA,0,TRUE
08426036,2011,2,0,0,TRUE
08426036,2012,2,0,0,TRUE
08426036,2013,3,0,0,TRUE
08426036,2014,3,0,98.99,TRUE
08426038,2010,2,NA,0,TRUE
08426038,2011,2,0,0,TRUE
08426038,2012,2,0,0,TRUE
08426038,2013,3,0,0,TRUE
08426038,2014,3,0,99.44,TRUE
08426043,2010,2,NA,0,TRUE
08426043,2011,2,0,0,TRUE
08426043,2012,2,0,0,TRUE
08426043,2013,3,0,0,TRUE
08426043,2014,3,0,96.98,TRUE
08426044,2010,2,NA,0,TRUE
08426044,2011,2,0,0,TRUE
08426044,2012,2,0,0,TRUE
08426044,2013,3,0,0,TRUE
08426044,2014,3,0,100,TRUE
08426045,2010,2,NA,0,TRUE
08426045,2011,2,0,0,TRUE
08426045,2012,2,0,0,TRUE
08426045,2013,3,0,0,TRUE
08426045,2014,3,0,99.45,TRUE
08426058,2010,2,NA,0,TRUE
08426058,2011,2,0,0,TRUE
08426058,2012,2,0,0,TRUE
08426058,2013,3,0,0,TRUE
08426058,2014,3,0,97.14,TRUE
08426062,2010,2,NA,0,TRUE
08426062,2011,2,0,0,TRUE
08426062,2012,2,0,0,TRUE
08426062,2013,3,0,0,TRUE
08426062,2014,3,0,95.22,TRUE
08426064,2010,2,NA,0,TRUE
08426064,2011,2,0,0,TRUE
08426064,2012,2,0,0,TRUE
08426064,2013,3,0,0,TRUE
08426064,2014,3,0,100,TRUE
08426065,2010,2,NA,0,TRUE
08426065,2011,2,0,0,TRUE
08426065,2012,2,0,0,TRUE
08426065,2013,3,0,0,TRUE
08426065,2014,3,0,100,TRUE
08426066,2010,2,NA,0,TRUE
08426066,2011,2,0,0,TRUE
08426066,2012,2,0,0,TRUE
08426066,2013,3,0,0,TRUE
08426066,2014,3,0,100,TRUE
08426067,2010,2,NA,0,TRUE
08426067,2011,2,0,0,TRUE
08426067,2012,2,0,0,TRUE
08426067,2013,3,0,0,TRUE
08426067,2014,3,0,91.39,TRUE
08426070,2010,2,NA,0,TRUE
08426070,2011,2,0,0,TRUE
08426070,2012,2,0,0,TRUE
08426070,2013,3,0,0,TRUE
08426070,2014,3,0,99.79,TRUE
08426071,2010,2,NA,0,TRUE
08426071,2011,2,0,0,TRUE
08426071,2012,2,0,0,TRUE
08426071,2013,3,0,0,TRUE
08426071,2014,3,0,99.31,TRUE
08426073,2010,2,NA,0,TRUE
08426073,2011,2,0,0,TRUE
08426073,2012,2,0,0,TRUE
08426073,2013,3,0,0,TRUE
08426073,2014,3,0,97.64,TRUE
08426074,2010,2,NA,0,TRUE
08426074,2011,2,0,0,TRUE
08426074,2012,2,0,0,TRUE
08426074,2013,3,0,0,TRUE
08426074,2014,3,0,99.16,TRUE
08426078,2010,2,NA,0,TRUE
08426078,2011,2,0,0,TRUE
08426078,2012,2,0,0,TRUE
08426078,2013,3,0,0,TRUE
08426078,2014,3,0,100,TRUE
08426087,2010,2,NA,0,TRUE
08426087,2011,2,0,0,TRUE
08426087,2012,2,0,0,TRUE
08426087,2013,3,0,0,TRUE
08426087,2014,3,0,99.73,TRUE
08426090,2010,2,NA,0,TRUE
08426090,2011,2,0,0,TRUE
08426090,2012,2,0,0,TRUE
08426090,2013,3,0,0,TRUE
08426090,2014,3,0,99.74,TRUE
08426097,2010,2,NA,0,TRUE
08426097,2011,2,0,0,TRUE
08426097,2012,2,0,0,TRUE
08426097,2013,3,0,0,TRUE
08426097,2014,3,0,98.89,TRUE
08426100,2010,2,NA,0,TRUE
08426100,2011,2,0,0,TRUE
08426100,2012,2,0,0,TRUE
08426100,2013,3,0,0,TRUE
08426100,2014,3,0,91.47,TRUE
08426108,2010,2,NA,0,TRUE
08426108,2011,2,0,0,TRUE
08426108,2012,2,0,0,TRUE
08426108,2013,3,0,0,TRUE
08426108,2014,3,0,98.91,TRUE
08426109,2010,2,NA,0,TRUE
08426109,2011,2,0,0,TRUE
08426109,2012,2,0,0,TRUE
08426109,2013,3,0,0,TRUE
08426109,2014,3,0,33.88,TRUE
08426113,2010,2,NA,0,TRUE
08426113,2011,2,0,0,TRUE
08426113,2012,2,0,0,TRUE
08426113,2013,3,0,0,TRUE
08426113,2014,3,0,78.97,TRUE
08426117,2010,2,NA,0,TRUE
08426117,2011,2,0,0,TRUE
08426117,2012,2,0,0,TRUE
08426117,2013,3,0,0,TRUE
08426117,2014,3,0,99.8,TRUE
08426118,2010,2,NA,0,TRUE
08426118,2011,2,0,0,TRUE
08426118,2012,2,0,0,TRUE
08426118,2013,3,0,0,TRUE
08426118,2014,3,0,39.01,TRUE
08426120,2010,2,NA,0,TRUE
08426120,2011,2,0,0,TRUE
08426120,2012,2,0,0,TRUE
08426120,2013,3,0,0,TRUE
08426120,2014,3,0,99.78,TRUE
08426121,2010,2,NA,0,TRUE
08426121,2011,2,0,0,TRUE
08426121,2012,2,0,0,TRUE
08426121,2013,3,0,0,TRUE
08426121,2014,3,0,100,TRUE
08426124,2010,2,NA,0,TRUE
08426124,2011,2,0,0,TRUE
08426124,2012,2,0,0,TRUE
08426124,2013,3,0,0,TRUE
08426124,2014,3,0,93.49,TRUE
08426125,2010,2,NA,0,TRUE
08426125,2011,2,0,0,TRUE
08426125,2012,2,0,0,TRUE
08426125,2013,3,0,0,TRUE
08426125,2014,3,0,100,TRUE
08426128,2010,2,NA,0,TRUE
08426128,2011,2,0,0,TRUE
08426128,2012,2,0,0,TRUE
08426128,2013,3,0,0,TRUE
08426128,2014,3,0,99.56,TRUE
08426134,2010,2,NA,0,TRUE
08426134,2011,2,0,0,TRUE
08426134,2012,2,0,0,TRUE
08426134,2013,3,0,0,TRUE
08426134,2014,3,0,94.28,TRUE
08426135,2010,2,NA,0,TRUE
08426135,2011,2,0,0,TRUE
08426135,2012,2,0,0,TRUE
08426135,2013,3,0,0,TRUE
08426135,2014,3,0,99.73,TRUE
08435005,2010,2,NA,0,TRUE
08435005,2011,2,0,0,TRUE
08435005,2012,2,0,0,TRUE
08435005,2013,3,0,0,TRUE
08435005,2014,3,0,97.97,TRUE
08435010,2010,2,NA,0,TRUE
08435010,2011,2,0,0,TRUE
08435010,2012,2,0,0,TRUE
08435010,2013,3,0,0,TRUE
08435010,2014,3,0,100,TRUE
08435013,2010,2,NA,0,TRUE
08435013,2011,2,0,0,TRUE
08435013,2012,2,0,0,TRUE
08435013,2013,3,0,0,TRUE
08435013,2014,3,0,100,TRUE
08435015,2010,2,NA,0,TRUE
08435015,2011,2,0,0,TRUE
08435015,2012,2,0,0,TRUE
08435015,2013,3,0,0,TRUE
08435015,2014,3,0,99.82,TRUE
08435016,2010,2,NA,0,TRUE
08435016,2011,2,0,0,TRUE
08435016,2012,2,0,0,TRUE
08435016,2013,3,0,0,TRUE
08435016,2014,3,0,99.95,TRUE
08435018,2010,2,NA,0,TRUE
08435018,2011,2,0,0,TRUE
08435018,2012,2,0,0,TRUE
08435018,2013,3,0,0,TRUE
08435018,2014,3,0,100,TRUE
08435020,2010,2,NA,0,TRUE
08435020,2011,2,0,0,TRUE
08435020,2012,2,0,0,TRUE
08435020,2013,3,0,0,TRUE
08435020,2014,3,0,97.61,TRUE
08435024,2010,2,NA,0,TRUE
08435024,2011,2,0,0,TRUE
08435024,2012,2,0,0,TRUE
08435024,2013,3,0,0,TRUE
08435024,2014,3,0,100,TRUE
08435029,2010,2,NA,0,TRUE
08435029,2011,2,0,0,TRUE
08435029,2012,2,0,0,TRUE
08435029,2013,3,0,0,TRUE
08435029,2014,3,0,99.91,TRUE
08435030,2010,2,NA,0,TRUE
08435030,2011,2,0,0,TRUE
08435030,2012,2,0,0,TRUE
08435030,2013,3,0,0,TRUE
08435030,2014,3,0,100,TRUE
08435034,2010,2,NA,0,TRUE
08435034,2011,2,0,0,TRUE
08435034,2012,2,0,0,TRUE
08435034,2013,3,0,0,TRUE
08435034,2014,3,0,99.98,TRUE
08435035,2010,2,NA,0,TRUE
08435035,2011,2,0,0,TRUE
08435035,2012,2,0,0,TRUE
08435035,2013,3,0,0,TRUE
08435035,2014,3,0,100,TRUE
08435036,2010,2,NA,0,TRUE
08435036,2011,2,0,0,TRUE
08435036,2012,2,0,0,TRUE
08435036,2013,3,0,0,TRUE
08435036,2014,3,0,99.47,TRUE
08435042,2010,2,NA,0,TRUE
08435042,2011,2,0,0,TRUE
08435042,2012,2,0,0,TRUE
08435042,2013,3,0,0,TRUE
08435042,2014,3,0,99.17,TRUE
08435045,2010,2,NA,0,TRUE
08435045,2011,2,0,0,TRUE
08435045,2012,2,0,0,TRUE
08435045,2013,3,0,0,TRUE
08435045,2014,3,0,99.84,TRUE
08435047,2010,2,NA,0,TRUE
08435047,2011,2,0,0,TRUE
08435047,2012,2,0,0,TRUE
08435047,2013,3,0,0,TRUE
08435047,2014,3,0,97.78,TRUE
08435052,2010,2,NA,0,TRUE
08435052,2011,2,0,0,TRUE
08435052,2012,2,0,0,TRUE
08435052,2013,3,0,0,TRUE
08435052,2014,3,0,98.85,TRUE
08435053,2010,2,NA,0,TRUE
08435053,2011,2,0,0,TRUE
08435053,2012,2,0,0,TRUE
08435053,2013,3,0,0,TRUE
08435053,2014,3,0,99.56,TRUE
08435054,2010,2,NA,0,TRUE
08435054,2011,2,0,0,TRUE
08435054,2012,2,0,0,TRUE
08435054,2013,3,0,0,TRUE
08435054,2014,3,0,99.76,TRUE
08435057,2010,2,NA,0,TRUE
08435057,2011,2,0,0,TRUE
08435057,2012,2,0,0,TRUE
08435057,2013,3,0,0,TRUE
08435057,2014,3,0,95.69,TRUE
08435059,2010,2,NA,0,TRUE
08435059,2011,2,0,0,TRUE
08435059,2012,2,0,0,TRUE
08435059,2013,3,0,0,TRUE
08435059,2014,3,0,97.93,TRUE
08435066,2010,2,NA,0,TRUE
08435066,2011,2,0,0,TRUE
08435066,2012,2,0,0,TRUE
08435066,2013,3,0,0,TRUE
08435066,2014,3,0,99.4,TRUE
08435067,2010,2,NA,0,TRUE
08435067,2011,2,0,0,TRUE
08435067,2012,2,0,0,TRUE
08435067,2013,3,0,0,TRUE
08435067,2014,3,0,96.8,TRUE
08436001,2010,2,NA,0,TRUE
08436001,2011,2,0,0,TRUE
08436001,2012,2,0,0,TRUE
08436001,2013,3,0,0,TRUE
08436001,2014,3,0,98.16,TRUE
08436003,2010,2,NA,0,TRUE
08436003,2011,2,0,0,TRUE
08436003,2012,2,0,0,TRUE
08436003,2013,3,0,0,TRUE
08436003,2014,3,0,98.91,TRUE
08436004,2010,2,NA,0,TRUE
08436004,2011,2,0,0,TRUE
08436004,2012,2,0,0,TRUE
08436004,2013,3,0,0,TRUE
08436004,2014,3,0,99.52,TRUE
08436005,2010,2,NA,0,TRUE
08436005,2011,2,0,0,TRUE
08436005,2012,2,0,0,TRUE
08436005,2013,3,0,0,TRUE
08436005,2014,3,0,99.89,TRUE
08436006,2010,2,NA,0,TRUE
08436006,2011,2,0,0,TRUE
08436006,2012,2,0,0,TRUE
08436006,2013,3,0,0,TRUE
08436006,2014,3,0,98.71,TRUE
08436008,2010,2,NA,0,TRUE
08436008,2011,2,0,0,TRUE
08436008,2012,2,0,0,TRUE
08436008,2013,3,0,0,TRUE
08436008,2014,3,0,99.37,TRUE
08436009,2010,2,NA,0,TRUE
08436009,2011,2,0,0,TRUE
08436009,2012,2,0,0,TRUE
08436009,2013,3,0,0,TRUE
08436009,2014,3,0,99.41,TRUE
08436010,2010,2,NA,0,TRUE
08436010,2011,2,0,0,TRUE
08436010,2012,2,0,0,TRUE
08436010,2013,3,0,0,TRUE
08436010,2014,3,0,99.88,TRUE
08436011,2010,2,NA,0,TRUE
08436011,2011,2,0,0,TRUE
08436011,2012,2,0,0,TRUE
08436011,2013,3,0,0,TRUE
08436011,2014,3,0,100,TRUE
08436012,2010,2,NA,0,TRUE
08436012,2011,2,0,0,TRUE
08436012,2012,2,0,0,TRUE
08436012,2013,3,0,0,TRUE
08436012,2014,3,0,99.56,TRUE
08436013,2010,2,NA,0,TRUE
08436013,2011,2,0,0,TRUE
08436013,2012,2,0,0,TRUE
08436013,2013,3,0,0,TRUE
08436013,2014,3,0,99.57,TRUE
08436014,2010,2,NA,0,TRUE
08436014,2011,2,0,0,TRUE
08436014,2012,2,0,0,TRUE
08436014,2013,3,0,0,TRUE
08436014,2014,3,0,98.37,TRUE
08436018,2010,2,NA,0,TRUE
08436018,2011,2,0,0,TRUE
08436018,2012,2,0,0,TRUE
08436018,2013,3,0,0,TRUE
08436018,2014,3,0,99.67,TRUE
08436019,2010,2,NA,0,TRUE
08436019,2011,2,0,0,TRUE
08436019,2012,2,0,0,TRUE
08436019,2013,3,0,0,TRUE
08436019,2014,3,0,100,TRUE
08436024,2010,2,NA,0,TRUE
08436024,2011,2,0,0,TRUE
08436024,2012,2,0,0,TRUE
08436024,2013,3,0,0,TRUE
08436024,2014,3,0,99.79,TRUE
08436027,2010,2,NA,0,TRUE
08436027,2011,2,0,0,TRUE
08436027,2012,2,0,0,TRUE
08436027,2013,3,0,0,TRUE
08436027,2014,3,0,93.5,TRUE
08436032,2010,2,NA,0,TRUE
08436032,2011,2,0,0,TRUE
08436032,2012,2,0,0,TRUE
08436032,2013,3,0,0,TRUE
08436032,2014,3,0,95.29,TRUE
08436039,2010,2,NA,0,TRUE
08436039,2011,2,0,0,TRUE
08436039,2012,2,0,0,TRUE
08436039,2013,3,0,0,TRUE
08436039,2014,3,0,99.27,TRUE
08436040,2010,2,NA,0,TRUE
08436040,2011,2,0,0,TRUE
08436040,2012,2,0,0,TRUE
08436040,2013,3,0,0,TRUE
08436040,2014,3,0,68.97,TRUE
08436047,2010,2,NA,0,TRUE
08436047,2011,2,0,0,TRUE
08436047,2012,2,0,0,TRUE
08436047,2013,3,0,0,TRUE
08436047,2014,3,0,98.41,TRUE
08436049,2010,2,NA,0,TRUE
08436049,2011,2,0,0,TRUE
08436049,2012,2,0,0,TRUE
08436049,2013,3,0,0,TRUE
08436049,2014,3,0,99,TRUE
08436052,2010,2,NA,0,TRUE
08436052,2011,2,0,0,TRUE
08436052,2012,2,0,0,TRUE
08436052,2013,3,0,0,TRUE
08436052,2014,3,0,99.02,TRUE
08436053,2010,2,NA,0,TRUE
08436053,2011,2,0,0,TRUE
08436053,2012,2,0,0,TRUE
08436053,2013,3,0,0,TRUE
08436053,2014,3,0,100,TRUE
08436055,2010,2,NA,0,TRUE
08436055,2011,2,0,0,TRUE
08436055,2012,2,0,0,TRUE
08436055,2013,3,0,0,TRUE
08436055,2014,3,0,95.86,TRUE
08436064,2010,2,NA,0,TRUE
08436064,2011,2,0,0,TRUE
08436064,2012,2,0,0,TRUE
08436064,2013,3,0,0,TRUE
08436064,2014,3,0,99.88,TRUE
08436067,2010,2,NA,0,TRUE
08436067,2011,2,0,0,TRUE
08436067,2012,2,0,0,TRUE
08436067,2013,3,0,0,TRUE
08436067,2014,3,0,91.5,TRUE
08436069,2010,2,NA,0,TRUE
08436069,2011,2,0,0,TRUE
08436069,2012,2,0,0,TRUE
08436069,2013,3,0,0,TRUE
08436069,2014,3,0,99.67,TRUE
08436077,2010,2,NA,0,TRUE
08436077,2011,2,0,0,TRUE
08436077,2012,2,0,0,TRUE
08436077,2013,3,0,0,TRUE
08436077,2014,3,0,87.9,TRUE
08436078,2010,2,NA,0,TRUE
08436078,2011,2,0,0,TRUE
08436078,2012,2,0,0,TRUE
08436078,2013,3,0,0,TRUE
08436078,2014,3,0,99.42,TRUE
08436079,2010,2,NA,0,TRUE
08436079,2011,2,0,0,TRUE
08436079,2012,2,0,0,TRUE
08436079,2013,3,0,0,TRUE
08436079,2014,3,0,99.41,TRUE
08436081,2010,2,NA,0,TRUE
08436081,2011,2,0,0,TRUE
08436081,2012,2,0,0,TRUE
08436081,2013,3,0,0,TRUE
08436081,2014,3,0,99.9,TRUE
08436082,2010,2,NA,0,TRUE
08436082,2011,2,0,0,TRUE
08436082,2012,2,0,0,TRUE
08436082,2013,3,0,0,TRUE
08436082,2014,3,0,100,TRUE
08436083,2010,2,NA,0,TRUE
08436083,2011,2,0,0,TRUE
08436083,2012,2,0,0,TRUE
08436083,2013,3,0,0,TRUE
08436083,2014,3,0,99.09,TRUE
08436085,2010,2,NA,0,TRUE
08436085,2011,2,0,0,TRUE
08436085,2012,2,0,0,TRUE
08436085,2013,3,0,0,TRUE
08436085,2014,3,0,97.57,TRUE
08436087,2010,2,NA,0,TRUE
08436087,2011,2,0,0,TRUE
08436087,2012,2,0,0,TRUE
08436087,2013,3,0,0,TRUE
08436087,2014,3,0,98.98,TRUE
08436093,2010,2,NA,0,TRUE
08436093,2011,2,0,0,TRUE
08436093,2012,2,0,0,TRUE
08436093,2013,3,0,0,TRUE
08436093,2014,3,0,98.95,TRUE
08436094,2010,2,NA,0,TRUE
08436094,2011,2,0,0,TRUE
08436094,2012,2,0,0,TRUE
08436094,2013,3,0,0,TRUE
08436094,2014,3,0,98.9,TRUE
08436095,2010,2,NA,0,TRUE
08436095,2011,2,0,0,TRUE
08436095,2012,2,0,0,TRUE
08436095,2013,3,0,0,TRUE
08436095,2014,3,0,93.11,TRUE
08436096,2010,2,NA,0,TRUE
08436096,2011,2,0,0,TRUE
08436096,2012,2,0,0,TRUE
08436096,2013,3,0,0,TRUE
08436096,2014,3,0,97.42,TRUE
08437005,2010,2,NA,0,TRUE
08437005,2011,2,0,0,TRUE
08437005,2012,2,0,0,TRUE
08437005,2013,3,0,0,TRUE
08437005,2014,3,0,66.78,TRUE
08437008,2010,2,NA,0,TRUE
08437008,2011,2,0,0,TRUE
08437008,2012,2,0,0,TRUE
08437008,2013,3,0,0,TRUE
08437008,2014,3,0,99.75,TRUE
08437031,2010,2,NA,0,TRUE
08437031,2011,2,0,0,TRUE
08437031,2012,2,0,0,TRUE
08437031,2013,3,0,0,TRUE
08437031,2014,3,0,98.63,TRUE
08437044,2010,2,NA,0,TRUE
08437044,2011,2,0,0,TRUE
08437044,2012,2,0,0,TRUE
08437044,2013,3,0,0,TRUE
08437044,2014,3,0,99.65,TRUE
08437047,2010,2,NA,0,TRUE
08437047,2011,2,0,0,TRUE
08437047,2012,2,0,0,TRUE
08437047,2013,3,0,0,TRUE
08437047,2014,3,0,99.62,TRUE
08437053,2010,2,NA,0,TRUE
08437053,2011,2,0,0,TRUE
08437053,2012,2,0,0,TRUE
08437053,2013,3,0,0,TRUE
08437053,2014,3,0,91.75,TRUE
08437056,2010,2,NA,0,TRUE
08437056,2011,2,0,0,TRUE
08437056,2012,2,0,0,TRUE
08437056,2013,3,0,0,TRUE
08437056,2014,3,0,98.67,TRUE
08437059,2010,2,NA,0,TRUE
08437059,2011,2,0,0,TRUE
08437059,2012,2,0,0,TRUE
08437059,2013,3,0,0,TRUE
08437059,2014,3,0,97.05,TRUE
08437065,2010,2,NA,0,TRUE
08437065,2011,2,0,0,TRUE
08437065,2012,2,0,0,TRUE
08437065,2013,3,0,0,TRUE
08437065,2014,3,0,99.9,TRUE
08437072,2010,2,NA,0,TRUE
08437072,2011,2,0,0,TRUE
08437072,2012,2,0,0,TRUE
08437072,2013,3,0,0,TRUE
08437072,2014,3,0,98.17,TRUE
08437076,2010,2,NA,0,TRUE
08437076,2011,2,0,0,TRUE
08437076,2012,2,0,0,TRUE
08437076,2013,3,0,0,TRUE
08437076,2014,3,0,98.98,TRUE
08437078,2010,2,NA,0,TRUE
08437078,2011,2,0,0,TRUE
08437078,2012,2,0,0,TRUE
08437078,2013,3,0,0,TRUE
08437078,2014,3,0,99.26,TRUE
08437082,2010,2,NA,0,TRUE
08437082,2011,2,0,0,TRUE
08437082,2012,2,0,0,TRUE
08437082,2013,3,0,0,TRUE
08437082,2014,3,0,98.83,TRUE
08437086,2010,2,NA,0,TRUE
08437086,2011,2,0,0,TRUE
08437086,2012,2,0,0,TRUE
08437086,2013,3,0,0,TRUE
08437086,2014,3,0,96.71,TRUE
08437088,2010,2,NA,0,TRUE
08437088,2011,2,0,0,TRUE
08437088,2012,2,0,0,TRUE
08437088,2013,3,0,0,TRUE
08437088,2014,3,0,96.75,TRUE
08437100,2010,2,NA,0,TRUE
08437100,2011,2,0,0,TRUE
08437100,2012,2,0,0,TRUE
08437100,2013,3,0,0,TRUE
08437100,2014,3,0,99.12,TRUE
08437101,2010,2,NA,0,TRUE
08437101,2011,2,0,0,TRUE
08437101,2012,2,0,0,TRUE
08437101,2013,3,0,0,TRUE
08437101,2014,3,0,99.54,TRUE
08437102,2010,2,NA,0,TRUE
08437102,2011,2,0,0,TRUE
08437102,2012,2,0,0,TRUE
08437102,2013,3,0,0,TRUE
08437102,2014,3,0,100,TRUE
08437104,2010,2,NA,0,TRUE
08437104,2011,2,0,0,TRUE
08437104,2012,2,0,0,TRUE
08437104,2013,3,0,0,TRUE
08437104,2014,3,0,99.76,TRUE
08437105,2010,2,NA,0,TRUE
08437105,2011,2,0,0,TRUE
08437105,2012,2,0,0,TRUE
08437105,2013,3,0,0,TRUE
08437105,2014,3,0,100,TRUE
08437107,2010,2,NA,0,TRUE
08437107,2011,2,0,0,TRUE
08437107,2012,2,0,0,TRUE
08437107,2013,3,0,0,TRUE
08437107,2014,3,0,99.86,TRUE
08437114,2010,2,NA,0,TRUE
08437114,2011,2,0,0,TRUE
08437114,2012,2,0,0,TRUE
08437114,2013,3,0,0,TRUE
08437114,2014,3,0,99.89,TRUE
08437118,2010,2,NA,0,TRUE
08437118,2011,2,0,0,TRUE
08437118,2012,2,0,0,TRUE
08437118,2013,3,0,0,TRUE
08437118,2014,3,0,96.31,TRUE
08437123,2010,2,NA,0,TRUE
08437123,2011,2,0,0,TRUE
08437123,2012,2,0,0,TRUE
08437123,2013,3,0,0,TRUE
08437123,2014,3,0,98.42,TRUE
08437124,2010,2,NA,0,TRUE
08437124,2011,2,0,0,TRUE
08437124,2012,2,0,0,TRUE
08437124,2013,3,0,0,TRUE
08437124,2014,3,0,93.04,TRUE
09161000,2010,2,NA,0,TRUE
09161000,2011,2,0,0,TRUE
09161000,2012,2,0,0,TRUE
09161000,2013,3,0,0,TRUE
09161000,2014,3,0,99.99,TRUE
09162000,2010,2,NA,0,TRUE
09162000,2011,2,0,0,TRUE
09162000,2012,2,0,0,TRUE
09162000,2013,3,0,0,TRUE
09162000,2014,3,0,100,TRUE
09163000,2010,2,NA,0,TRUE
09163000,2011,2,0,0,TRUE
09163000,2012,2,0,0,TRUE
09163000,2013,3,0,0,TRUE
09163000,2014,3,0,100,TRUE
09171111,2010,2,NA,0,TRUE
09171111,2011,2,0,0,TRUE
09171111,2012,2,0,0,TRUE
09171111,2013,3,0,0,TRUE
09171111,2014,3,0,99.4,TRUE
09171112,2010,2,NA,0,TRUE
09171112,2011,2,0,0,TRUE
09171112,2012,2,0,0,TRUE
09171112,2013,3,0,0,TRUE
09171112,2014,3,0,100,TRUE
09171113,2010,2,NA,0,TRUE
09171113,2011,2,0,0,TRUE
09171113,2012,2,0,0,TRUE
09171113,2013,3,0,0,TRUE
09171113,2014,3,0,99.91,TRUE
09171114,2010,2,NA,0,TRUE
09171114,2011,2,0,0,TRUE
09171114,2012,2,0,0,TRUE
09171114,2013,3,0,0,TRUE
09171114,2014,3,0,100,TRUE
09171115,2010,2,NA,0,TRUE
09171115,2011,2,0,0,TRUE
09171115,2012,2,0,0,TRUE
09171115,2013,3,0,0,TRUE
09171115,2014,3,0,98.53,TRUE
09171116,2010,2,NA,0,TRUE
09171116,2011,2,0,0,TRUE
09171116,2012,2,0,0,TRUE
09171116,2013,3,0,0,TRUE
09171116,2014,3,0,99.78,TRUE
09171117,2010,2,NA,0,TRUE
09171117,2011,2,0,0,TRUE
09171117,2012,2,0,0,TRUE
09171117,2013,3,0,0,TRUE
09171117,2014,3,0,99.6,TRUE
09171118,2010,2,NA,0,TRUE
09171118,2011,2,0,0,TRUE
09171118,2012,2,0,0,TRUE
09171118,2013,3,0,0,TRUE
09171118,2014,3,0,93.62,TRUE
09171119,2010,2,NA,0,TRUE
09171119,2011,2,0,0,TRUE
09171119,2012,2,0,0,TRUE
09171119,2013,3,0,0,TRUE
09171119,2014,3,0,95.92,TRUE
09171121,2010,2,NA,0,TRUE
09171121,2011,2,0,0,TRUE
09171121,2012,2,0,0,TRUE
09171121,2013,3,0,0,TRUE
09171121,2014,3,0,98.9,TRUE
09171122,2010,2,NA,0,TRUE
09171122,2011,2,0,0,TRUE
09171122,2012,2,0,0,TRUE
09171122,2013,3,0,0,TRUE
09171122,2014,3,0,98.6,TRUE
09171123,2010,2,NA,0,TRUE
09171123,2011,2,0,0,TRUE
09171123,2012,2,0,0,TRUE
09171123,2013,3,0,0,TRUE
09171123,2014,3,0,98.73,TRUE
09171124,2010,2,NA,0,TRUE
09171124,2011,2,0,0,TRUE
09171124,2012,2,0,0,TRUE
09171124,2013,3,0,0,TRUE
09171124,2014,3,0,100,TRUE
09171125,2010,2,NA,0,TRUE
09171125,2011,2,0,0,TRUE
09171125,2012,2,0,0,TRUE
09171125,2013,3,0,0,TRUE
09171125,2014,3,0,99.48,TRUE
09171126,2010,2,NA,0,TRUE
09171126,2011,2,0,0,TRUE
09171126,2012,2,0,0,TRUE
09171126,2013,3,0,0,TRUE
09171126,2014,3,0,97.79,TRUE
09171127,2010,2,NA,0,TRUE
09171127,2011,2,0,0,TRUE
09171127,2012,2,0,0,TRUE
09171127,2013,3,0,0,TRUE
09171127,2014,3,0,91.26,TRUE
09171129,2010,2,NA,0,TRUE
09171129,2011,2,0,0,TRUE
09171129,2012,2,0,0,TRUE
09171129,2013,3,0,0,TRUE
09171129,2014,3,0,91.43,TRUE
09171130,2010,2,NA,0,TRUE
09171130,2011,2,0,0,TRUE
09171130,2012,2,0,0,TRUE
09171130,2013,3,0,0,TRUE
09171130,2014,3,0,100,TRUE
09171131,2010,2,NA,0,TRUE
09171131,2011,2,0,0,TRUE
09171131,2012,2,0,0,TRUE
09171131,2013,3,0,0,TRUE
09171131,2014,3,0,99.15,TRUE
09171132,2010,2,NA,0,TRUE
09171132,2011,2,0,0,TRUE
09171132,2012,2,0,0,TRUE
09171132,2013,3,0,0,TRUE
09171132,2014,3,0,100,TRUE
09171133,2010,2,NA,0,TRUE
09171133,2011,2,0,0,TRUE
09171133,2012,2,0,0,TRUE
09171133,2013,3,0,0,TRUE
09171133,2014,3,0,99.79,TRUE
09171134,2010,2,NA,0,TRUE
09171134,2011,2,0,0,TRUE
09171134,2012,2,0,0,TRUE
09171134,2013,3,0,0,TRUE
09171134,2014,3,0,100,TRUE
09171135,2010,2,NA,0,TRUE
09171135,2011,2,0,0,TRUE
09171135,2012,2,0,0,TRUE
09171135,2013,3,0,0,TRUE
09171135,2014,3,0,99.51,TRUE
09171137,2010,2,NA,0,TRUE
09171137,2011,2,0,0,TRUE
09171137,2012,2,0,0,TRUE
09171137,2013,3,0,0,TRUE
09171137,2014,3,0,98.08,TRUE
09172111,2010,2,NA,0,TRUE
09172111,2011,2,0,0,TRUE
09172111,2012,2,0,0,TRUE
09172111,2013,3,0,0,TRUE
09172111,2014,3,0,99.77,TRUE
09172112,2010,2,NA,0,TRUE
09172112,2011,2,0,0,TRUE
09172112,2012,2,0,0,TRUE
09172112,2013,3,0,0,TRUE
09172112,2014,3,0,100,TRUE
09172114,2010,2,NA,0,TRUE
09172114,2011,2,0,0,TRUE
09172114,2012,2,0,0,TRUE
09172114,2013,3,0,0,TRUE
09172114,2014,3,0,99.84,TRUE
09172115,2010,2,NA,0,TRUE
09172115,2011,2,0,0,TRUE
09172115,2012,2,0,0,TRUE
09172115,2013,3,0,0,TRUE
09172115,2014,3,0,99.79,TRUE
09172116,2010,2,NA,0,TRUE
09172116,2011,2,0,0,TRUE
09172116,2012,2,0,0,TRUE
09172116,2013,3,0,0,TRUE
09172116,2014,3,0,94.36,TRUE
09172117,2010,2,NA,0,TRUE
09172117,2011,2,0,0,TRUE
09172117,2012,2,0,0,TRUE
09172117,2013,3,0,0,TRUE
09172117,2014,3,0,99.8,TRUE
09172118,2010,2,NA,0,TRUE
09172118,2011,2,0,0,TRUE
09172118,2012,2,0,0,TRUE
09172118,2013,3,0,0,TRUE
09172118,2014,3,0,100,TRUE
09172122,2010,2,NA,0,TRUE
09172122,2011,2,0,0,TRUE
09172122,2012,2,0,0,TRUE
09172122,2013,3,0,0,TRUE
09172122,2014,3,0,100,TRUE
09172124,2010,2,NA,0,TRUE
09172124,2011,2,0,0,TRUE
09172124,2012,2,0,0,TRUE
09172124,2013,3,0,0,TRUE
09172124,2014,3,0,93.63,TRUE
09172128,2010,2,NA,0,TRUE
09172128,2011,2,0,0,TRUE
09172128,2012,2,0,0,TRUE
09172128,2013,3,0,0,TRUE
09172128,2014,3,0,100,TRUE
09172129,2010,2,NA,0,TRUE
09172129,2011,2,0,0,TRUE
09172129,2012,2,0,0,TRUE
09172129,2013,3,0,0,TRUE
09172129,2014,3,0,98.52,TRUE
09172130,2010,2,NA,0,TRUE
09172130,2011,2,0,0,TRUE
09172130,2012,2,0,0,TRUE
09172130,2013,3,0,0,TRUE
09172130,2014,3,0,100,TRUE
09172131,2010,2,NA,0,TRUE
09172131,2011,2,0,0,TRUE
09172131,2012,2,0,0,TRUE
09172131,2013,3,0,0,TRUE
09172131,2014,3,0,94.67,TRUE
09172132,2010,2,NA,0,TRUE
09172132,2011,2,0,0,TRUE
09172132,2012,2,0,0,TRUE
09172132,2013,3,0,0,TRUE
09172132,2014,3,0,98.36,TRUE
09172134,2010,2,NA,0,TRUE
09172134,2011,2,0,0,TRUE
09172134,2012,2,0,0,TRUE
09172134,2013,3,0,0,TRUE
09172134,2014,3,0,100,TRUE
09172444,2010,2,NA,0,TRUE
09172444,2011,2,0,0,TRUE
09172444,2012,2,0,0,TRUE
09172444,2013,3,0,0,TRUE
09172444,2014,3,0,0,TRUE
09172444,2015,3,0,73.21,FALSE
09172452,2021,38,78.56,NA,FALSE
09172454,2021,38,100,NA,FALSE
09173111,2010,2,NA,0,TRUE
09173111,2011,2,0,0,TRUE
09173111,2012,2,0,0,TRUE
09173111,2013,3,0,0,TRUE
09173111,2014,3,0,100,TRUE
09173112,2010,2,NA,0,TRUE
09173112,2011,2,0,0,TRUE
09173112,2012,2,0,0,TRUE
09173112,2013,3,0,0,TRUE
09173112,2014,3,0,100,TRUE
09173113,2010,2,NA,0,TRUE
09173113,2011,2,0,0,TRUE
09173113,2012,2,0,0,TRUE
09173113,2013,3,0,0,TRUE
09173113,2014,3,0,100,TRUE
09173115,2010,2,NA,0,TRUE
09173115,2011,2,0,0,TRUE
09173115,2012,2,0,0,TRUE
09173115,2013,3,0,0,TRUE
09173115,2014,3,0,100,TRUE
09173118,2010,2,NA,0,TRUE
09173118,2011,2,0,0,TRUE
09173118,2012,2,0,0,TRUE
09173118,2013,3,0,0,TRUE
09173118,2014,3,0,99.76,TRUE
09173120,2010,2,NA,0,TRUE
09173120,2011,2,0,0,TRUE
09173120,2012,2,0,0,TRUE
09173120,2013,3,0,0,TRUE
09173120,2014,3,0,99.95,TRUE
09173123,2010,2,NA,0,TRUE
09173123,2011,2,0,0,TRUE
09173123,2012,2,0,0,TRUE
09173123,2013,3,0,0,TRUE
09173123,2014,3,0,100,TRUE
09173124,2010,2,NA,0,TRUE
09173124,2011,2,0,0,TRUE
09173124,2012,2,0,0,TRUE
09173124,2013,3,0,0,TRUE
09173124,2014,3,0,100,TRUE
09173126,2010,2,NA,0,TRUE
09173126,2011,2,0,0,TRUE
09173126,2012,2,0,0,TRUE
09173126,2013,3,0,0,TRUE
09173126,2014,3,0,100,TRUE
09173127,2010,2,NA,0,TRUE
09173127,2011,2,0,0,TRUE
09173127,2012,2,0,0,TRUE
09173127,2013,3,0,0,TRUE
09173127,2014,3,0,100,TRUE
09173130,2010,2,NA,0,TRUE
09173130,2011,2,0,0,TRUE
09173130,2012,2,0,0,TRUE
09173130,2013,3,0,0,TRUE
09173130,2014,3,0,100,TRUE
09173131,2010,2,NA,0,TRUE
09173131,2011,2,0,0,TRUE
09173131,2012,2,0,0,TRUE
09173131,2013,3,0,0,TRUE
09173131,2014,3,0,99.71,TRUE
09173133,2010,2,NA,0,TRUE
09173133,2011,2,0,0,TRUE
09173133,2012,2,0,0,TRUE
09173133,2013,3,0,0,TRUE
09173133,2014,3,0,100,TRUE
09173134,2010,2,NA,0,TRUE
09173134,2011,2,0,0,TRUE
09173134,2012,2,0,0,TRUE
09173134,2013,3,0,0,TRUE
09173134,2014,3,0,100,TRUE
09173135,2010,2,NA,0,TRUE
09173135,2011,2,0,0,TRUE
09173135,2012,2,0,0,TRUE
09173135,2013,3,0,0,TRUE
09173135,2014,3,0,99.98,TRUE
09173137,2010,2,NA,0,TRUE
09173137,2011,2,0,0,TRUE
09173137,2012,2,0,0,TRUE
09173137,2013,3,0,0,TRUE
09173137,2014,3,0,100,TRUE
09173140,2010,2,NA,0,TRUE
09173140,2011,2,0,0,TRUE
09173140,2012,2,0,0,TRUE
09173140,2013,3,0,0,TRUE
09173140,2014,3,0,100,TRUE
09173141,2010,2,NA,0,TRUE
09173141,2011,2,0,0,TRUE
09173141,2012,2,0,0,TRUE
09173141,2013,3,0,0,TRUE
09173141,2014,3,0,100,TRUE
09173142,2010,2,NA,0,TRUE
09173142,2011,2,0,0,TRUE
09173142,2012,2,0,0,TRUE
09173142,2013,3,0,0,TRUE
09173142,2014,3,0,99.8,TRUE
09173145,2010,2,NA,0,TRUE
09173145,2011,2,0,0,TRUE
09173145,2012,2,0,0,TRUE
09173145,2013,3,0,0,TRUE
09173145,2014,3,0,100,TRUE
09173147,2010,2,NA,0,TRUE
09173147,2011,2,0,0,TRUE
09173147,2012,2,0,0,TRUE
09173147,2013,3,0,0,TRUE
09173147,2014,3,0,100,TRUE
09173444,2010,2,NA,0,TRUE
09173444,2011,2,0,0,TRUE
09173444,2012,2,0,0,TRUE
09173444,2013,3,0,0,TRUE
09173444,2014,3,0,0,TRUE
09173444,2015,3,0,0,FALSE
09173444,2016,3,0,0,FALSE
09173444,2017,3,0,100,FALSE
09173451,2021,38,100,NA,FALSE
09173452,2021,38,100,NA,FALSE
09174111,2010,2,NA,0,TRUE
09174111,2011,2,0,0,TRUE
09174111,2012,2,0,0,TRUE
09174111,2013,3,0,0,TRUE
09174111,2014,3,0,100,TRUE
09174113,2010,2,NA,0,TRUE
09174113,2011,2,0,0,TRUE
09174113,2012,2,0,0,TRUE
09174113,2013,3,0,0,TRUE
09174113,2014,3,0,100,TRUE
09174115,2010,2,NA,0,TRUE
09174115,2011,2,0,0,TRUE
09174115,2012,2,0,0,TRUE
09174115,2013,3,0,0,TRUE
09174115,2014,3,0,100,TRUE
09174118,2010,2,NA,0,TRUE
09174118,2011,2,0,0,TRUE
09174118,2012,2,0,0,TRUE
09174118,2013,3,0,0,TRUE
09174118,2014,3,0,100,TRUE
09174121,2010,2,NA,0,TRUE
09174121,2011,2,0,0,TRUE
09174121,2012,2,0,0,TRUE
09174121,2013,3,0,0,TRUE
09174121,2014,3,0,100,TRUE
09174122,2010,2,NA,0,TRUE
09174122,2011,2,0,0,TRUE
09174122,2012,2,0,0,TRUE
09174122,2013,3,0,0,TRUE
09174122,2014,3,0,100,TRUE
09174126,2010,2,NA,0,TRUE
09174126,2011,2,0,0,TRUE
09174126,2012,2,0,0,TRUE
09174126,2013,3,0,0,TRUE
09174126,2014,3,0,100,TRUE
09174131,2010,2,NA,0,TRUE
09174131,2011,2,0,0,TRUE
09174131,2012,2,0,0,TRUE
09174131,2013,3,0,0,TRUE
09174131,2014,3,0,99.73,TRUE
09174135,2010,2,NA,0,TRUE
09174135,2011,2,0,0,TRUE
09174135,2012,2,0,0,TRUE
09174135,2013,3,0,0,TRUE
09174135,2014,3,0,100,TRUE
09174136,2010,2,NA,0,TRUE
09174136,2011,2,0,0,TRUE
09174136,2012,2,0,0,TRUE
09174136,2013,3,0,0,TRUE
09174136,2014,3,0,100,TRUE
09174137,2010,2,NA,0,TRUE
09174137,2011,2,0,0,TRUE
09174137,2012,2,0,0,TRUE
09174137,2013,3,0,0,TRUE
09174137,2014,3,0,100,TRUE
09174141,2010,2,NA,0,TRUE
09174141,2011,2,0,0,TRUE
09174141,2012,2,0,0,TRUE
09174141,2013,3,0,0,TRUE
09174141,2014,3,0,100,TRUE
09174143,2010,2,NA,0,TRUE
09174143,2011,2,0,0,TRUE
09174143,2012,2,0,0,TRUE
09174143,2013,3,0,0,TRUE
09174143,2014,3,0,100,TRUE
09174146,2010,2,NA,0,TRUE
09174146,2011,2,0,0,TRUE
09174146,2012,2,0,0,TRUE
09174146,2013,3,0,0,TRUE
09174146,2014,3,0,100,TRUE
09174147,2010,2,NA,0,TRUE
09174147,2011,2,0,0,TRUE
09174147,2012,2,0,0,TRUE
09174147,2013,3,0,0,TRUE
09174147,2014,3,0,100,TRUE
09174150,2010,2,NA,0,TRUE
09174150,2011,2,0,0,TRUE
09174150,2012,2,0,0,TRUE
09174150,2013,3,0,0,TRUE
09174150,2014,3,0,100,TRUE
09174151,2010,2,NA,0,TRUE
09174151,2011,2,0,0,TRUE
09174151,2012,2,0,0,TRUE
09174151,2013,3,0,0,TRUE
09174151,2014,3,0,100,TRUE
09175111,2010,2,NA,0,TRUE
09175111,2011,2,0,0,TRUE
09175111,2012,2,0,0,TRUE
09175111,2013,3,0,0,TRUE
09175111,2014,3,0,100,TRUE
09175112,2010,2,NA,0,TRUE
09175112,2011,2,0,0,TRUE
09175112,2012,2,0,0,TRUE
09175112,2013,3,0,0,TRUE
09175112,2014,3,0,99.94,TRUE
09175113,2010,2,NA,0,TRUE
09175113,2011,2,0,0,TRUE
09175113,2012,2,0,0,TRUE
09175113,2013,3,0,0,TRUE
09175113,2014,3,0,100,TRUE
09175114,2010,2,NA,0,TRUE
09175114,2011,2,0,0,TRUE
09175114,2012,2,0,0,TRUE
09175114,2013,3,0,0,TRUE
09175114,2014,3,0,99.79,TRUE
09175115,2010,2,NA,0,TRUE
09175115,2011,2,0,0,TRUE
09175115,2012,2,0,0,TRUE
09175115,2013,3,0,0,TRUE
09175115,2014,3,0,99.86,TRUE
09175116,2010,2,NA,0,TRUE
09175116,2011,2,0,0,TRUE
09175116,2012,2,0,0,TRUE
09175116,2013,3,0,0,TRUE
09175116,2014,3,0,100,TRUE
09175118,2010,2,NA,0,TRUE
09175118,2011,2,0,0,TRUE
09175118,2012,2,0,0,TRUE
09175118,2013,3,0,0,TRUE
09175118,2014,3,0,100,TRUE
09175119,2010,2,NA,0,TRUE
09175119,2011,2,0,0,TRUE
09175119,2012,2,0,0,TRUE
09175119,2013,3,0,0,TRUE
09175119,2014,3,0,99.82,TRUE
09175121,2010,2,NA,0,TRUE
09175121,2011,2,0,0,TRUE
09175121,2012,2,0,0,TRUE
09175121,2013,3,0,0,TRUE
09175121,2014,3,0,100,TRUE
09175122,2010,2,NA,0,TRUE
09175122,2011,2,0,0,TRUE
09175122,2012,2,0,0,TRUE
09175122,2013,3,0,0,TRUE
09175122,2014,3,0,99.98,TRUE
09175123,2010,2,NA,0,TRUE
09175123,2011,2,0,0,TRUE
09175123,2012,2,0,0,TRUE
09175123,2013,3,0,0,TRUE
09175123,2014,3,0,100,TRUE
09175124,2010,2,NA,0,TRUE
09175124,2011,2,0,0,TRUE
09175124,2012,2,0,0,TRUE
09175124,2013,3,0,0,TRUE
09175124,2014,3,0,100,TRUE
09175127,2010,2,NA,0,TRUE
09175127,2011,2,0,0,TRUE
09175127,2012,2,0,0,TRUE
09175127,2013,3,0,0,TRUE
09175127,2014,3,0,100,TRUE
09175128,2010,2,NA,0,TRUE
09175128,2011,2,0,0,TRUE
09175128,2012,2,0,0,TRUE
09175128,2013,3,0,0,TRUE
09175128,2014,3,0,100,TRUE
09175131,2010,2,NA,0,TRUE
09175131,2011,2,0,0,TRUE
09175131,2012,2,0,0,TRUE
09175131,2013,3,0,0,TRUE
09175131,2014,3,0,99.79,TRUE
09175132,2010,2,NA,0,TRUE
09175132,2011,2,0,0,TRUE
09175132,2012,2,0,0,TRUE
09175132,2013,3,0,0,TRUE
09175132,2014,3,0,100,TRUE
09175133,2010,2,NA,0,TRUE
09175133,2011,2,0,0,TRUE
09175133,2012,2,0,0,TRUE
09175133,2013,3,0,0,TRUE
09175133,2014,3,0,100,TRUE
09175135,2010,2,NA,0,TRUE
09175135,2011,2,0,0,TRUE
09175135,2012,2,0,0,TRUE
09175135,2013,3,0,0,TRUE
09175135,2014,3,0,100,TRUE
09175136,2010,2,NA,0,TRUE
09175136,2011,2,0,0,TRUE
09175136,2012,2,0,0,TRUE
09175136,2013,3,0,0,TRUE
09175136,2014,3,0,98.93,TRUE
09175137,2010,2,NA,0,TRUE
09175137,2011,2,0,0,TRUE
09175137,2012,2,0,0,TRUE
09175137,2013,3,0,0,TRUE
09175137,2014,3,0,99.36,TRUE
09175139,2010,2,NA,0,TRUE
09175139,2011,2,0,0,TRUE
09175139,2012,2,0,0,TRUE
09175139,2013,3,0,0,TRUE
09175139,2014,3,0,100,TRUE
09175444,2010,2,NA,0,TRUE
09175444,2011,2,0,0,TRUE
09175444,2012,2,0,0,TRUE
09175444,2013,3,0,0,TRUE
09175444,2014,3,0,0,TRUE
09175444,2015,3,0,90.48,FALSE
09175451,2020,38,64,0,FALSE
09175451,2021,38,0,NA,FALSE
09175452,2021,38,12,NA,FALSE
09175453,2021,38,100,NA,FALSE
09176111,2010,2,NA,0,TRUE
09176111,2011,2,0,0,TRUE
09176111,2012,2,0,0,TRUE
09176111,2013,3,0,0,TRUE
09176111,2014,3,0,97.05,TRUE
09176112,2010,2,NA,0,TRUE
09176112,2011,2,0,0,TRUE
09176112,2012,2,0,0,TRUE
09176112,2013,3,0,0,TRUE
09176112,2014,3,0,98.56,TRUE
09176114,2010,2,NA,0,TRUE
09176114,2011,2,0,0,TRUE
09176114,2012,2,0,0,TRUE
09176114,2013,3,0,0,TRUE
09176114,2014,3,0,98.7,TRUE
09176116,2010,2,NA,0,TRUE
09176116,2011,2,0,0,TRUE
09176116,2012,2,0,0,TRUE
09176116,2013,3,0,0,TRUE
09176116,2014,3,0,100,TRUE
09176118,2010,2,NA,0,TRUE
09176118,2011,2,0,0,TRUE
09176118,2012,2,0,0,TRUE
09176118,2013,3,0,0,TRUE
09176118,2014,3,0,100,TRUE
09176120,2010,2,NA,0,TRUE
09176120,2011,2,0,0,TRUE
09176120,2012,2,0,0,TRUE
09176120,2013,3,0,0,TRUE
09176120,2014,3,0,100,TRUE
09176121,2010,2,NA,0,TRUE
09176121,2011,2,0,0,TRUE
09176121,2012,2,0,0,TRUE
09176121,2013,3,0,0,TRUE
09176121,2014,3,0,99.58,TRUE
09176122,2010,2,NA,0,TRUE
09176122,2011,2,0,0,TRUE
09176122,2012,2,0,0,TRUE
09176122,2013,3,0,0,TRUE
09176122,2014,3,0,100,TRUE
09176123,2010,2,NA,0,TRUE
09176123,2011,2,0,0,TRUE
09176123,2012,2,0,0,TRUE
09176123,2013,3,0,0,TRUE
09176123,2014,3,0,99.82,TRUE
09176124,2010,2,NA,0,TRUE
09176124,2011,2,0,0,TRUE
09176124,2012,2,0,0,TRUE
09176124,2013,3,0,0,TRUE
09176124,2014,3,0,100,TRUE
09176126,2010,2,NA,0,TRUE
09176126,2011,2,0,0,TRUE
09176126,2012,2,0,0,TRUE
09176126,2013,3,0,0,TRUE
09176126,2014,3,0,100,TRUE
09176129,2010,2,NA,0,TRUE
09176129,2011,2,0,0,TRUE
09176129,2012,2,0,0,TRUE
09176129,2013,3,0,0,TRUE
09176129,2014,3,0,99.96,TRUE
09176131,2010,2,NA,0,TRUE
09176131,2011,2,0,0,TRUE
09176131,2012,2,0,0,TRUE
09176131,2013,3,0,0,TRUE
09176131,2014,3,0,100,TRUE
09176132,2010,2,NA,0,TRUE
09176132,2011,2,0,0,TRUE
09176132,2012,2,0,0,TRUE
09176132,2013,3,0,0,TRUE
09176132,2014,3,0,100,TRUE
09176137,2010,2,NA,0,TRUE
09176137,2011,2,0,0,TRUE
09176137,2012,2,0,0,TRUE
09176137,2013,3,0,0,TRUE
09176137,2014,3,0,97.11,TRUE
09176138,2010,2,NA,0,TRUE
09176138,2011,2,0,0,TRUE
09176138,2012,2,0,0,TRUE
09176138,2013,3,0,0,TRUE
09176138,2014,3,0,94.13,TRUE
09176139,2010,2,NA,0,TRUE
09176139,2011,2,0,0,TRUE
09176139,2012,2,0,0,TRUE
09176139,2013,3,0,0,TRUE
09176139,2014,3,0,99.63,TRUE
09176143,2010,2,NA,0,TRUE
09176143,2011,2,0,0,TRUE
09176143,2012,2,0,0,TRUE
09176143,2013,3,0,0,TRUE
09176143,2014,3,0,100,TRUE
09176147,2010,2,NA,0,TRUE
09176147,2011,2,0,0,TRUE
09176147,2012,2,0,0,TRUE
09176147,2013,3,0,0,TRUE
09176147,2014,3,0,100,TRUE
09176148,2010,2,NA,0,TRUE
09176148,2011,2,0,0,TRUE
09176148,2012,2,0,0,TRUE
09176148,2013,3,0,0,TRUE
09176148,2014,3,0,98.03,TRUE
09176149,2010,2,NA,0,TRUE
09176149,2011,2,0,0,TRUE
09176149,2012,2,0,0,TRUE
09176149,2013,3,0,0,TRUE
09176149,2014,3,0,100,TRUE
09176150,2010,2,NA,0,TRUE
09176150,2011,2,0,0,TRUE
09176150,2012,2,0,0,TRUE
09176150,2013,3,0,0,TRUE
09176150,2014,3,0,100,TRUE
09176153,2010,2,NA,0,TRUE
09176153,2011,2,0,0,TRUE
09176153,2012,2,0,0,TRUE
09176153,2013,3,0,0,TRUE
09176153,2014,3,0,100,TRUE
09176155,2010,2,NA,0,TRUE
09176155,2011,2,0,0,TRUE
09176155,2012,2,0,0,TRUE
09176155,2013,3,0,0,TRUE
09176155,2014,3,0,98.47,TRUE
09176160,2010,2,NA,0,TRUE
09176160,2011,2,0,0,TRUE
09176160,2012,2,0,0,TRUE
09176160,2013,3,0,0,TRUE
09176160,2014,3,0,99.4,TRUE
09176161,2010,2,NA,0,TRUE
09176161,2011,2,0,0,TRUE
09176161,2012,2,0,0,TRUE
09176161,2013,3,0,0,TRUE
09176161,2014,3,0,99.93,TRUE
09176164,2010,2,NA,0,TRUE
09176164,2011,2,0,0,TRUE
09176164,2012,2,0,0,TRUE
09176164,2013,3,0,0,TRUE
09176164,2014,3,0,95.46,TRUE
09176165,2010,2,NA,0,TRUE
09176165,2011,2,0,0,TRUE
09176165,2012,2,0,0,TRUE
09176165,2013,3,0,0,TRUE
09176165,2014,3,0,99.89,TRUE
09176166,2010,2,NA,0,TRUE
09176166,2011,2,0,0,TRUE
09176166,2012,2,0,0,TRUE
09176166,2013,3,0,0,TRUE
09176166,2014,3,0,99.27,TRUE
09176167,2010,2,NA,0,TRUE
09176167,2011,2,0,0,TRUE
09176167,2012,2,0,0,TRUE
09176167,2013,3,0,0,TRUE
09176167,2014,3,0,100,TRUE
09176444,2010,2,NA,0,TRUE
09176444,2011,2,0,0,TRUE
09176444,2012,2,0,0,TRUE
09176444,2013,3,0,0,TRUE
09176444,2014,3,0,0,TRUE
09176444,2015,3,0,100,FALSE
09176444,2018,3,100,NA,FALSE
09176451,2020,38,100,0,FALSE
09176451,2021,38,0,NA,FALSE
09177112,2010,2,NA,0,TRUE
09177112,2011,2,0,0,TRUE
09177112,2012,2,0,0,TRUE
09177112,2013,3,0,0,TRUE
09177112,2014,3,0,100,TRUE
09177113,2010,2,NA,0,TRUE
09177113,2011,2,0,0,TRUE
09177113,2012,2,0,0,TRUE
09177113,2013,3,0,0,TRUE
09177113,2014,3,0,99.49,TRUE
09177114,2010,2,NA,0,TRUE
09177114,2011,2,0,0,TRUE
09177114,2012,2,0,0,TRUE
09177114,2013,3,0,0,TRUE
09177114,2014,3,0,100,TRUE
09177115,2010,2,NA,0,TRUE
09177115,2011,2,0,0,TRUE
09177115,2012,2,0,0,TRUE
09177115,2013,3,0,0,TRUE
09177115,2014,3,0,99.03,TRUE
09177116,2010,2,NA,0,TRUE
09177116,2011,2,0,0,TRUE
09177116,2012,2,0,0,TRUE
09177116,2013,3,0,0,TRUE
09177116,2014,3,0,100,TRUE
09177117,2010,2,NA,0,TRUE
09177117,2011,2,0,0,TRUE
09177117,2012,2,0,0,TRUE
09177117,2013,3,0,0,TRUE
09177117,2014,3,0,100,TRUE
09177118,2010,2,NA,0,TRUE
09177118,2011,2,0,0,TRUE
09177118,2012,2,0,0,TRUE
09177118,2013,3,0,0,TRUE
09177118,2014,3,0,100,TRUE
09177119,2010,2,NA,0,TRUE
09177119,2011,2,0,0,TRUE
09177119,2012,2,0,0,TRUE
09177119,2013,3,0,0,TRUE
09177119,2014,3,0,100,TRUE
09177120,2010,2,NA,0,TRUE
09177120,2011,2,0,0,TRUE
09177120,2012,2,0,0,TRUE
09177120,2013,3,0,0,TRUE
09177120,2014,3,0,99.92,TRUE
09177121,2010,2,NA,0,TRUE
09177121,2011,2,0,0,TRUE
09177121,2012,2,0,0,TRUE
09177121,2013,3,0,0,TRUE
09177121,2014,3,0,99,TRUE
09177122,2010,2,NA,0,TRUE
09177122,2011,2,0,0,TRUE
09177122,2012,2,0,0,TRUE
09177122,2013,3,0,0,TRUE
09177122,2014,3,0,99.07,TRUE
09177123,2010,2,NA,0,TRUE
09177123,2011,2,0,0,TRUE
09177123,2012,2,0,0,TRUE
09177123,2013,3,0,0,TRUE
09177123,2014,3,0,99.9,TRUE
09177124,2010,2,NA,0,TRUE
09177124,2011,2,0,0,TRUE
09177124,2012,2,0,0,TRUE
09177124,2013,3,0,0,TRUE
09177124,2014,3,0,86.53,TRUE
09177126,2010,2,NA,0,TRUE
09177126,2011,2,0,0,TRUE
09177126,2012,2,0,0,TRUE
09177126,2013,3,0,0,TRUE
09177126,2014,3,0,99.9,TRUE
09177127,2010,2,NA,0,TRUE
09177127,2011,2,0,0,TRUE
09177127,2012,2,0,0,TRUE
09177127,2013,3,0,0,TRUE
09177127,2014,3,0,99.91,TRUE
09177130,2010,2,NA,0,TRUE
09177130,2011,2,0,0,TRUE
09177130,2012,2,0,0,TRUE
09177130,2013,3,0,0,TRUE
09177130,2014,3,0,100,TRUE
09177131,2010,2,NA,0,TRUE
09177131,2011,2,0,0,TRUE
09177131,2012,2,0,0,TRUE
09177131,2013,3,0,0,TRUE
09177131,2014,3,0,100,TRUE
09177133,2010,2,NA,0,TRUE
09177133,2011,2,0,0,TRUE
09177133,2012,2,0,0,TRUE
09177133,2013,3,0,0,TRUE
09177133,2014,3,0,100,TRUE
09177134,2010,2,NA,0,TRUE
09177134,2011,2,0,0,TRUE
09177134,2012,2,0,0,TRUE
09177134,2013,3,0,0,TRUE
09177134,2014,3,0,100,TRUE
09177135,2010,2,NA,0,TRUE
09177135,2011,2,0,0,TRUE
09177135,2012,2,0,0,TRUE
09177135,2013,3,0,0,TRUE
09177135,2014,3,0,100,TRUE
09177137,2010,2,NA,0,TRUE
09177137,2011,2,0,0,TRUE
09177137,2012,2,0,0,TRUE
09177137,2013,3,0,0,TRUE
09177137,2014,3,0,99.88,TRUE
09177138,2010,2,NA,0,TRUE
09177138,2011,2,0,0,TRUE
09177138,2012,2,0,0,TRUE
09177138,2013,3,0,0,TRUE
09177138,2014,3,0,94.78,TRUE
09177139,2010,2,NA,0,TRUE
09177139,2011,2,0,0,TRUE
09177139,2012,2,0,0,TRUE
09177139,2013,3,0,0,TRUE
09177139,2014,3,0,98.04,TRUE
09177142,2010,2,NA,0,TRUE
09177142,2011,2,0,0,TRUE
09177142,2012,2,0,0,TRUE
09177142,2013,3,0,0,TRUE
09177142,2014,3,0,100,TRUE
09177143,2010,2,NA,0,TRUE
09177143,2011,2,0,0,TRUE
09177143,2012,2,0,0,TRUE
09177143,2013,3,0,0,TRUE
09177143,2014,3,0,99.95,TRUE
09177144,2010,2,NA,0,TRUE
09177144,2011,2,0,0,TRUE
09177144,2012,2,0,0,TRUE
09177144,2013,3,0,0,TRUE
09177144,2014,3,0,100,TRUE
09178113,2010,2,NA,0,TRUE
09178113,2011,2,0,0,TRUE
09178113,2012,2,0,0,TRUE
09178113,2013,3,0,0,TRUE
09178113,2014,3,0,100,TRUE
09178115,2010,2,NA,0,TRUE
09178115,2011,2,0,0,TRUE
09178115,2012,2,0,0,TRUE
09178115,2013,3,0,0,TRUE
09178115,2014,3,0,100,TRUE
09178116,2010,2,NA,0,TRUE
09178116,2011,2,0,0,TRUE
09178116,2012,2,0,0,TRUE
09178116,2013,3,0,0,TRUE
09178116,2014,3,0,99.2,TRUE
09178120,2010,2,NA,0,TRUE
09178120,2011,2,0,0,TRUE
09178120,2012,2,0,0,TRUE
09178120,2013,3,0,0,TRUE
09178120,2014,3,0,100,TRUE
09178122,2010,2,NA,0,TRUE
09178122,2011,2,0,0,TRUE
09178122,2012,2,0,0,TRUE
09178122,2013,3,0,0,TRUE
09178122,2014,3,0,98.37,TRUE
09178123,2010,2,NA,0,TRUE
09178123,2011,2,0,0,TRUE
09178123,2012,2,0,0,TRUE
09178123,2013,3,0,0,TRUE
09178123,2014,3,0,100,TRUE
09178124,2010,2,NA,0,TRUE
09178124,2011,2,0,0,TRUE
09178124,2012,2,0,0,TRUE
09178124,2013,3,0,0,TRUE
09178124,2014,3,0,100,TRUE
09178125,2010,2,NA,0,TRUE
09178125,2011,2,0,0,TRUE
09178125,2012,2,0,0,TRUE
09178125,2013,3,0,0,TRUE
09178125,2014,3,0,97.49,TRUE
09178129,2010,2,NA,0,TRUE
09178129,2011,2,0,0,TRUE
09178129,2012,2,0,0,TRUE
09178129,2013,3,0,0,TRUE
09178129,2014,3,0,100,TRUE
09178130,2010,2,NA,0,TRUE
09178130,2011,2,0,0,TRUE
09178130,2012,2,0,0,TRUE
09178130,2013,3,0,0,TRUE
09178130,2014,3,0,100,TRUE
09178132,2010,2,NA,0,TRUE
09178132,2011,2,0,0,TRUE
09178132,2012,2,0,0,TRUE
09178132,2013,3,0,0,TRUE
09178132,2014,3,0,99.35,TRUE
09178133,2010,2,NA,0,TRUE
09178133,2011,2,0,0,TRUE
09178133,2012,2,0,0,TRUE
09178133,2013,3,0,0,TRUE
09178133,2014,3,0,100,TRUE
09178136,2010,2,NA,0,TRUE
09178136,2011,2,0,0,TRUE
09178136,2012,2,0,0,TRUE
09178136,2013,3,0,0,TRUE
09178136,2014,3,0,99.91,TRUE
09178137,2010,2,NA,0,TRUE
09178137,2011,2,0,0,TRUE
09178137,2012,2,0,0,TRUE
09178137,2013,3,0,0,TRUE
09178137,2014,3,0,99.94,TRUE
09178138,2010,2,NA,0,TRUE
09178138,2011,2,0,0,TRUE
09178138,2012,2,0,0,TRUE
09178138,2013,3,0,0,TRUE
09178138,2014,3,0,100,TRUE
09178140,2010,2,NA,0,TRUE
09178140,2011,2,0,0,TRUE
09178140,2012,2,0,0,TRUE
09178140,2013,3,0,0,TRUE
09178140,2014,3,0,99.78,TRUE
09178142,2010,2,NA,0,TRUE
09178142,2011,2,0,0,TRUE
09178142,2012,2,0,0,TRUE
09178142,2013,3,0,0,TRUE
09178142,2014,3,0,99.72,TRUE
09178143,2010,2,NA,0,TRUE
09178143,2011,2,0,0,TRUE
09178143,2012,2,0,0,TRUE
09178143,2013,3,0,0,TRUE
09178143,2014,3,0,99.95,TRUE
09178144,2010,2,NA,0,TRUE
09178144,2011,2,0,0,TRUE
09178144,2012,2,0,0,TRUE
09178144,2013,3,0,0,TRUE
09178144,2014,3,0,99.9,TRUE
09178145,2010,2,NA,0,TRUE
09178145,2011,2,0,0,TRUE
09178145,2012,2,0,0,TRUE
09178145,2013,3,0,0,TRUE
09178145,2014,3,0,100,TRUE
09178150,2010,2,NA,0,TRUE
09178150,2011,2,0,0,TRUE
09178150,2012,2,0,0,TRUE
09178150,2013,3,0,0,TRUE
09178150,2014,3,0,100,TRUE
09178155,2010,2,NA,0,TRUE
09178155,2011,2,0,0,TRUE
09178155,2012,2,0,0,TRUE
09178155,2013,3,0,0,TRUE
09178155,2014,3,0,98.26,TRUE
09178156,2010,2,NA,0,TRUE
09178156,2011,2,0,0,TRUE
09178156,2012,2,0,0,TRUE
09178156,2013,3,0,0,TRUE
09178156,2014,3,0,99.89,TRUE
09178157,2010,2,NA,0,TRUE
09178157,2011,2,0,0,TRUE
09178157,2012,2,0,0,TRUE
09178157,2013,3,0,0,TRUE
09178157,2014,3,0,99.89,TRUE
09179111,2010,2,NA,0,TRUE
09179111,2011,2,0,0,TRUE
09179111,2012,2,0,0,TRUE
09179111,2013,3,0,0,TRUE
09179111,2014,3,0,100,TRUE
09179113,2010,2,NA,0,TRUE
09179113,2011,2,0,0,TRUE
09179113,2012,2,0,0,TRUE
09179113,2013,3,0,0,TRUE
09179113,2014,3,0,100,TRUE
09179114,2010,2,NA,0,TRUE
09179114,2011,2,0,0,TRUE
09179114,2012,2,0,0,TRUE
09179114,2013,3,0,0,TRUE
09179114,2014,3,0,100,TRUE
09179117,2010,2,NA,0,TRUE
09179117,2011,2,0,0,TRUE
09179117,2012,2,0,0,TRUE
09179117,2013,3,0,0,TRUE
09179117,2014,3,0,100,TRUE
09179118,2010,2,NA,0,TRUE
09179118,2011,2,0,0,TRUE
09179118,2012,2,0,0,TRUE
09179118,2013,3,0,0,TRUE
09179118,2014,3,0,100,TRUE
09179119,2010,2,NA,0,TRUE
09179119,2011,2,0,0,TRUE
09179119,2012,2,0,0,TRUE
09179119,2013,3,0,0,TRUE
09179119,2014,3,0,100,TRUE
09179121,2010,2,NA,0,TRUE
09179121,2011,2,0,0,TRUE
09179121,2012,2,0,0,TRUE
09179121,2013,3,0,0,TRUE
09179121,2014,3,0,100,TRUE
09179123,2010,2,NA,0,TRUE
09179123,2011,2,0,0,TRUE
09179123,2012,2,0,0,TRUE
09179123,2013,3,0,0,TRUE
09179123,2014,3,0,100,TRUE
09179125,2010,2,NA,0,TRUE
09179125,2011,2,0,0,TRUE
09179125,2012,2,0,0,TRUE
09179125,2013,3,0,0,TRUE
09179125,2014,3,0,99.68,TRUE
09179126,2010,2,NA,0,TRUE
09179126,2011,2,0,0,TRUE
09179126,2012,2,0,0,TRUE
09179126,2013,3,0,0,TRUE
09179126,2014,3,0,100,TRUE
09179128,2010,2,NA,0,TRUE
09179128,2011,2,0,0,TRUE
09179128,2012,2,0,0,TRUE
09179128,2013,3,0,0,TRUE
09179128,2014,3,0,100,TRUE
09179130,2010,2,NA,0,TRUE
09179130,2011,2,0,0,TRUE
09179130,2012,2,0,0,TRUE
09179130,2013,3,0,0,TRUE
09179130,2014,3,0,100,TRUE
09179131,2010,2,NA,0,TRUE
09179131,2011,2,0,0,TRUE
09179131,2012,2,0,0,TRUE
09179131,2013,3,0,0,TRUE
09179131,2014,3,0,100,TRUE
09179132,2010,2,NA,0,TRUE
09179132,2011,2,0,0,TRUE
09179132,2012,2,0,0,TRUE
09179132,2013,3,0,0,TRUE
09179132,2014,3,0,100,TRUE
09179134,2010,2,NA,0,TRUE
09179134,2011,2,0,0,TRUE
09179134,2012,2,0,0,TRUE
09179134,2013,3,0,0,TRUE
09179134,2014,3,0,100,TRUE
09179136,2010,2,NA,0,TRUE
09179136,2011,2,0,0,TRUE
09179136,2012,2,0,0,TRUE
09179136,2013,3,0,0,TRUE
09179136,2014,3,0,100,TRUE
09179137,2010,2,NA,0,TRUE
09179137,2011,2,0,0,TRUE
09179137,2012,2,0,0,TRUE
09179137,2013,3,0,0,TRUE
09179137,2014,3,0,100,TRUE
09179138,2010,2,NA,0,TRUE
09179138,2011,2,0,0,TRUE
09179138,2012,2,0,0,TRUE
09179138,2013,3,0,0,TRUE
09179138,2014,3,0,100,TRUE
09179140,2010,2,NA,0,TRUE
09179140,2011,2,0,0,TRUE
09179140,2012,2,0,0,TRUE
09179140,2013,3,0,0,TRUE
09179140,2014,3,0,100,TRUE
09179142,2010,2,NA,0,TRUE
09179142,2011,2,0,0,TRUE
09179142,2012,2,0,0,TRUE
09179142,2013,3,0,0,TRUE
09179142,2014,3,0,100,TRUE
09179145,2010,2,NA,0,TRUE
09179145,2011,2,0,0,TRUE
09179145,2012,2,0,0,TRUE
09179145,2013,3,0,0,TRUE
09179145,2014,3,0,100,TRUE
09179147,2010,2,NA,0,TRUE
09179147,2011,2,0,0,TRUE
09179147,2012,2,0,0,TRUE
09179147,2013,3,0,0,TRUE
09179147,2014,3,0,100,TRUE
09179149,2010,2,NA,0,TRUE
09179149,2011,2,0,0,TRUE
09179149,2012,2,0,0,TRUE
09179149,2013,3,0,0,TRUE
09179149,2014,3,0,100,TRUE
09180112,2010,2,NA,0,TRUE
09180112,2011,2,0,0,TRUE
09180112,2012,2,0,0,TRUE
09180112,2013,3,0,0,TRUE
09180112,2014,3,0,100,TRUE
09180113,2010,2,NA,0,TRUE
09180113,2011,2,0,0,TRUE
09180113,2012,2,0,0,TRUE
09180113,2013,3,0,0,TRUE
09180113,2014,3,0,99.81,TRUE
09180114,2010,2,NA,0,TRUE
09180114,2011,2,0,0,TRUE
09180114,2012,2,0,0,TRUE
09180114,2013,3,0,0,TRUE
09180114,2014,3,0,100,TRUE
09180115,2010,2,NA,0,TRUE
09180115,2011,2,0,0,TRUE
09180115,2012,2,0,0,TRUE
09180115,2013,3,0,0,TRUE
09180115,2014,3,0,99.7,TRUE
09180116,2010,2,NA,0,TRUE
09180116,2011,2,0,0,TRUE
09180116,2012,2,0,0,TRUE
09180116,2013,3,0,0,TRUE
09180116,2014,3,0,100,TRUE
09180117,2010,2,NA,0,TRUE
09180117,2011,2,0,0,TRUE
09180117,2012,2,0,0,TRUE
09180117,2013,3,0,0,TRUE
09180117,2014,3,0,99.99,TRUE
09180118,2010,2,NA,0,TRUE
09180118,2011,2,0,0,TRUE
09180118,2012,2,0,0,TRUE
09180118,2013,3,0,0,TRUE
09180118,2014,3,0,100,TRUE
09180119,2010,2,NA,0,TRUE
09180119,2011,2,0,0,TRUE
09180119,2012,2,0,0,TRUE
09180119,2013,3,0,0,TRUE
09180119,2014,3,0,99.83,TRUE
09180122,2010,2,NA,0,TRUE
09180122,2011,2,0,0,TRUE
09180122,2012,2,0,0,TRUE
09180122,2013,3,0,0,TRUE
09180122,2014,3,0,100,TRUE
09180123,2010,2,NA,0,TRUE
09180123,2011,2,0,0,TRUE
09180123,2012,2,0,0,TRUE
09180123,2013,3,0,0,TRUE
09180123,2014,3,0,100,TRUE
09180124,2010,2,NA,0,TRUE
09180124,2011,2,0,0,TRUE
09180124,2012,2,0,0,TRUE
09180124,2013,3,0,0,TRUE
09180124,2014,3,0,99.98,TRUE
09180125,2010,2,NA,0,TRUE
09180125,2011,2,0,0,TRUE
09180125,2012,2,0,0,TRUE
09180125,2013,3,0,0,TRUE
09180125,2014,3,0,100,TRUE
09180126,2010,2,NA,0,TRUE
09180126,2011,2,0,0,TRUE
09180126,2012,2,0,0,TRUE
09180126,2013,3,0,0,TRUE
09180126,2014,3,0,100,TRUE
09180127,2010,2,NA,0,TRUE
09180127,2011,2,0,0,TRUE
09180127,2012,2,0,0,TRUE
09180127,2013,3,0,0,TRUE
09180127,2014,3,0,99.93,TRUE
09180128,2010,2,NA,0,TRUE
09180128,2011,2,0,0,TRUE
09180128,2012,2,0,0,TRUE
09180128,2013,3,0,0,TRUE
09180128,2014,3,0,98.81,TRUE
09180129,2010,2,NA,0,TRUE
09180129,2011,2,0,0,TRUE
09180129,2012,2,0,0,TRUE
09180129,2013,3,0,0,TRUE
09180129,2014,3,0,99.86,TRUE
09180131,2010,2,NA,0,TRUE
09180131,2011,2,0,0,TRUE
09180131,2012,2,0,0,TRUE
09180131,2013,3,0,0,TRUE
09180131,2014,3,0,99.63,TRUE
09180132,2010,2,NA,0,TRUE
09180132,2011,2,0,0,TRUE
09180132,2012,2,0,0,TRUE
09180132,2013,3,0,0,TRUE
09180132,2014,3,0,100,TRUE
09180133,2010,2,NA,0,TRUE
09180133,2011,2,0,0,TRUE
09180133,2012,2,0,0,TRUE
09180133,2013,3,0,0,TRUE
09180133,2014,3,0,100,TRUE
09180134,2010,2,NA,0,TRUE
09180134,2011,2,0,0,TRUE
09180134,2012,2,0,0,TRUE
09180134,2013,3,0,0,TRUE
09180134,2014,3,0,99.62,TRUE
09180135,2010,2,NA,0,TRUE
09180135,2011,2,0,0,TRUE
09180135,2012,2,0,0,TRUE
09180135,2013,3,0,0,TRUE
09180135,2014,3,0,100,TRUE
09180136,2010,2,NA,0,TRUE
09180136,2011,2,0,0,TRUE
09180136,2012,2,0,0,TRUE
09180136,2013,3,0,0,TRUE
09180136,2014,3,0,100,TRUE
09180444,2010,2,NA,0,TRUE
09180444,2011,2,0,0,TRUE
09180444,2012,2,0,0,TRUE
09180444,2013,3,0,0,TRUE
09180444,2014,3,0,0,TRUE
09180444,2015,3,0,100,FALSE
09180444,2018,3,100,NA,FALSE
09180451,2020,38,100,0,FALSE
09180451,2021,38,0,NA,FALSE
09181111,2010,2,NA,0,TRUE
09181111,2011,2,0,0,TRUE
09181111,2012,2,0,0,TRUE
09181111,2013,3,0,0,TRUE
09181111,2014,3,0,100,TRUE
09181113,2010,2,NA,0,TRUE
09181113,2011,2,0,0,TRUE
09181113,2012,2,0,0,TRUE
09181113,2013,3,0,0,TRUE
09181113,2014,3,0,99.19,TRUE
09181114,2010,2,NA,0,TRUE
09181114,2011,2,0,0,TRUE
09181114,2012,2,0,0,TRUE
09181114,2013,3,0,0,TRUE
09181114,2014,3,0,99.87,TRUE
09181115,2010,2,NA,0,TRUE
09181115,2011,2,0,0,TRUE
09181115,2012,2,0,0,TRUE
09181115,2013,3,0,0,TRUE
09181115,2014,3,0,100,TRUE
09181116,2010,2,NA,0,TRUE
09181116,2011,2,0,0,TRUE
09181116,2012,2,0,0,TRUE
09181116,2013,3,0,0,TRUE
09181116,2014,3,0,100,TRUE
09181118,2010,2,NA,0,TRUE
09181118,2011,2,0,0,TRUE
09181118,2012,2,0,0,TRUE
09181118,2013,3,0,0,TRUE
09181118,2014,3,0,100,TRUE
09181120,2010,2,NA,0,TRUE
09181120,2011,2,0,0,TRUE
09181120,2012,2,0,0,TRUE
09181120,2013,3,0,0,TRUE
09181120,2014,3,0,100,TRUE
09181121,2010,2,NA,0,TRUE
09181121,2011,2,0,0,TRUE
09181121,2012,2,0,0,TRUE
09181121,2013,3,0,0,TRUE
09181121,2014,3,0,99.79,TRUE
09181122,2010,2,NA,0,TRUE
09181122,2011,2,0,0,TRUE
09181122,2012,2,0,0,TRUE
09181122,2013,3,0,0,TRUE
09181122,2014,3,0,100,TRUE
09181123,2010,2,NA,0,TRUE
09181123,2011,2,0,0,TRUE
09181123,2012,2,0,0,TRUE
09181123,2013,3,0,0,TRUE
09181123,2014,3,0,100,TRUE
09181124,2010,2,NA,0,TRUE
09181124,2011,2,0,0,TRUE
09181124,2012,2,0,0,TRUE
09181124,2013,3,0,0,TRUE
09181124,2014,3,0,100,TRUE
09181126,2010,2,NA,0,TRUE
09181126,2011,2,0,0,TRUE
09181126,2012,2,0,0,TRUE
09181126,2013,3,0,0,TRUE
09181126,2014,3,0,100,TRUE
09181127,2010,2,NA,0,TRUE
09181127,2011,2,0,0,TRUE
09181127,2012,2,0,0,TRUE
09181127,2013,3,0,0,TRUE
09181127,2014,3,0,100,TRUE
09181128,2010,2,NA,0,TRUE
09181128,2011,2,0,0,TRUE
09181128,2012,2,0,0,TRUE
09181128,2013,3,0,0,TRUE
09181128,2014,3,0,100,TRUE
09181129,2010,2,NA,0,TRUE
09181129,2011,2,0,0,TRUE
09181129,2012,2,0,0,TRUE
09181129,2013,3,0,0,TRUE
09181129,2014,3,0,100,TRUE
09181130,2010,2,NA,0,TRUE
09181130,2011,2,0,0,TRUE
09181130,2012,2,0,0,TRUE
09181130,2013,3,0,0,TRUE
09181130,2014,3,0,100,TRUE
09181131,2010,2,NA,0,TRUE
09181131,2011,2,0,0,TRUE
09181131,2012,2,0,0,TRUE
09181131,2013,3,0,0,TRUE
09181131,2014,3,0,99.83,TRUE
09181132,2010,2,NA,0,TRUE
09181132,2011,2,0,0,TRUE
09181132,2012,2,0,0,TRUE
09181132,2013,3,0,0,TRUE
09181132,2014,3,0,100,TRUE
09181133,2010,2,NA,0,TRUE
09181133,2011,2,0,0,TRUE
09181133,2012,2,0,0,TRUE
09181133,2013,3,0,0,TRUE
09181133,2014,3,0,100,TRUE
09181134,2010,2,NA,0,TRUE
09181134,2011,2,0,0,TRUE
09181134,2012,2,0,0,TRUE
09181134,2013,3,0,0,TRUE
09181134,2014,3,0,100,TRUE
09181135,2010,2,NA,0,TRUE
09181135,2011,2,0,0,TRUE
09181135,2012,2,0,0,TRUE
09181135,2013,3,0,0,TRUE
09181135,2014,3,0,100,TRUE
09181137,2010,2,NA,0,TRUE
09181137,2011,2,0,0,TRUE
09181137,2012,2,0,0,TRUE
09181137,2013,3,0,0,TRUE
09181137,2014,3,0,100,TRUE
09181138,2010,2,NA,0,TRUE
09181138,2011,2,0,0,TRUE
09181138,2012,2,0,0,TRUE
09181138,2013,3,0,0,TRUE
09181138,2014,3,0,100,TRUE
09181139,2010,2,NA,0,TRUE
09181139,2011,2,0,0,TRUE
09181139,2012,2,0,0,TRUE
09181139,2013,3,0,0,TRUE
09181139,2014,3,0,100,TRUE
09181140,2010,2,NA,0,TRUE
09181140,2011,2,0,0,TRUE
09181140,2012,2,0,0,TRUE
09181140,2013,3,0,0,TRUE
09181140,2014,3,0,100,TRUE
09181141,2010,2,NA,0,TRUE
09181141,2011,2,0,0,TRUE
09181141,2012,2,0,0,TRUE
09181141,2013,3,0,0,TRUE
09181141,2014,3,0,100,TRUE
09181142,2010,2,NA,0,TRUE
09181142,2011,2,0,0,TRUE
09181142,2012,2,0,0,TRUE
09181142,2013,3,0,0,TRUE
09181142,2014,3,0,100,TRUE
09181143,2010,2,NA,0,TRUE
09181143,2011,2,0,0,TRUE
09181143,2012,2,0,0,TRUE
09181143,2013,3,0,0,TRUE
09181143,2014,3,0,100,TRUE
09181144,2010,2,NA,0,TRUE
09181144,2011,2,0,0,TRUE
09181144,2012,2,0,0,TRUE
09181144,2013,3,0,0,TRUE
09181144,2014,3,0,99.95,TRUE
09181145,2010,2,NA,0,TRUE
09181145,2011,2,0,0,TRUE
09181145,2012,2,0,0,TRUE
09181145,2013,3,0,0,TRUE
09181145,2014,3,0,100,TRUE
09181146,2010,2,NA,0,TRUE
09181146,2011,2,0,0,TRUE
09181146,2012,2,0,0,TRUE
09181146,2013,3,0,0,TRUE
09181146,2014,3,0,100,TRUE
09181444,2010,2,NA,0,TRUE
09181444,2011,2,0,0,TRUE
09181444,2012,2,0,0,TRUE
09181444,2013,3,0,0,TRUE
09181444,2014,3,0,0,TRUE
09181444,2015,3,0,100,FALSE
09181451,2021,38,100,NA,FALSE
09182111,2010,2,NA,0,TRUE
09182111,2011,2,0,0,TRUE
09182111,2012,2,0,0,TRUE
09182111,2013,3,0,0,TRUE
09182111,2014,3,0,99.96,TRUE
09182112,2010,2,NA,0,TRUE
09182112,2011,2,0,0,TRUE
09182112,2012,2,0,0,TRUE
09182112,2013,3,0,0,TRUE
09182112,2014,3,0,96.3,TRUE
09182114,2010,2,NA,0,TRUE
09182114,2011,2,0,0,TRUE
09182114,2012,2,0,0,TRUE
09182114,2013,3,0,0,TRUE
09182114,2014,3,0,99.96,TRUE
09182116,2010,2,NA,0,TRUE
09182116,2011,2,0,0,TRUE
09182116,2012,2,0,0,TRUE
09182116,2013,3,0,0,TRUE
09182116,2014,3,0,100,TRUE
09182119,2010,2,NA,0,TRUE
09182119,2011,2,0,0,TRUE
09182119,2012,2,0,0,TRUE
09182119,2013,3,0,0,TRUE
09182119,2014,3,0,100,TRUE
09182120,2010,2,NA,0,TRUE
09182120,2011,2,0,0,TRUE
09182120,2012,2,0,0,TRUE
09182120,2013,3,0,0,TRUE
09182120,2014,3,0,100,TRUE
09182123,2010,2,NA,0,TRUE
09182123,2011,2,0,0,TRUE
09182123,2012,2,0,0,TRUE
09182123,2013,3,0,0,TRUE
09182123,2014,3,0,99.59,TRUE
09182124,2010,2,NA,0,TRUE
09182124,2011,2,0,0,TRUE
09182124,2012,2,0,0,TRUE
09182124,2013,3,0,0,TRUE
09182124,2014,3,0,99.74,TRUE
09182125,2010,2,NA,0,TRUE
09182125,2011,2,0,0,TRUE
09182125,2012,2,0,0,TRUE
09182125,2013,3,0,0,TRUE
09182125,2014,3,0,99.96,TRUE
09182127,2010,2,NA,0,TRUE
09182127,2011,2,0,0,TRUE
09182127,2012,2,0,0,TRUE
09182127,2013,3,0,0,TRUE
09182127,2014,3,0,100,TRUE
09182129,2010,2,NA,0,TRUE
09182129,2011,2,0,0,TRUE
09182129,2012,2,0,0,TRUE
09182129,2013,3,0,0,TRUE
09182129,2014,3,0,99.22,TRUE
09182131,2010,2,NA,0,TRUE
09182131,2011,2,0,0,TRUE
09182131,2012,2,0,0,TRUE
09182131,2013,3,0,0,TRUE
09182131,2014,3,0,99.45,TRUE
09182132,2010,2,NA,0,TRUE
09182132,2011,2,0,0,TRUE
09182132,2012,2,0,0,TRUE
09182132,2013,3,0,0,TRUE
09182132,2014,3,0,100,TRUE
09182133,2010,2,NA,0,TRUE
09182133,2011,2,0,0,TRUE
09182133,2012,2,0,0,TRUE
09182133,2013,3,0,0,TRUE
09182133,2014,3,0,99.76,TRUE
09182134,2010,2,NA,0,TRUE
09182134,2011,2,0,0,TRUE
09182134,2012,2,0,0,TRUE
09182134,2013,3,0,0,TRUE
09182134,2014,3,0,100,TRUE
09182136,2010,2,NA,0,TRUE
09182136,2011,2,0,0,TRUE
09182136,2012,2,0,0,TRUE
09182136,2013,3,0,0,TRUE
09182136,2014,3,0,99.73,TRUE
09182137,2010,2,NA,0,TRUE
09182137,2011,2,0,0,TRUE
09182137,2012,2,0,0,TRUE
09182137,2013,3,0,0,TRUE
09182137,2014,3,0,99.56,TRUE
09183112,2010,2,NA,0,TRUE
09183112,2011,2,0,0,TRUE
09183112,2012,2,0,0,TRUE
09183112,2013,3,0,0,TRUE
09183112,2014,3,0,99.54,TRUE
09183113,2010,2,NA,0,TRUE
09183113,2011,2,0,0,TRUE
09183113,2012,2,0,0,TRUE
09183113,2013,3,0,0,TRUE
09183113,2014,3,0,99.92,TRUE
09183114,2010,2,NA,0,TRUE
09183114,2011,2,0,0,TRUE
09183114,2012,2,0,0,TRUE
09183114,2013,3,0,0,TRUE
09183114,2014,3,0,98.49,TRUE
09183115,2010,2,NA,0,TRUE
09183115,2011,2,0,0,TRUE
09183115,2012,2,0,0,TRUE
09183115,2013,3,0,0,TRUE
09183115,2014,3,0,97.98,TRUE
09183116,2010,2,NA,0,TRUE
09183116,2011,2,0,0,TRUE
09183116,2012,2,0,0,TRUE
09183116,2013,3,0,0,TRUE
09183116,2014,3,0,98.99,TRUE
09183118,2010,2,NA,0,TRUE
09183118,2011,2,0,0,TRUE
09183118,2012,2,0,0,TRUE
09183118,2013,3,0,0,TRUE
09183118,2014,3,0,99.74,TRUE
09183119,2010,2,NA,0,TRUE
09183119,2011,2,0,0,TRUE
09183119,2012,2,0,0,TRUE
09183119,2013,3,0,0,TRUE
09183119,2014,3,0,100,TRUE
09183120,2010,2,NA,0,TRUE
09183120,2011,2,0,0,TRUE
09183120,2012,2,0,0,TRUE
09183120,2013,3,0,0,TRUE
09183120,2014,3,0,99.89,TRUE
09183122,2010,2,NA,0,TRUE
09183122,2011,2,0,0,TRUE
09183122,2012,2,0,0,TRUE
09183122,2013,3,0,0,TRUE
09183122,2014,3,0,100,TRUE
09183123,2010,2,NA,0,TRUE
09183123,2011,2,0,0,TRUE
09183123,2012,2,0,0,TRUE
09183123,2013,3,0,0,TRUE
09183123,2014,3,0,100,TRUE
09183124,2010,2,NA,0,TRUE
09183124,2011,2,0,0,TRUE
09183124,2012,2,0,0,TRUE
09183124,2013,3,0,0,TRUE
09183124,2014,3,0,97.62,TRUE
09183125,2010,2,NA,0,TRUE
09183125,2011,2,0,0,TRUE
09183125,2012,2,0,0,TRUE
09183125,2013,3,0,0,TRUE
09183125,2014,3,0,100,TRUE
09183126,2010,2,NA,0,TRUE
09183126,2011,2,0,0,TRUE
09183126,2012,2,0,0,TRUE
09183126,2013,3,0,0,TRUE
09183126,2014,3,0,100,TRUE
09183127,2010,2,NA,0,TRUE
09183127,2011,2,0,0,TRUE
09183127,2012,2,0,0,TRUE
09183127,2013,3,0,0,TRUE
09183127,2014,3,0,100,TRUE
09183128,2010,2,NA,0,TRUE
09183128,2011,2,0,0,TRUE
09183128,2012,2,0,0,TRUE
09183128,2013,3,0,0,TRUE
09183128,2014,3,0,100,TRUE
09183129,2010,2,NA,0,TRUE
09183129,2011,2,0,0,TRUE
09183129,2012,2,0,0,TRUE
09183129,2013,3,0,0,TRUE
09183129,2014,3,0,98.17,TRUE
09183130,2010,2,NA,0,TRUE
09183130,2011,2,0,0,TRUE
09183130,2012,2,0,0,TRUE
09183130,2013,3,0,0,TRUE
09183130,2014,3,0,87.6,TRUE
09183131,2010,2,NA,0,TRUE
09183131,2011,2,0,0,TRUE
09183131,2012,2,0,0,TRUE
09183131,2013,3,0,0,TRUE
09183131,2014,3,0,92.81,TRUE
09183132,2010,2,NA,0,TRUE
09183132,2011,2,0,0,TRUE
09183132,2012,2,0,0,TRUE
09183132,2013,3,0,0,TRUE
09183132,2014,3,0,97.66,TRUE
09183134,2010,2,NA,0,TRUE
09183134,2011,2,0,0,TRUE
09183134,2012,2,0,0,TRUE
09183134,2013,3,0,0,TRUE
09183134,2014,3,0,99.39,TRUE
09183135,2010,2,NA,0,TRUE
09183135,2011,2,0,0,TRUE
09183135,2012,2,0,0,TRUE
09183135,2013,3,0,0,TRUE
09183135,2014,3,0,99.39,TRUE
09183136,2010,2,NA,0,TRUE
09183136,2011,2,0,0,TRUE
09183136,2012,2,0,0,TRUE
09183136,2013,3,0,0,TRUE
09183136,2014,3,0,97.31,TRUE
09183138,2010,2,NA,0,TRUE
09183138,2011,2,0,0,TRUE
09183138,2012,2,0,0,TRUE
09183138,2013,3,0,0,TRUE
09183138,2014,3,0,99.49,TRUE
09183139,2010,2,NA,0,TRUE
09183139,2011,2,0,0,TRUE
09183139,2012,2,0,0,TRUE
09183139,2013,3,0,0,TRUE
09183139,2014,3,0,100,TRUE
09183140,2010,2,NA,0,TRUE
09183140,2011,2,0,0,TRUE
09183140,2012,2,0,0,TRUE
09183140,2013,3,0,0,TRUE
09183140,2014,3,0,99.83,TRUE
09183143,2010,2,NA,0,TRUE
09183143,2011,2,0,0,TRUE
09183143,2012,2,0,0,TRUE
09183143,2013,3,0,0,TRUE
09183143,2014,3,0,90.06,TRUE
09183144,2010,2,NA,0,TRUE
09183144,2011,2,0,0,TRUE
09183144,2012,2,0,0,TRUE
09183144,2013,3,0,0,TRUE
09183144,2014,3,0,100,TRUE
09183145,2010,2,NA,0,TRUE
09183145,2011,2,0,0,TRUE
09183145,2012,2,0,0,TRUE
09183145,2013,3,0,0,TRUE
09183145,2014,3,0,98.54,TRUE
09183147,2010,2,NA,0,TRUE
09183147,2011,2,0,0,TRUE
09183147,2012,2,0,0,TRUE
09183147,2013,3,0,0,TRUE
09183147,2014,3,0,96.41,TRUE
09183148,2010,2,NA,0,TRUE
09183148,2011,2,0,0,TRUE
09183148,2012,2,0,0,TRUE
09183148,2013,3,0,0,TRUE
09183148,2014,3,0,99.77,TRUE
09183151,2010,2,NA,0,TRUE
09183151,2011,2,0,0,TRUE
09183151,2012,2,0,0,TRUE
09183151,2013,3,0,0,TRUE
09183151,2014,3,0,100,TRUE
09183444,2010,2,NA,0,TRUE
09183444,2011,2,0,0,TRUE
09183444,2012,2,0,0,TRUE
09183444,2013,3,0,0,TRUE
09183444,2014,3,0,0,TRUE
09183444,2015,3,0,0,FALSE
09183444,2016,3,0,0,FALSE
09183444,2017,3,0,100,FALSE
09183451,2021,38,100,NA,FALSE
09184112,2010,2,NA,0,TRUE
09184112,2011,2,0,0,TRUE
09184112,2012,2,0,0,TRUE
09184112,2013,3,0,0,TRUE
09184112,2014,3,0,100,TRUE
09184113,2010,2,NA,0,TRUE
09184113,2011,2,0,0,TRUE
09184113,2012,2,0,0,TRUE
09184113,2013,3,0,0,TRUE
09184113,2014,3,0,100,TRUE
09184114,2010,2,NA,0,TRUE
09184114,2011,2,0,0,TRUE
09184114,2012,2,0,0,TRUE
09184114,2013,3,0,0,TRUE
09184114,2014,3,0,100,TRUE
09184118,2010,2,NA,0,TRUE
09184118,2011,2,0,0,TRUE
09184118,2012,2,0,0,TRUE
09184118,2013,3,0,0,TRUE
09184118,2014,3,0,100,TRUE
09184119,2010,2,NA,0,TRUE
09184119,2011,2,0,0,TRUE
09184119,2012,2,0,0,TRUE
09184119,2013,3,0,0,TRUE
09184119,2014,3,0,100,TRUE
09184120,2010,2,NA,0,TRUE
09184120,2011,2,0,0,TRUE
09184120,2012,2,0,0,TRUE
09184120,2013,3,0,0,TRUE
09184120,2014,3,0,100,TRUE
09184121,2010,2,NA,0,TRUE
09184121,2011,2,0,0,TRUE
09184121,2012,2,0,0,TRUE
09184121,2013,3,0,0,TRUE
09184121,2014,3,0,100,TRUE
09184122,2010,2,NA,0,TRUE
09184122,2011,2,0,0,TRUE
09184122,2012,2,0,0,TRUE
09184122,2013,3,0,0,TRUE
09184122,2014,3,0,100,TRUE
09184123,2010,2,NA,0,TRUE
09184123,2011,2,0,0,TRUE
09184123,2012,2,0,0,TRUE
09184123,2013,3,0,0,TRUE
09184123,2014,3,0,100,TRUE
09184127,2010,2,NA,0,TRUE
09184127,2011,2,0,0,TRUE
09184127,2012,2,0,0,TRUE
09184127,2013,3,0,0,TRUE
09184127,2014,3,0,100,TRUE
09184129,2010,2,NA,0,TRUE
09184129,2011,2,0,0,TRUE
09184129,2012,2,0,0,TRUE
09184129,2013,3,0,0,TRUE
09184129,2014,3,0,100,TRUE
09184130,2010,2,NA,0,TRUE
09184130,2011,2,0,0,TRUE
09184130,2012,2,0,0,TRUE
09184130,2013,3,0,0,TRUE
09184130,2014,3,0,100,TRUE
09184131,2010,2,NA,0,TRUE
09184131,2011,2,0,0,TRUE
09184131,2012,2,0,0,TRUE
09184131,2013,3,0,0,TRUE
09184131,2014,3,0,100,TRUE
09184132,2010,2,NA,0,TRUE
09184132,2011,2,0,0,TRUE
09184132,2012,2,0,0,TRUE
09184132,2013,3,0,0,TRUE
09184132,2014,3,0,100,TRUE
09184134,2010,2,NA,0,TRUE
09184134,2011,2,0,0,TRUE
09184134,2012,2,0,0,TRUE
09184134,2013,3,0,0,TRUE
09184134,2014,3,0,100,TRUE
09184135,2010,2,NA,0,TRUE
09184135,2011,2,0,0,TRUE
09184135,2012,2,0,0,TRUE
09184135,2013,3,0,0,TRUE
09184135,2014,3,0,100,TRUE
09184136,2010,2,NA,0,TRUE
09184136,2011,2,0,0,TRUE
09184136,2012,2,0,0,TRUE
09184136,2013,3,0,0,TRUE
09184136,2014,3,0,100,TRUE
09184137,2010,2,NA,0,TRUE
09184137,2011,2,0,0,TRUE
09184137,2012,2,0,0,TRUE
09184137,2013,3,0,0,TRUE
09184137,2014,3,0,100,TRUE
09184138,2010,2,NA,0,TRUE
09184138,2011,2,0,0,TRUE
09184138,2012,2,0,0,TRUE
09184138,2013,3,0,0,TRUE
09184138,2014,3,0,100,TRUE
09184139,2010,2,NA,0,TRUE
09184139,2011,2,0,0,TRUE
09184139,2012,2,0,0,TRUE
09184139,2013,3,0,0,TRUE
09184139,2014,3,0,100,TRUE
09184140,2010,2,NA,0,TRUE
09184140,2011,2,0,0,TRUE
09184140,2012,2,0,0,TRUE
09184140,2013,3,0,0,TRUE
09184140,2014,3,0,100,TRUE
09184141,2010,2,NA,0,TRUE
09184141,2011,2,0,0,TRUE
09184141,2012,2,0,0,TRUE
09184141,2013,3,0,0,TRUE
09184141,2014,3,0,99.93,TRUE
09184142,2010,2,NA,0,TRUE
09184142,2011,2,0,0,TRUE
09184142,2012,2,0,0,TRUE
09184142,2013,3,0,0,TRUE
09184142,2014,3,0,100,TRUE
09184144,2010,2,NA,0,TRUE
09184144,2011,2,0,0,TRUE
09184144,2012,2,0,0,TRUE
09184144,2013,3,0,0,TRUE
09184144,2014,3,0,100,TRUE
09184145,2010,2,NA,0,TRUE
09184145,2011,2,0,0,TRUE
09184145,2012,2,0,0,TRUE
09184145,2013,3,0,0,TRUE
09184145,2014,3,0,100,TRUE
09184146,2010,2,NA,0,TRUE
09184146,2011,2,0,0,TRUE
09184146,2012,2,0,0,TRUE
09184146,2013,3,0,0,TRUE
09184146,2014,3,0,100,TRUE
09184147,2010,2,NA,0,TRUE
09184147,2011,2,0,0,TRUE
09184147,2012,2,0,0,TRUE
09184147,2013,3,0,0,TRUE
09184147,2014,3,0,100,TRUE
09184148,2010,2,NA,0,TRUE
09184148,2011,2,0,0,TRUE
09184148,2012,2,0,0,TRUE
09184148,2013,3,0,0,TRUE
09184148,2014,3,0,100,TRUE
09184149,2010,2,NA,0,TRUE
09184149,2011,2,0,0,TRUE
09184149,2012,2,0,0,TRUE
09184149,2013,3,0,0,TRUE
09184149,2014,3,0,100,TRUE
09184444,2010,2,NA,0,TRUE
09184444,2011,2,0,0,TRUE
09184444,2012,2,0,0,TRUE
09184444,2013,3,0,0,TRUE
09184444,2014,3,0,0,TRUE
09184444,2015,3,0,100,FALSE
09184452,2021,38,100,NA,FALSE
09184454,2021,38,100,NA,FALSE
09184457,2021,38,100,NA,FALSE
09185113,2010,2,NA,0,TRUE
09185113,2011,2,0,0,TRUE
09185113,2012,2,0,0,TRUE
09185113,2013,3,0,0,TRUE
09185113,2014,3,0,97.37,TRUE
09185116,2010,2,NA,0,TRUE
09185116,2011,2,0,0,TRUE
09185116,2012,2,0,0,TRUE
09185116,2013,3,0,0,TRUE
09185116,2014,3,0,99.12,TRUE
09185118,2010,2,NA,0,TRUE
09185118,2011,2,0,0,TRUE
09185118,2012,2,0,0,TRUE
09185118,2013,3,0,0,TRUE
09185118,2014,3,0,100,TRUE
09185123,2010,2,NA,0,TRUE
09185123,2011,2,0,0,TRUE
09185123,2012,2,0,0,TRUE
09185123,2013,3,0,0,TRUE
09185123,2014,3,0,99.83,TRUE
09185125,2010,2,NA,0,TRUE
09185125,2011,2,0,0,TRUE
09185125,2012,2,0,0,TRUE
09185125,2013,3,0,0,TRUE
09185125,2014,3,0,99.95,TRUE
09185127,2010,2,NA,0,TRUE
09185127,2011,2,0,0,TRUE
09185127,2012,2,0,0,TRUE
09185127,2013,3,0,0,TRUE
09185127,2014,3,0,99.86,TRUE
09185131,2010,2,NA,0,TRUE
09185131,2011,2,0,0,TRUE
09185131,2012,2,0,0,TRUE
09185131,2013,3,0,0,TRUE
09185131,2014,3,0,96.45,TRUE
09185139,2010,2,NA,0,TRUE
09185139,2011,2,0,0,TRUE
09185139,2012,2,0,0,TRUE
09185139,2013,3,0,0,TRUE
09185139,2014,3,0,99.86,TRUE
09185140,2010,2,NA,0,TRUE
09185140,2011,2,0,0,TRUE
09185140,2012,2,0,0,TRUE
09185140,2013,3,0,0,TRUE
09185140,2014,3,0,100,TRUE
09185143,2010,2,NA,0,TRUE
09185143,2011,2,0,0,TRUE
09185143,2012,2,0,0,TRUE
09185143,2013,3,0,0,TRUE
09185143,2014,3,0,100,TRUE
09185149,2010,2,NA,0,TRUE
09185149,2011,2,0,0,TRUE
09185149,2012,2,0,0,TRUE
09185149,2013,3,0,0,TRUE
09185149,2014,3,0,99.19,TRUE
09185150,2010,2,NA,0,TRUE
09185150,2011,2,0,0,TRUE
09185150,2012,2,0,0,TRUE
09185150,2013,3,0,0,TRUE
09185150,2014,3,0,100,TRUE
09185153,2010,2,NA,0,TRUE
09185153,2011,2,0,0,TRUE
09185153,2012,2,0,0,TRUE
09185153,2013,3,0,0,TRUE
09185153,2014,3,0,97.8,TRUE
09185157,2010,2,NA,0,TRUE
09185157,2011,2,0,0,TRUE
09185157,2012,2,0,0,TRUE
09185157,2013,3,0,0,TRUE
09185157,2014,3,0,100,TRUE
09185158,2010,2,NA,0,TRUE
09185158,2011,2,0,0,TRUE
09185158,2012,2,0,0,TRUE
09185158,2013,3,0,0,TRUE
09185158,2014,3,0,100,TRUE
09185163,2010,2,NA,0,TRUE
09185163,2011,2,0,0,TRUE
09185163,2012,2,0,0,TRUE
09185163,2013,3,0,0,TRUE
09185163,2014,3,0,99.81,TRUE
09185166,2010,2,NA,0,TRUE
09185166,2011,2,0,0,TRUE
09185166,2012,2,0,0,TRUE
09185166,2013,3,0,0,TRUE
09185166,2014,3,0,96.42,TRUE
09185168,2010,2,NA,0,TRUE
09185168,2011,2,0,0,TRUE
09185168,2012,2,0,0,TRUE
09185168,2013,3,0,0,TRUE
09185168,2014,3,0,100,TRUE
09186113,2010,2,NA,0,TRUE
09186113,2011,2,0,0,TRUE
09186113,2012,2,0,0,TRUE
09186113,2013,3,0,0,TRUE
09186113,2014,3,0,100,TRUE
09186116,2010,2,NA,0,TRUE
09186116,2011,2,0,0,TRUE
09186116,2012,2,0,0,TRUE
09186116,2013,3,0,0,TRUE
09186116,2014,3,0,100,TRUE
09186122,2010,2,NA,0,TRUE
09186122,2011,2,0,0,TRUE
09186122,2012,2,0,0,TRUE
09186122,2013,3,0,0,TRUE
09186122,2014,3,0,99.98,TRUE
09186125,2010,2,NA,0,TRUE
09186125,2011,2,0,0,TRUE
09186125,2012,2,0,0,TRUE
09186125,2013,3,0,0,TRUE
09186125,2014,3,0,98.3,TRUE
09186126,2010,2,NA,0,TRUE
09186126,2011,2,0,0,TRUE
09186126,2012,2,0,0,TRUE
09186126,2013,3,0,0,TRUE
09186126,2014,3,0,99.4,TRUE
09186128,2010,2,NA,0,TRUE
09186128,2011,2,0,0,TRUE
09186128,2012,2,0,0,TRUE
09186128,2013,3,0,0,TRUE
09186128,2014,3,0,99.42,TRUE
09186130,2010,2,NA,0,TRUE
09186130,2011,2,0,0,TRUE
09186130,2012,2,0,0,TRUE
09186130,2013,3,0,0,TRUE
09186130,2014,3,0,100,TRUE
09186132,2010,2,NA,0,TRUE
09186132,2011,2,0,0,TRUE
09186132,2012,2,0,0,TRUE
09186132,2013,3,0,0,TRUE
09186132,2014,3,0,99.84,TRUE
09186137,2010,2,NA,0,TRUE
09186137,2011,2,0,0,TRUE
09186137,2012,2,0,0,TRUE
09186137,2013,3,0,0,TRUE
09186137,2014,3,0,100,TRUE
09186139,2010,2,NA,0,TRUE
09186139,2011,2,0,0,TRUE
09186139,2012,2,0,0,TRUE
09186139,2013,3,0,0,TRUE
09186139,2014,3,0,100,TRUE
09186143,2010,2,NA,0,TRUE
09186143,2011,2,0,0,TRUE
09186143,2012,2,0,0,TRUE
09186143,2013,3,0,0,TRUE
09186143,2014,3,0,99.78,TRUE
09186144,2010,2,NA,0,TRUE
09186144,2011,2,0,0,TRUE
09186144,2012,2,0,0,TRUE
09186144,2013,3,0,0,TRUE
09186144,2014,3,0,100,TRUE
09186146,2010,2,NA,0,TRUE
09186146,2011,2,0,0,TRUE
09186146,2012,2,0,0,TRUE
09186146,2013,3,0,0,TRUE
09186146,2014,3,0,99.9,TRUE
09186147,2010,2,NA,0,TRUE
09186147,2011,2,0,0,TRUE
09186147,2012,2,0,0,TRUE
09186147,2013,3,0,0,TRUE
09186147,2014,3,0,100,TRUE
09186149,2010,2,NA,0,TRUE
09186149,2011,2,0,0,TRUE
09186149,2012,2,0,0,TRUE
09186149,2013,3,0,0,TRUE
09186149,2014,3,0,100,TRUE
09186151,2010,2,NA,0,TRUE
09186151,2011,2,0,0,TRUE
09186151,2012,2,0,0,TRUE
09186151,2013,3,0,0,TRUE
09186151,2014,3,0,99.79,TRUE
09186152,2010,2,NA,0,TRUE
09186152,2011,2,0,0,TRUE
09186152,2012,2,0,0,TRUE
09186152,2013,3,0,0,TRUE
09186152,2014,3,0,100,TRUE
09186158,2010,2,NA,0,TRUE
09186158,2011,2,0,0,TRUE
09186158,2012,2,0,0,TRUE
09186158,2013,3,0,0,TRUE
09186158,2014,3,0,99.83,TRUE
09186162,2010,2,NA,0,TRUE
09186162,2011,2,0,0,TRUE
09186162,2012,2,0,0,TRUE
09186162,2013,3,0,0,TRUE
09186162,2014,3,0,99.98,TRUE
09187113,2010,2,NA,0,TRUE
09187113,2011,2,0,0,TRUE
09187113,2012,2,0,0,TRUE
09187113,2013,3,0,0,TRUE
09187113,2014,3,0,100,TRUE
09187114,2010,2,NA,0,TRUE
09187114,2011,2,0,0,TRUE
09187114,2012,2,0,0,TRUE
09187114,2013,3,0,0,TRUE
09187114,2014,3,0,97.73,TRUE
09187116,2010,2,NA,0,TRUE
09187116,2011,2,0,0,TRUE
09187116,2012,2,0,0,TRUE
09187116,2013,3,0,0,TRUE
09187116,2014,3,0,98.39,TRUE
09187117,2010,2,NA,0,TRUE
09187117,2011,2,0,0,TRUE
09187117,2012,2,0,0,TRUE
09187117,2013,3,0,0,TRUE
09187117,2014,3,0,100,TRUE
09187118,2010,2,NA,0,TRUE
09187118,2011,2,0,0,TRUE
09187118,2012,2,0,0,TRUE
09187118,2013,3,0,0,TRUE
09187118,2014,3,0,99.97,TRUE
09187120,2010,2,NA,0,TRUE
09187120,2011,2,0,0,TRUE
09187120,2012,2,0,0,TRUE
09187120,2013,3,0,0,TRUE
09187120,2014,3,0,100,TRUE
09187121,2010,2,NA,0,TRUE
09187121,2011,2,0,0,TRUE
09187121,2012,2,0,0,TRUE
09187121,2013,3,0,0,TRUE
09187121,2014,3,0,100,TRUE
09187122,2010,2,NA,0,TRUE
09187122,2011,2,0,0,TRUE
09187122,2012,2,0,0,TRUE
09187122,2013,3,0,0,TRUE
09187122,2014,3,0,100,TRUE
09187123,2010,2,NA,0,TRUE
09187123,2011,2,0,0,TRUE
09187123,2012,2,0,0,TRUE
09187123,2013,3,0,0,TRUE
09187123,2014,3,0,100,TRUE
09187124,2010,2,NA,0,TRUE
09187124,2011,2,0,0,TRUE
09187124,2012,2,0,0,TRUE
09187124,2013,3,0,0,TRUE
09187124,2014,3,0,100,TRUE
09187125,2010,2,NA,0,TRUE
09187125,2011,2,0,0,TRUE
09187125,2012,2,0,0,TRUE
09187125,2013,3,0,0,TRUE
09187125,2014,3,0,99.92,TRUE
09187126,2010,2,NA,0,TRUE
09187126,2011,2,0,0,TRUE
09187126,2012,2,0,0,TRUE
09187126,2013,3,0,0,TRUE
09187126,2014,3,0,99.82,TRUE
09187128,2010,2,NA,0,TRUE
09187128,2011,2,0,0,TRUE
09187128,2012,2,0,0,TRUE
09187128,2013,3,0,0,TRUE
09187128,2014,3,0,99.55,TRUE
09187129,2010,2,NA,0,TRUE
09187129,2011,2,0,0,TRUE
09187129,2012,2,0,0,TRUE
09187129,2013,3,0,0,TRUE
09187129,2014,3,0,100,TRUE
09187130,2010,2,NA,0,TRUE
09187130,2011,2,0,0,TRUE
09187130,2012,2,0,0,TRUE
09187130,2013,3,0,0,TRUE
09187130,2014,3,0,99.98,TRUE
09187131,2010,2,NA,0,TRUE
09187131,2011,2,0,0,TRUE
09187131,2012,2,0,0,TRUE
09187131,2013,3,0,0,TRUE
09187131,2014,3,0,99.84,TRUE
09187132,2010,2,NA,0,TRUE
09187132,2011,2,0,0,TRUE
09187132,2012,2,0,0,TRUE
09187132,2013,3,0,0,TRUE
09187132,2014,3,0,99.83,TRUE
09187134,2010,2,NA,0,TRUE
09187134,2011,2,0,0,TRUE
09187134,2012,2,0,0,TRUE
09187134,2013,3,0,0,TRUE
09187134,2014,3,0,99.9,TRUE
09187137,2010,2,NA,0,TRUE
09187137,2011,2,0,0,TRUE
09187137,2012,2,0,0,TRUE
09187137,2013,3,0,0,TRUE
09187137,2014,3,0,99.97,TRUE
09187138,2010,2,NA,0,TRUE
09187138,2011,2,0,0,TRUE
09187138,2012,2,0,0,TRUE
09187138,2013,3,0,0,TRUE
09187138,2014,3,0,100,TRUE
09187139,2010,2,NA,0,TRUE
09187139,2011,2,0,0,TRUE
09187139,2012,2,0,0,TRUE
09187139,2013,3,0,0,TRUE
09187139,2014,3,0,100,TRUE
09187142,2010,2,NA,0,TRUE
09187142,2011,2,0,0,TRUE
09187142,2012,2,0,0,TRUE
09187142,2013,3,0,0,TRUE
09187142,2014,3,0,99.89,TRUE
09187145,2010,2,NA,0,TRUE
09187145,2011,2,0,0,TRUE
09187145,2012,2,0,0,TRUE
09187145,2013,3,0,0,TRUE
09187145,2014,3,0,99.79,TRUE
09187148,2010,2,NA,0,TRUE
09187148,2011,2,0,0,TRUE
09187148,2012,2,0,0,TRUE
09187148,2013,3,0,0,TRUE
09187148,2014,3,0,98.2,TRUE
09187150,2010,2,NA,0,TRUE
09187150,2011,2,0,0,TRUE
09187150,2012,2,0,0,TRUE
09187150,2013,3,0,0,TRUE
09187150,2014,3,0,100,TRUE
09187154,2010,2,NA,0,TRUE
09187154,2011,2,0,0,TRUE
09187154,2012,2,0,0,TRUE
09187154,2013,3,0,0,TRUE
09187154,2014,3,0,100,TRUE
09187156,2010,2,NA,0,TRUE
09187156,2011,2,0,0,TRUE
09187156,2012,2,0,0,TRUE
09187156,2013,3,0,0,TRUE
09187156,2014,3,0,100,TRUE
09187157,2010,2,NA,0,TRUE
09187157,2011,2,0,0,TRUE
09187157,2012,2,0,0,TRUE
09187157,2013,3,0,0,TRUE
09187157,2014,3,0,98.13,TRUE
09187159,2010,2,NA,0,TRUE
09187159,2011,2,0,0,TRUE
09187159,2012,2,0,0,TRUE
09187159,2013,3,0,0,TRUE
09187159,2014,3,0,100,TRUE
09187162,2010,2,NA,0,TRUE
09187162,2011,2,0,0,TRUE
09187162,2012,2,0,0,TRUE
09187162,2013,3,0,0,TRUE
09187162,2014,3,0,99.96,TRUE
09187163,2010,2,NA,0,TRUE
09187163,2011,2,0,0,TRUE
09187163,2012,2,0,0,TRUE
09187163,2013,3,0,0,TRUE
09187163,2014,3,0,99.7,TRUE
09187164,2010,2,NA,0,TRUE
09187164,2011,2,0,0,TRUE
09187164,2012,2,0,0,TRUE
09187164,2013,3,0,0,TRUE
09187164,2014,3,0,100,TRUE
09187165,2010,2,NA,0,TRUE
09187165,2011,2,0,0,TRUE
09187165,2012,2,0,0,TRUE
09187165,2013,3,0,0,TRUE
09187165,2014,3,0,100,TRUE
09187167,2010,2,NA,0,TRUE
09187167,2011,2,0,0,TRUE
09187167,2012,2,0,0,TRUE
09187167,2013,3,0,0,TRUE
09187167,2014,3,0,99.19,TRUE
09187168,2010,2,NA,0,TRUE
09187168,2011,2,0,0,TRUE
09187168,2012,2,0,0,TRUE
09187168,2013,3,0,0,TRUE
09187168,2014,3,0,99.61,TRUE
09187169,2010,2,NA,0,TRUE
09187169,2011,2,0,0,TRUE
09187169,2012,2,0,0,TRUE
09187169,2013,3,0,0,TRUE
09187169,2014,3,0,100,TRUE
09187170,2010,2,NA,0,TRUE
09187170,2011,2,0,0,TRUE
09187170,2012,2,0,0,TRUE
09187170,2013,3,0,0,TRUE
09187170,2014,3,0,100,TRUE
09187172,2010,2,NA,0,TRUE
09187172,2011,2,0,0,TRUE
09187172,2012,2,0,0,TRUE
09187172,2013,3,0,0,TRUE
09187172,2014,3,0,99.71,TRUE
09187173,2010,2,NA,0,TRUE
09187173,2011,2,0,0,TRUE
09187173,2012,2,0,0,TRUE
09187173,2013,3,0,0,TRUE
09187173,2014,3,0,100,TRUE
09187174,2010,2,NA,0,TRUE
09187174,2011,2,0,0,TRUE
09187174,2012,2,0,0,TRUE
09187174,2013,3,0,0,TRUE
09187174,2014,3,0,99.52,TRUE
09187176,2010,2,NA,0,TRUE
09187176,2011,2,0,0,TRUE
09187176,2012,2,0,0,TRUE
09187176,2013,3,0,0,TRUE
09187176,2014,3,0,96.69,TRUE
09187177,2010,2,NA,0,TRUE
09187177,2011,2,0,0,TRUE
09187177,2012,2,0,0,TRUE
09187177,2013,3,0,0,TRUE
09187177,2014,3,0,100,TRUE
09187179,2010,2,NA,0,TRUE
09187179,2011,2,0,0,TRUE
09187179,2012,2,0,0,TRUE
09187179,2013,3,0,0,TRUE
09187179,2014,3,0,99.92,TRUE
09187181,2010,2,NA,0,TRUE
09187181,2011,2,0,0,TRUE
09187181,2012,2,0,0,TRUE
09187181,2013,3,0,0,TRUE
09187181,2014,3,0,99.84,TRUE
09187182,2010,2,NA,0,TRUE
09187182,2011,2,0,0,TRUE
09187182,2012,2,0,0,TRUE
09187182,2013,3,0,0,TRUE
09187182,2014,3,0,99.98,TRUE
09187186,2010,2,NA,0,TRUE
09187186,2011,2,0,0,TRUE
09187186,2012,2,0,0,TRUE
09187186,2013,3,0,0,TRUE
09187186,2014,3,0,99.83,TRUE
09187444,2010,2,NA,0,TRUE
09187444,2011,2,0,0,TRUE
09187444,2012,2,0,0,TRUE
09187444,2013,3,0,0,TRUE
09187444,2014,3,0,0,TRUE
09187444,2015,3,0,100,FALSE
09187451,2020,38,100,0,FALSE
09187451,2021,38,0,NA,FALSE
09187452,2018,74,NA,0,FALSE
09187452,2019,74,0,0,FALSE
09187452,2020,38,0,0,FALSE
09187452,2021,38,0,NA,FALSE
09188113,2010,2,NA,0,TRUE
09188113,2011,2,0,0,TRUE
09188113,2012,2,0,0,TRUE
09188113,2013,3,0,0,TRUE
09188113,2014,3,0,100,TRUE
09188117,2010,2,NA,0,TRUE
09188117,2011,2,0,0,TRUE
09188117,2012,2,0,0,TRUE
09188117,2013,3,0,0,TRUE
09188117,2014,3,0,100,TRUE
09188118,2010,2,NA,0,TRUE
09188118,2011,2,0,0,TRUE
09188118,2012,2,0,0,TRUE
09188118,2013,3,0,0,TRUE
09188118,2014,3,0,100,TRUE
09188120,2010,2,NA,0,TRUE
09188120,2011,2,0,0,TRUE
09188120,2012,2,0,0,TRUE
09188120,2013,3,0,0,TRUE
09188120,2014,3,0,100,TRUE
09188121,2010,2,NA,0,TRUE
09188121,2011,2,0,0,TRUE
09188121,2012,2,0,0,TRUE
09188121,2013,3,0,0,TRUE
09188121,2014,3,0,100,TRUE
09188124,2010,2,NA,0,TRUE
09188124,2011,2,0,0,TRUE
09188124,2012,2,0,0,TRUE
09188124,2013,3,0,0,TRUE
09188124,2014,3,0,100,TRUE
09188126,2010,2,NA,0,TRUE
09188126,2011,2,0,0,TRUE
09188126,2012,2,0,0,TRUE
09188126,2013,3,0,0,TRUE
09188126,2014,3,0,100,TRUE
09188127,2010,2,NA,0,TRUE
09188127,2011,2,0,0,TRUE
09188127,2012,2,0,0,TRUE
09188127,2013,3,0,0,TRUE
09188127,2014,3,0,100,TRUE
09188132,2010,2,NA,0,TRUE
09188132,2011,2,0,0,TRUE
09188132,2012,2,0,0,TRUE
09188132,2013,3,0,0,TRUE
09188132,2014,3,0,100,TRUE
09188137,2010,2,NA,0,TRUE
09188137,2011,2,0,0,TRUE
09188137,2012,2,0,0,TRUE
09188137,2013,3,0,0,TRUE
09188137,2014,3,0,100,TRUE
09188139,2010,2,NA,0,TRUE
09188139,2011,2,0,0,TRUE
09188139,2012,2,0,0,TRUE
09188139,2013,3,0,0,TRUE
09188139,2014,3,0,99.92,TRUE
09188141,2010,2,NA,0,TRUE
09188141,2011,2,0,0,TRUE
09188141,2012,2,0,0,TRUE
09188141,2013,3,0,0,TRUE
09188141,2014,3,0,100,TRUE
09188144,2010,2,NA,0,TRUE
09188144,2011,2,0,0,TRUE
09188144,2012,2,0,0,TRUE
09188144,2013,3,0,0,TRUE
09188144,2014,3,0,99.96,TRUE
09188145,2010,2,NA,0,TRUE
09188145,2011,2,0,0,TRUE
09188145,2012,2,0,0,TRUE
09188145,2013,3,0,0,TRUE
09188145,2014,3,0,100,TRUE
09188444,2010,2,NA,0,TRUE
09188444,2011,2,0,0,TRUE
09188444,2012,2,0,0,TRUE
09188444,2013,3,0,0,TRUE
09188444,2014,3,0,0,TRUE
09188444,2015,3,0,100,FALSE
09188451,2021,38,100,NA,FALSE
09189111,2010,2,NA,0,TRUE
09189111,2011,2,0,0,TRUE
09189111,2012,2,0,0,TRUE
09189111,2013,3,0,0,TRUE
09189111,2014,3,0,99.62,TRUE
09189113,2010,2,NA,0,TRUE
09189113,2011,2,0,0,TRUE
09189113,2012,2,0,0,TRUE
09189113,2013,3,0,0,TRUE
09189113,2014,3,0,99.95,TRUE
09189114,2010,2,NA,0,TRUE
09189114,2011,2,0,0,TRUE
09189114,2012,2,0,0,TRUE
09189114,2013,3,0,0,TRUE
09189114,2014,3,0,100,TRUE
09189115,2010,2,NA,0,TRUE
09189115,2011,2,0,0,TRUE
09189115,2012,2,0,0,TRUE
09189115,2013,3,0,0,TRUE
09189115,2014,3,0,99.62,TRUE
09189118,2010,2,NA,0,TRUE
09189118,2011,2,0,0,TRUE
09189118,2012,2,0,0,TRUE
09189118,2013,3,0,0,TRUE
09189118,2014,3,0,100,TRUE
09189119,2010,2,NA,0,TRUE
09189119,2011,2,0,0,TRUE
09189119,2012,2,0,0,TRUE
09189119,2013,3,0,0,TRUE
09189119,2014,3,0,100,TRUE
09189120,2010,2,NA,0,TRUE
09189120,2011,2,0,0,TRUE
09189120,2012,2,0,0,TRUE
09189120,2013,3,0,0,TRUE
09189120,2014,3,0,99.96,TRUE
09189124,2010,2,NA,0,TRUE
09189124,2011,2,0,0,TRUE
09189124,2012,2,0,0,TRUE
09189124,2013,3,0,0,TRUE
09189124,2014,3,0,100,TRUE
09189126,2010,2,NA,0,TRUE
09189126,2011,2,0,0,TRUE
09189126,2012,2,0,0,TRUE
09189126,2013,3,0,0,TRUE
09189126,2014,3,0,100,TRUE
09189127,2010,2,NA,0,TRUE
09189127,2011,2,0,0,TRUE
09189127,2012,2,0,0,TRUE
09189127,2013,3,0,0,TRUE
09189127,2014,3,0,100,TRUE
09189129,2010,2,NA,0,TRUE
09189129,2011,2,0,0,TRUE
09189129,2012,2,0,0,TRUE
09189129,2013,3,0,0,TRUE
09189129,2014,3,0,100,TRUE
09189130,2010,2,NA,0,TRUE
09189130,2011,2,0,0,TRUE
09189130,2012,2,0,0,TRUE
09189130,2013,3,0,0,TRUE
09189130,2014,3,0,100,TRUE
09189133,2010,2,NA,0,TRUE
09189133,2011,2,0,0,TRUE
09189133,2012,2,0,0,TRUE
09189133,2013,3,0,0,TRUE
09189133,2014,3,0,99.7,TRUE
09189134,2010,2,NA,0,TRUE
09189134,2011,2,0,0,TRUE
09189134,2012,2,0,0,TRUE
09189134,2013,3,0,0,TRUE
09189134,2014,3,0,100,TRUE
09189135,2010,2,NA,0,TRUE
09189135,2011,2,0,0,TRUE
09189135,2012,2,0,0,TRUE
09189135,2013,3,0,0,TRUE
09189135,2014,3,0,100,TRUE
09189137,2010,2,NA,0,TRUE
09189137,2011,2,0,0,TRUE
09189137,2012,2,0,0,TRUE
09189137,2013,3,0,0,TRUE
09189137,2014,3,0,100,TRUE
09189139,2010,2,NA,0,TRUE
09189139,2011,2,0,0,TRUE
09189139,2012,2,0,0,TRUE
09189139,2013,3,0,0,TRUE
09189139,2014,3,0,96.19,TRUE
09189140,2010,2,NA,0,TRUE
09189140,2011,2,0,0,TRUE
09189140,2012,2,0,0,TRUE
09189140,2013,3,0,0,TRUE
09189140,2014,3,0,98.9,TRUE
09189141,2010,2,NA,0,TRUE
09189141,2011,2,0,0,TRUE
09189141,2012,2,0,0,TRUE
09189141,2013,3,0,0,TRUE
09189141,2014,3,0,98.98,TRUE
09189142,2010,2,NA,0,TRUE
09189142,2011,2,0,0,TRUE
09189142,2012,2,0,0,TRUE
09189142,2013,3,0,0,TRUE
09189142,2014,3,0,100,TRUE
09189143,2010,2,NA,0,TRUE
09189143,2011,2,0,0,TRUE
09189143,2012,2,0,0,TRUE
09189143,2013,3,0,0,TRUE
09189143,2014,3,0,99.18,TRUE
09189145,2010,2,NA,0,TRUE
09189145,2011,2,0,0,TRUE
09189145,2012,2,0,0,TRUE
09189145,2013,3,0,0,TRUE
09189145,2014,3,0,100,TRUE
09189146,2010,2,NA,0,TRUE
09189146,2011,2,0,0,TRUE
09189146,2012,2,0,0,TRUE
09189146,2013,3,0,0,TRUE
09189146,2014,3,0,100,TRUE
09189148,2010,2,NA,0,TRUE
09189148,2011,2,0,0,TRUE
09189148,2012,2,0,0,TRUE
09189148,2013,3,0,0,TRUE
09189148,2014,3,0,100,TRUE
09189149,2010,2,NA,0,TRUE
09189149,2011,2,0,0,TRUE
09189149,2012,2,0,0,TRUE
09189149,2013,3,0,0,TRUE
09189149,2014,3,0,99.92,TRUE
09189150,2010,2,NA,0,TRUE
09189150,2011,2,0,0,TRUE
09189150,2012,2,0,0,TRUE
09189150,2013,3,0,0,TRUE
09189150,2014,3,0,100,TRUE
09189152,2010,2,NA,0,TRUE
09189152,2011,2,0,0,TRUE
09189152,2012,2,0,0,TRUE
09189152,2013,3,0,0,TRUE
09189152,2014,3,0,100,TRUE
09189154,2010,2,NA,0,TRUE
09189154,2011,2,0,0,TRUE
09189154,2012,2,0,0,TRUE
09189154,2013,3,0,0,TRUE
09189154,2014,3,0,100,TRUE
09189155,2010,2,NA,0,TRUE
09189155,2011,2,0,0,TRUE
09189155,2012,2,0,0,TRUE
09189155,2013,3,0,0,TRUE
09189155,2014,3,0,100,TRUE
09189157,2010,2,NA,0,TRUE
09189157,2011,2,0,0,TRUE
09189157,2012,2,0,0,TRUE
09189157,2013,3,0,0,TRUE
09189157,2014,3,0,100,TRUE
09189159,2010,2,NA,0,TRUE
09189159,2011,2,0,0,TRUE
09189159,2012,2,0,0,TRUE
09189159,2013,3,0,0,TRUE
09189159,2014,3,0,100,TRUE
09189160,2010,2,NA,0,TRUE
09189160,2011,2,0,0,TRUE
09189160,2012,2,0,0,TRUE
09189160,2013,3,0,0,TRUE
09189160,2014,3,0,99.42,TRUE
09189161,2010,2,NA,0,TRUE
09189161,2011,2,0,0,TRUE
09189161,2012,2,0,0,TRUE
09189161,2013,3,0,0,TRUE
09189161,2014,3,0,100,TRUE
09189162,2010,2,NA,0,TRUE
09189162,2011,2,0,0,TRUE
09189162,2012,2,0,0,TRUE
09189162,2013,3,0,0,TRUE
09189162,2014,3,0,100,TRUE
09189165,2010,2,NA,0,TRUE
09189165,2011,2,0,0,TRUE
09189165,2012,2,0,0,TRUE
09189165,2013,3,0,0,TRUE
09189165,2014,3,0,100,TRUE
09189444,2010,2,NA,0,TRUE
09189444,2011,2,0,0,TRUE
09189444,2012,2,0,0,TRUE
09189444,2013,3,0,0,TRUE
09189444,2014,3,0,0,TRUE
09189444,2015,3,0,100,FALSE
09189451,2021,38,100,NA,FALSE
09189452,2018,74,NA,0,FALSE
09189452,2019,74,0,0,FALSE
09189452,2020,38,0,0,FALSE
09189452,2021,38,0,NA,FALSE
09190111,2010,2,NA,0,TRUE
09190111,2011,2,0,0,TRUE
09190111,2012,2,0,0,TRUE
09190111,2013,3,0,0,TRUE
09190111,2014,3,0,100,TRUE
09190113,2010,2,NA,0,TRUE
09190113,2011,2,0,0,TRUE
09190113,2012,2,0,0,TRUE
09190113,2013,3,0,0,TRUE
09190113,2014,3,0,100,TRUE
09190114,2010,2,NA,0,TRUE
09190114,2011,2,0,0,TRUE
09190114,2012,2,0,0,TRUE
09190114,2013,3,0,0,TRUE
09190114,2014,3,0,98.89,TRUE
09190115,2010,2,NA,0,TRUE
09190115,2011,2,0,0,TRUE
09190115,2012,2,0,0,TRUE
09190115,2013,3,0,0,TRUE
09190115,2014,3,0,100,TRUE
09190117,2010,2,NA,0,TRUE
09190117,2011,2,0,0,TRUE
09190117,2012,2,0,0,TRUE
09190117,2013,3,0,0,TRUE
09190117,2014,3,0,97.86,TRUE
09190118,2010,2,NA,0,TRUE
09190118,2011,2,0,0,TRUE
09190118,2012,2,0,0,TRUE
09190118,2013,3,0,0,TRUE
09190118,2014,3,0,99.86,TRUE
09190120,2010,2,NA,0,TRUE
09190120,2011,2,0,0,TRUE
09190120,2012,2,0,0,TRUE
09190120,2013,3,0,0,TRUE
09190120,2014,3,0,96.89,TRUE
09190121,2010,2,NA,0,TRUE
09190121,2011,2,0,0,TRUE
09190121,2012,2,0,0,TRUE
09190121,2013,3,0,0,TRUE
09190121,2014,3,0,99.5,TRUE
09190126,2010,2,NA,0,TRUE
09190126,2011,2,0,0,TRUE
09190126,2012,2,0,0,TRUE
09190126,2013,3,0,0,TRUE
09190126,2014,3,0,100,TRUE
09190129,2010,2,NA,0,TRUE
09190129,2011,2,0,0,TRUE
09190129,2012,2,0,0,TRUE
09190129,2013,3,0,0,TRUE
09190129,2014,3,0,99.03,TRUE
09190130,2010,2,NA,0,TRUE
09190130,2011,2,0,0,TRUE
09190130,2012,2,0,0,TRUE
09190130,2013,3,0,0,TRUE
09190130,2014,3,0,99.88,TRUE
09190131,2010,2,NA,0,TRUE
09190131,2011,2,0,0,TRUE
09190131,2012,2,0,0,TRUE
09190131,2013,3,0,0,TRUE
09190131,2014,3,0,99.91,TRUE
09190132,2010,2,NA,0,TRUE
09190132,2011,2,0,0,TRUE
09190132,2012,2,0,0,TRUE
09190132,2013,3,0,0,TRUE
09190132,2014,3,0,100,TRUE
09190133,2010,2,NA,0,TRUE
09190133,2011,2,0,0,TRUE
09190133,2012,2,0,0,TRUE
09190133,2013,3,0,0,TRUE
09190133,2014,3,0,100,TRUE
09190135,2010,2,NA,0,TRUE
09190135,2011,2,0,0,TRUE
09190135,2012,2,0,0,TRUE
09190135,2013,3,0,0,TRUE
09190135,2014,3,0,99.55,TRUE
09190136,2010,2,NA,0,TRUE
09190136,2011,2,0,0,TRUE
09190136,2012,2,0,0,TRUE
09190136,2013,3,0,0,TRUE
09190136,2014,3,0,99.83,TRUE
09190138,2010,2,NA,0,TRUE
09190138,2011,2,0,0,TRUE
09190138,2012,2,0,0,TRUE
09190138,2013,3,0,0,TRUE
09190138,2014,3,0,99.9,TRUE
09190139,2010,2,NA,0,TRUE
09190139,2011,2,0,0,TRUE
09190139,2012,2,0,0,TRUE
09190139,2013,3,0,0,TRUE
09190139,2014,3,0,99.83,TRUE
09190140,2010,2,NA,0,TRUE
09190140,2011,2,0,0,TRUE
09190140,2012,2,0,0,TRUE
09190140,2013,3,0,0,TRUE
09190140,2014,3,0,99.19,TRUE
09190141,2010,2,NA,0,TRUE
09190141,2011,2,0,0,TRUE
09190141,2012,2,0,0,TRUE
09190141,2013,3,0,0,TRUE
09190141,2014,3,0,100,TRUE
09190142,2010,2,NA,0,TRUE
09190142,2011,2,0,0,TRUE
09190142,2012,2,0,0,TRUE
09190142,2013,3,0,0,TRUE
09190142,2014,3,0,100,TRUE
09190143,2010,2,NA,0,TRUE
09190143,2011,2,0,0,TRUE
09190143,2012,2,0,0,TRUE
09190143,2013,3,0,0,TRUE
09190143,2014,3,0,99.73,TRUE
09190144,2010,2,NA,0,TRUE
09190144,2011,2,0,0,TRUE
09190144,2012,2,0,0,TRUE
09190144,2013,3,0,0,TRUE
09190144,2014,3,0,99.56,TRUE
09190145,2010,2,NA,0,TRUE
09190145,2011,2,0,0,TRUE
09190145,2012,2,0,0,TRUE
09190145,2013,3,0,0,TRUE
09190145,2014,3,0,99.86,TRUE
09190148,2010,2,NA,0,TRUE
09190148,2011,2,0,0,TRUE
09190148,2012,2,0,0,TRUE
09190148,2013,3,0,0,TRUE
09190148,2014,3,0,99.93,TRUE
09190149,2010,2,NA,0,TRUE
09190149,2011,2,0,0,TRUE
09190149,2012,2,0,0,TRUE
09190149,2013,3,0,0,TRUE
09190149,2014,3,0,99.75,TRUE
09190151,2010,2,NA,0,TRUE
09190151,2011,2,0,0,TRUE
09190151,2012,2,0,0,TRUE
09190151,2013,3,0,0,TRUE
09190151,2014,3,0,100,TRUE
09190152,2010,2,NA,0,TRUE
09190152,2011,2,0,0,TRUE
09190152,2012,2,0,0,TRUE
09190152,2013,3,0,0,TRUE
09190152,2014,3,0,98.32,TRUE
09190153,2010,2,NA,0,TRUE
09190153,2011,2,0,0,TRUE
09190153,2012,2,0,0,TRUE
09190153,2013,3,0,0,TRUE
09190153,2014,3,0,100,TRUE
09190154,2010,2,NA,0,TRUE
09190154,2011,2,0,0,TRUE
09190154,2012,2,0,0,TRUE
09190154,2013,3,0,0,TRUE
09190154,2014,3,0,99.4,TRUE
09190157,2010,2,NA,0,TRUE
09190157,2011,2,0,0,TRUE
09190157,2012,2,0,0,TRUE
09190157,2013,3,0,0,TRUE
09190157,2014,3,0,99.98,TRUE
09190158,2010,2,NA,0,TRUE
09190158,2011,2,0,0,TRUE
09190158,2012,2,0,0,TRUE
09190158,2013,3,0,0,TRUE
09190158,2014,3,0,94.89,TRUE
09190159,2010,2,NA,0,TRUE
09190159,2011,2,0,0,TRUE
09190159,2012,2,0,0,TRUE
09190159,2013,3,0,0,TRUE
09190159,2014,3,0,99.92,TRUE
09190160,2010,2,NA,0,TRUE
09190160,2011,2,0,0,TRUE
09190160,2012,2,0,0,TRUE
09190160,2013,3,0,0,TRUE
09190160,2014,3,0,99.39,TRUE
09261000,2010,2,NA,0,TRUE
09261000,2011,2,0,0,TRUE
09261000,2012,2,0,0,TRUE
09261000,2013,3,0,0,TRUE
09261000,2014,3,0,99.93,TRUE
09262000,2010,2,NA,0,TRUE
09262000,2011,2,0,0,TRUE
09262000,2012,2,0,0,TRUE
09262000,2013,3,0,0,TRUE
09262000,2014,3,0,99.96,TRUE
09263000,2010,2,NA,0,TRUE
09263000,2011,2,0,0,TRUE
09263000,2012,2,0,0,TRUE
09263000,2013,3,0,0,TRUE
09263000,2014,3,0,100,TRUE
09271111,2010,2,NA,0,TRUE
09271111,2011,2,0,0,TRUE
09271111,2012,2,0,0,TRUE
09271111,2013,3,0,0,TRUE
09271111,2014,3,0,100,TRUE
09271113,2010,2,NA,0,TRUE
09271113,2011,2,0,0,TRUE
09271113,2012,2,0,0,TRUE
09271113,2013,3,0,0,TRUE
09271113,2014,3,0,99.53,TRUE
09271114,2010,2,NA,0,TRUE
09271114,2011,2,0,0,TRUE
09271114,2012,2,0,0,TRUE
09271114,2013,3,0,0,TRUE
09271114,2014,3,0,99.47,TRUE
09271116,2010,2,NA,0,TRUE
09271116,2011,2,0,0,TRUE
09271116,2012,2,0,0,TRUE
09271116,2013,3,0,0,TRUE
09271116,2014,3,0,99.27,TRUE
09271118,2010,2,NA,0,TRUE
09271118,2011,2,0,0,TRUE
09271118,2012,2,0,0,TRUE
09271118,2013,3,0,0,TRUE
09271118,2014,3,0,100,TRUE
09271119,2010,2,NA,0,TRUE
09271119,2011,2,0,0,TRUE
09271119,2012,2,0,0,TRUE
09271119,2013,3,0,0,TRUE
09271119,2014,3,0,99.84,TRUE
09271122,2010,2,NA,0,TRUE
09271122,2011,2,0,0,TRUE
09271122,2012,2,0,0,TRUE
09271122,2013,3,0,0,TRUE
09271122,2014,3,0,97.04,TRUE
09271123,2010,2,NA,0,TRUE
09271123,2011,2,0,0,TRUE
09271123,2012,2,0,0,TRUE
09271123,2013,3,0,0,TRUE
09271123,2014,3,0,91.17,TRUE
09271125,2010,2,NA,0,TRUE
09271125,2011,2,0,0,TRUE
09271125,2012,2,0,0,TRUE
09271125,2013,3,0,0,TRUE
09271125,2014,3,0,99.91,TRUE
09271126,2010,2,NA,0,TRUE
09271126,2011,2,0,0,TRUE
09271126,2012,2,0,0,TRUE
09271126,2013,3,0,0,TRUE
09271126,2014,3,0,95.21,TRUE
09271127,2010,2,NA,0,TRUE
09271127,2011,2,0,0,TRUE
09271127,2012,2,0,0,TRUE
09271127,2013,3,0,0,TRUE
09271127,2014,3,0,98.68,TRUE
09271128,2010,2,NA,0,TRUE
09271128,2011,2,0,0,TRUE
09271128,2012,2,0,0,TRUE
09271128,2013,3,0,0,TRUE
09271128,2014,3,0,99.32,TRUE
09271130,2010,2,NA,0,TRUE
09271130,2011,2,0,0,TRUE
09271130,2012,2,0,0,TRUE
09271130,2013,3,0,0,TRUE
09271130,2014,3,0,100,TRUE
09271132,2010,2,NA,0,TRUE
09271132,2011,2,0,0,TRUE
09271132,2012,2,0,0,TRUE
09271132,2013,3,0,0,TRUE
09271132,2014,3,0,99.95,TRUE
09271135,2010,2,NA,0,TRUE
09271135,2011,2,0,0,TRUE
09271135,2012,2,0,0,TRUE
09271135,2013,3,0,0,TRUE
09271135,2014,3,0,100,TRUE
09271138,2010,2,NA,0,TRUE
09271138,2011,2,0,0,TRUE
09271138,2012,2,0,0,TRUE
09271138,2013,3,0,0,TRUE
09271138,2014,3,0,100,TRUE
09271139,2010,2,NA,0,TRUE
09271139,2011,2,0,0,TRUE
09271139,2012,2,0,0,TRUE
09271139,2013,3,0,0,TRUE
09271139,2014,3,0,99.8,TRUE
09271140,2010,2,NA,0,TRUE
09271140,2011,2,0,0,TRUE
09271140,2012,2,0,0,TRUE
09271140,2013,3,0,0,TRUE
09271140,2014,3,0,99.78,TRUE
09271141,2010,2,NA,0,TRUE
09271141,2011,2,0,0,TRUE
09271141,2012,2,0,0,TRUE
09271141,2013,3,0,0,TRUE
09271141,2014,3,0,99.65,TRUE
09271143,2010,2,NA,0,TRUE
09271143,2011,2,0,0,TRUE
09271143,2012,2,0,0,TRUE
09271143,2013,3,0,0,TRUE
09271143,2014,3,0,100,TRUE
09271146,2010,2,NA,0,TRUE
09271146,2011,2,0,0,TRUE
09271146,2012,2,0,0,TRUE
09271146,2013,3,0,0,TRUE
09271146,2014,3,0,100,TRUE
09271148,2010,2,NA,0,TRUE
09271148,2011,2,0,0,TRUE
09271148,2012,2,0,0,TRUE
09271148,2013,3,0,0,TRUE
09271148,2014,3,0,99.37,TRUE
09271149,2010,2,NA,0,TRUE
09271149,2011,2,0,0,TRUE
09271149,2012,2,0,0,TRUE
09271149,2013,3,0,0,TRUE
09271149,2014,3,0,99.41,TRUE
09271151,2010,2,NA,0,TRUE
09271151,2011,2,0,0,TRUE
09271151,2012,2,0,0,TRUE
09271151,2013,3,0,0,TRUE
09271151,2014,3,0,100,TRUE
09271152,2010,2,NA,0,TRUE
09271152,2011,2,0,0,TRUE
09271152,2012,2,0,0,TRUE
09271152,2013,3,0,0,TRUE
09271152,2014,3,0,100,TRUE
09271153,2010,2,NA,0,TRUE
09271153,2011,2,0,0,TRUE
09271153,2012,2,0,0,TRUE
09271153,2013,3,0,0,TRUE
09271153,2014,3,0,99.51,TRUE
09272116,2010,2,NA,0,TRUE
09272116,2011,2,0,0,TRUE
09272116,2012,2,0,0,TRUE
09272116,2013,3,0,0,TRUE
09272116,2014,3,0,99.76,TRUE
09272118,2010,2,NA,0,TRUE
09272118,2011,2,0,0,TRUE
09272118,2012,2,0,0,TRUE
09272118,2013,3,0,0,TRUE
09272118,2014,3,0,99.94,TRUE
09272119,2010,2,NA,0,TRUE
09272119,2011,2,0,0,TRUE
09272119,2012,2,0,0,TRUE
09272119,2013,3,0,0,TRUE
09272119,2014,3,0,99.5,TRUE
09272120,2010,2,NA,0,TRUE
09272120,2011,2,0,0,TRUE
09272120,2012,2,0,0,TRUE
09272120,2013,3,0,0,TRUE
09272120,2014,3,0,99.85,TRUE
09272121,2010,2,NA,0,TRUE
09272121,2011,2,0,0,TRUE
09272121,2012,2,0,0,TRUE
09272121,2013,3,0,0,TRUE
09272121,2014,3,0,99.69,TRUE
09272122,2010,2,NA,0,TRUE
09272122,2011,2,0,0,TRUE
09272122,2012,2,0,0,TRUE
09272122,2013,3,0,0,TRUE
09272122,2014,3,0,94.81,TRUE
09272126,2010,2,NA,0,TRUE
09272126,2011,2,0,0,TRUE
09272126,2012,2,0,0,TRUE
09272126,2013,3,0,0,TRUE
09272126,2014,3,0,99.62,TRUE
09272127,2010,2,NA,0,TRUE
09272127,2011,2,0,0,TRUE
09272127,2012,2,0,0,TRUE
09272127,2013,3,0,0,TRUE
09272127,2014,3,0,99.33,TRUE
09272128,2010,2,NA,0,TRUE
09272128,2011,2,0,0,TRUE
09272128,2012,2,0,0,TRUE
09272128,2013,3,0,0,TRUE
09272128,2014,3,0,100,TRUE
09272129,2010,2,NA,0,TRUE
09272129,2011,2,0,0,TRUE
09272129,2012,2,0,0,TRUE
09272129,2013,3,0,0,TRUE
09272129,2014,3,0,96.53,TRUE
09272134,2010,2,NA,0,TRUE
09272134,2011,2,0,0,TRUE
09272134,2012,2,0,0,TRUE
09272134,2013,3,0,0,TRUE
09272134,2014,3,0,98.33,TRUE
09272136,2010,2,NA,0,TRUE
09272136,2011,2,0,0,TRUE
09272136,2012,2,0,0,TRUE
09272136,2013,3,0,0,TRUE
09272136,2014,3,0,93.43,TRUE
09272138,2010,2,NA,0,TRUE
09272138,2011,2,0,0,TRUE
09272138,2012,2,0,0,TRUE
09272138,2013,3,0,0,TRUE
09272138,2014,3,0,99.25,TRUE
09272139,2010,2,NA,0,TRUE
09272139,2011,2,0,0,TRUE
09272139,2012,2,0,0,TRUE
09272139,2013,3,0,0,TRUE
09272139,2014,3,0,89.88,TRUE
09272140,2010,2,NA,0,TRUE
09272140,2011,2,0,0,TRUE
09272140,2012,2,0,0,TRUE
09272140,2013,3,0,0,TRUE
09272140,2014,3,0,99.63,TRUE
09272141,2010,2,NA,0,TRUE
09272141,2011,2,0,0,TRUE
09272141,2012,2,0,0,TRUE
09272141,2013,3,0,0,TRUE
09272141,2014,3,0,99.58,TRUE
09272142,2010,2,NA,0,TRUE
09272142,2011,2,0,0,TRUE
09272142,2012,2,0,0,TRUE
09272142,2013,3,0,0,TRUE
09272142,2014,3,0,99.17,TRUE
09272143,2010,2,NA,0,TRUE
09272143,2011,2,0,0,TRUE
09272143,2012,2,0,0,TRUE
09272143,2013,3,0,0,TRUE
09272143,2014,3,0,99.85,TRUE
09272145,2010,2,NA,0,TRUE
09272145,2011,2,0,0,TRUE
09272145,2012,2,0,0,TRUE
09272145,2013,3,0,0,TRUE
09272145,2014,3,0,99.83,TRUE
09272146,2010,2,NA,0,TRUE
09272146,2011,2,0,0,TRUE
09272146,2012,2,0,0,TRUE
09272146,2013,3,0,0,TRUE
09272146,2014,3,0,99.58,TRUE
09272147,2010,2,NA,0,TRUE
09272147,2011,2,0,0,TRUE
09272147,2012,2,0,0,TRUE
09272147,2013,3,0,0,TRUE
09272147,2014,3,0,99.3,TRUE
09272149,2010,2,NA,0,TRUE
09272149,2011,2,0,0,TRUE
09272149,2012,2,0,0,TRUE
09272149,2013,3,0,0,TRUE
09272149,2014,3,0,98.12,TRUE
09272150,2010,2,NA,0,TRUE
09272150,2011,2,0,0,TRUE
09272150,2012,2,0,0,TRUE
09272150,2013,3,0,0,TRUE
09272150,2014,3,0,99.52,TRUE
09272151,2010,2,NA,0,TRUE
09272151,2011,2,0,0,TRUE
09272151,2012,2,0,0,TRUE
09272151,2013,3,0,0,TRUE
09272151,2014,3,0,99.44,TRUE
09272152,2010,2,NA,0,TRUE
09272152,2011,2,0,0,TRUE
09272152,2012,2,0,0,TRUE
09272152,2013,3,0,0,TRUE
09272152,2014,3,0,99.2,TRUE
09272444,2010,2,NA,0,TRUE
09272444,2011,2,0,0,TRUE
09272444,2012,2,0,0,TRUE
09272444,2013,3,0,0,TRUE
09272444,2014,3,0,0,TRUE
09272444,2015,3,0,86.49,FALSE
09272451,2021,38,100,NA,FALSE
09272452,2021,38,100,NA,FALSE
09272453,2018,74,NA,0,FALSE
09272453,2019,74,0,0,FALSE
09272453,2020,38,0,0,FALSE
09272453,2021,38,0,NA,FALSE
09272455,2020,38,100,0,FALSE
09272455,2021,38,0,NA,FALSE
09272456,2021,38,100,NA,FALSE
09272457,2021,38,100,NA,FALSE
09272458,2021,38,66.66,NA,FALSE
09272459,2021,38,100,NA,FALSE
09272460,2021,38,100,NA,FALSE
09272461,2021,38,100,NA,FALSE
09272463,2020,38,100,0,FALSE
09272463,2021,38,0,NA,FALSE
09273111,2010,2,NA,0,TRUE
09273111,2011,2,0,0,TRUE
09273111,2012,2,0,0,TRUE
09273111,2013,3,0,0,TRUE
09273111,2014,3,0,99.95,TRUE
09273113,2010,2,NA,0,TRUE
09273113,2011,2,0,0,TRUE
09273113,2012,2,0,0,TRUE
09273113,2013,3,0,0,TRUE
09273113,2014,3,0,97.6,TRUE
09273115,2010,2,NA,0,TRUE
09273115,2011,2,0,0,TRUE
09273115,2012,2,0,0,TRUE
09273115,2013,3,0,0,TRUE
09273115,2014,3,0,92.67,TRUE
09273116,2010,2,NA,0,TRUE
09273116,2011,2,0,0,TRUE
09273116,2012,2,0,0,TRUE
09273116,2013,3,0,0,TRUE
09273116,2014,3,0,99.82,TRUE
09273119,2010,2,NA,0,TRUE
09273119,2011,2,0,0,TRUE
09273119,2012,2,0,0,TRUE
09273119,2013,3,0,0,TRUE
09273119,2014,3,0,100,TRUE
09273121,2010,2,NA,0,TRUE
09273121,2011,2,0,0,TRUE
09273121,2012,2,0,0,TRUE
09273121,2013,3,0,0,TRUE
09273121,2014,3,0,99.53,TRUE
09273125,2010,2,NA,0,TRUE
09273125,2011,2,0,0,TRUE
09273125,2012,2,0,0,TRUE
09273125,2013,3,0,0,TRUE
09273125,2014,3,0,99.88,TRUE
09273127,2010,2,NA,0,TRUE
09273127,2011,2,0,0,TRUE
09273127,2012,2,0,0,TRUE
09273127,2013,3,0,0,TRUE
09273127,2014,3,0,98.77,TRUE
09273133,2010,2,NA,0,TRUE
09273133,2011,2,0,0,TRUE
09273133,2012,2,0,0,TRUE
09273133,2013,3,0,0,TRUE
09273133,2014,3,0,95.96,TRUE
09273137,2010,2,NA,0,TRUE
09273137,2011,2,0,0,TRUE
09273137,2012,2,0,0,TRUE
09273137,2013,3,0,0,TRUE
09273137,2014,3,0,99.82,TRUE
09273139,2010,2,NA,0,TRUE
09273139,2011,2,0,0,TRUE
09273139,2012,2,0,0,TRUE
09273139,2013,3,0,0,TRUE
09273139,2014,3,0,97.67,TRUE
09273141,2010,2,NA,0,TRUE
09273141,2011,2,0,0,TRUE
09273141,2012,2,0,0,TRUE
09273141,2013,3,0,0,TRUE
09273141,2014,3,0,97.54,TRUE
09273147,2010,2,NA,0,TRUE
09273147,2011,2,0,0,TRUE
09273147,2012,2,0,0,TRUE
09273147,2013,3,0,0,TRUE
09273147,2014,3,0,98.99,TRUE
09273152,2010,2,NA,0,TRUE
09273152,2011,2,0,0,TRUE
09273152,2012,2,0,0,TRUE
09273152,2013,3,0,0,TRUE
09273152,2014,3,0,99.6,TRUE
09273159,2010,2,NA,0,TRUE
09273159,2011,2,0,0,TRUE
09273159,2012,2,0,0,TRUE
09273159,2013,3,0,0,TRUE
09273159,2014,3,0,98.87,TRUE
09273163,2010,2,NA,0,TRUE
09273163,2011,2,0,0,TRUE
09273163,2012,2,0,0,TRUE
09273163,2013,3,0,0,TRUE
09273163,2014,3,0,93.67,TRUE
09273164,2010,2,NA,0,TRUE
09273164,2011,2,0,0,TRUE
09273164,2012,2,0,0,TRUE
09273164,2013,3,0,0,TRUE
09273164,2014,3,0,99.49,TRUE
09273165,2010,2,NA,0,TRUE
09273165,2011,2,0,0,TRUE
09273165,2012,2,0,0,TRUE
09273165,2013,3,0,0,TRUE
09273165,2014,3,0,96.71,TRUE
09273166,2010,2,NA,0,TRUE
09273166,2011,2,0,0,TRUE
09273166,2012,2,0,0,TRUE
09273166,2013,3,0,0,TRUE
09273166,2014,3,0,99.06,TRUE
09273172,2010,2,NA,0,TRUE
09273172,2011,2,0,0,TRUE
09273172,2012,2,0,0,TRUE
09273172,2013,3,0,0,TRUE
09273172,2014,3,0,99.86,TRUE
09273175,2010,2,NA,0,TRUE
09273175,2011,2,0,0,TRUE
09273175,2012,2,0,0,TRUE
09273175,2013,3,0,0,TRUE
09273175,2014,3,0,100,TRUE
09273177,2010,2,NA,0,TRUE
09273177,2011,2,0,0,TRUE
09273177,2012,2,0,0,TRUE
09273177,2013,3,0,0,TRUE
09273177,2014,3,0,100,TRUE
09273178,2010,2,NA,0,TRUE
09273178,2011,2,0,0,TRUE
09273178,2012,2,0,0,TRUE
09273178,2013,3,0,0,TRUE
09273178,2014,3,0,99.4,TRUE
09273181,2010,2,NA,0,TRUE
09273181,2011,2,0,0,TRUE
09273181,2012,2,0,0,TRUE
09273181,2013,3,0,0,TRUE
09273181,2014,3,0,98.19,TRUE
09273444,2010,2,NA,0,TRUE
09273444,2011,2,0,0,TRUE
09273444,2012,2,0,0,TRUE
09273444,2013,3,0,0,TRUE
09273444,2014,3,0,0,TRUE
09273444,2015,3,0,66.67,FALSE
09273451,2020,38,100,0,FALSE
09273451,2021,38,0,NA,FALSE
09273452,2019,71,10,0,FALSE
09273452,2020,38,0,0,FALSE
09273452,2021,38,0,NA,FALSE
09273453,2018,74,NA,0,FALSE
09273453,2019,74,0,0,FALSE
09273453,2020,38,0,0,FALSE
09273453,2021,38,0,NA,FALSE
09273454,2021,38,50,NA,FALSE
09274111,2010,2,NA,0,TRUE
09274111,2011,2,0,0,TRUE
09274111,2012,2,0,0,TRUE
09274111,2013,3,0,0,TRUE
09274111,2014,3,0,98.84,TRUE
09274112,2010,2,NA,0,TRUE
09274112,2011,2,0,0,TRUE
09274112,2012,2,0,0,TRUE
09274112,2013,3,0,0,TRUE
09274112,2014,3,0,96.22,TRUE
09274113,2010,2,NA,0,TRUE
09274113,2011,2,0,0,TRUE
09274113,2012,2,0,0,TRUE
09274113,2013,3,0,0,TRUE
09274113,2014,3,0,99.98,TRUE
09274114,2010,2,NA,0,TRUE
09274114,2011,2,0,0,TRUE
09274114,2012,2,0,0,TRUE
09274114,2013,3,0,0,TRUE
09274114,2014,3,0,98.3,TRUE
09274118,2010,2,NA,0,TRUE
09274118,2011,2,0,0,TRUE
09274118,2012,2,0,0,TRUE
09274118,2013,3,0,0,TRUE
09274118,2014,3,0,90.63,TRUE
09274119,2010,2,NA,0,TRUE
09274119,2011,2,0,0,TRUE
09274119,2012,2,0,0,TRUE
09274119,2013,3,0,0,TRUE
09274119,2014,3,0,99.86,TRUE
09274120,2010,2,NA,0,TRUE
09274120,2011,2,0,0,TRUE
09274120,2012,2,0,0,TRUE
09274120,2013,3,0,0,TRUE
09274120,2014,3,0,98.4,TRUE
09274121,2010,2,NA,0,TRUE
09274121,2011,2,0,0,TRUE
09274121,2012,2,0,0,TRUE
09274121,2013,3,0,0,TRUE
09274121,2014,3,0,97.49,TRUE
09274124,2010,2,NA,0,TRUE
09274124,2011,2,0,0,TRUE
09274124,2012,2,0,0,TRUE
09274124,2013,3,0,0,TRUE
09274124,2014,3,0,99.93,TRUE
09274126,2010,2,NA,0,TRUE
09274126,2011,2,0,0,TRUE
09274126,2012,2,0,0,TRUE
09274126,2013,3,0,0,TRUE
09274126,2014,3,0,99.79,TRUE
09274127,2010,2,NA,0,TRUE
09274127,2011,2,0,0,TRUE
09274127,2012,2,0,0,TRUE
09274127,2013,3,0,0,TRUE
09274127,2014,3,0,98.74,TRUE
09274128,2010,2,NA,0,TRUE
09274128,2011,2,0,0,TRUE
09274128,2012,2,0,0,TRUE
09274128,2013,3,0,0,TRUE
09274128,2014,3,0,99.64,TRUE
09274132,2010,2,NA,0,TRUE
09274132,2011,2,0,0,TRUE
09274132,2012,2,0,0,TRUE
09274132,2013,3,0,0,TRUE
09274132,2014,3,0,99.85,TRUE
09274134,2010,2,NA,0,TRUE
09274134,2011,2,0,0,TRUE
09274134,2012,2,0,0,TRUE
09274134,2013,3,0,0,TRUE
09274134,2014,3,0,99.25,TRUE
09274135,2010,2,NA,0,TRUE
09274135,2011,2,0,0,TRUE
09274135,2012,2,0,0,TRUE
09274135,2013,3,0,0,TRUE
09274135,2014,3,0,95.5,TRUE
09274141,2010,2,NA,0,TRUE
09274141,2011,2,0,0,TRUE
09274141,2012,2,0,0,TRUE
09274141,2013,3,0,0,TRUE
09274141,2014,3,0,97.96,TRUE
09274145,2010,2,NA,0,TRUE
09274145,2011,2,0,0,TRUE
09274145,2012,2,0,0,TRUE
09274145,2013,3,0,0,TRUE
09274145,2014,3,0,93.95,TRUE
09274146,2010,2,NA,0,TRUE
09274146,2011,2,0,0,TRUE
09274146,2012,2,0,0,TRUE
09274146,2013,3,0,0,TRUE
09274146,2014,3,0,98.92,TRUE
09274153,2010,2,NA,0,TRUE
09274153,2011,2,0,0,TRUE
09274153,2012,2,0,0,TRUE
09274153,2013,3,0,0,TRUE
09274153,2014,3,0,97.55,TRUE
09274154,2010,2,NA,0,TRUE
09274154,2011,2,0,0,TRUE
09274154,2012,2,0,0,TRUE
09274154,2013,3,0,0,TRUE
09274154,2014,3,0,98.26,TRUE
09274156,2010,2,NA,0,TRUE
09274156,2011,2,0,0,TRUE
09274156,2012,2,0,0,TRUE
09274156,2013,3,0,0,TRUE
09274156,2014,3,0,93.5,TRUE
09274165,2010,2,NA,0,TRUE
09274165,2011,2,0,0,TRUE
09274165,2012,2,0,0,TRUE
09274165,2013,3,0,0,TRUE
09274165,2014,3,0,94.13,TRUE
09274172,2010,2,NA,0,TRUE
09274172,2011,2,0,0,TRUE
09274172,2012,2,0,0,TRUE
09274172,2013,3,0,0,TRUE
09274172,2014,3,0,94.75,TRUE
09274174,2010,2,NA,0,TRUE
09274174,2011,2,0,0,TRUE
09274174,2012,2,0,0,TRUE
09274174,2013,3,0,0,TRUE
09274174,2014,3,0,94.71,TRUE
09274176,2010,2,NA,0,TRUE
09274176,2011,2,0,0,TRUE
09274176,2012,2,0,0,TRUE
09274176,2013,3,0,0,TRUE
09274176,2014,3,0,98.41,TRUE
09274179,2010,2,NA,0,TRUE
09274179,2011,2,0,0,TRUE
09274179,2012,2,0,0,TRUE
09274179,2013,3,0,0,TRUE
09274179,2014,3,0,82.22,TRUE
09274182,2010,2,NA,0,TRUE
09274182,2011,2,0,0,TRUE
09274182,2012,2,0,0,TRUE
09274182,2013,3,0,0,TRUE
09274182,2014,3,0,98.12,TRUE
09274183,2010,2,NA,0,TRUE
09274183,2011,2,0,0,TRUE
09274183,2012,2,0,0,TRUE
09274183,2013,3,0,0,TRUE
09274183,2014,3,0,99.38,TRUE
09274184,2010,2,NA,0,TRUE
09274184,2011,2,0,0,TRUE
09274184,2012,2,0,0,TRUE
09274184,2013,3,0,0,TRUE
09274184,2014,3,0,99.77,TRUE
09274185,2010,2,NA,0,TRUE
09274185,2011,2,0,0,TRUE
09274185,2012,2,0,0,TRUE
09274185,2013,3,0,0,TRUE
09274185,2014,3,0,100,TRUE
09274187,2010,2,NA,0,TRUE
09274187,2011,2,0,0,TRUE
09274187,2012,2,0,0,TRUE
09274187,2013,3,0,0,TRUE
09274187,2014,3,0,99.9,TRUE
09274188,2010,2,NA,0,TRUE
09274188,2011,2,0,0,TRUE
09274188,2012,2,0,0,TRUE
09274188,2013,3,0,0,TRUE
09274188,2014,3,0,98.16,TRUE
09274191,2010,2,NA,0,TRUE
09274191,2011,2,0,0,TRUE
09274191,2012,2,0,0,TRUE
09274191,2013,3,0,0,TRUE
09274191,2014,3,0,100,TRUE
09274193,2010,2,NA,0,TRUE
09274193,2011,2,0,0,TRUE
09274193,2012,2,0,0,TRUE
09274193,2013,3,0,0,TRUE
09274193,2014,3,0,95.68,TRUE
09274194,2010,2,NA,0,TRUE
09274194,2011,2,0,0,TRUE
09274194,2012,2,0,0,TRUE
09274194,2013,3,0,0,TRUE
09274194,2014,3,0,95.7,TRUE
09275111,2010,2,NA,0,TRUE
09275111,2011,2,0,0,TRUE
09275111,2012,2,0,0,TRUE
09275111,2013,3,0,0,TRUE
09275111,2014,3,0,99.79,TRUE
09275112,2010,2,NA,0,TRUE
09275112,2011,2,0,0,TRUE
09275112,2012,2,0,0,TRUE
09275112,2013,3,0,0,TRUE
09275112,2014,3,0,100,TRUE
09275114,2010,2,NA,0,TRUE
09275114,2011,2,0,0,TRUE
09275114,2012,2,0,0,TRUE
09275114,2013,3,0,0,TRUE
09275114,2014,3,0,99.45,TRUE
09275116,2010,2,NA,0,TRUE
09275116,2011,2,0,0,TRUE
09275116,2012,2,0,0,TRUE
09275116,2013,3,0,0,TRUE
09275116,2014,3,0,97.82,TRUE
09275117,2010,2,NA,0,TRUE
09275117,2011,2,0,0,TRUE
09275117,2012,2,0,0,TRUE
09275117,2013,3,0,0,TRUE
09275117,2014,3,0,99.79,TRUE
09275118,2010,2,NA,0,TRUE
09275118,2011,2,0,0,TRUE
09275118,2012,2,0,0,TRUE
09275118,2013,3,0,0,TRUE
09275118,2014,3,0,91.23,TRUE
09275119,2010,2,NA,0,TRUE
09275119,2011,2,0,0,TRUE
09275119,2012,2,0,0,TRUE
09275119,2013,3,0,0,TRUE
09275119,2014,3,0,99.51,TRUE
09275120,2010,2,NA,0,TRUE
09275120,2011,2,0,0,TRUE
09275120,2012,2,0,0,TRUE
09275120,2013,3,0,0,TRUE
09275120,2014,3,0,99.76,TRUE
09275121,2010,2,NA,0,TRUE
09275121,2011,2,0,0,TRUE
09275121,2012,2,0,0,TRUE
09275121,2013,3,0,0,TRUE
09275121,2014,3,0,100,TRUE
09275122,2010,2,NA,0,TRUE
09275122,2011,2,0,0,TRUE
09275122,2012,2,0,0,TRUE
09275122,2013,3,0,0,TRUE
09275122,2014,3,0,98.56,TRUE
09275124,2010,2,NA,0,TRUE
09275124,2011,2,0,0,TRUE
09275124,2012,2,0,0,TRUE
09275124,2013,3,0,0,TRUE
09275124,2014,3,0,98.29,TRUE
09275125,2010,2,NA,0,TRUE
09275125,2011,2,0,0,TRUE
09275125,2012,2,0,0,TRUE
09275125,2013,3,0,0,TRUE
09275125,2014,3,0,98.39,TRUE
09275126,2010,2,NA,0,TRUE
09275126,2011,2,0,0,TRUE
09275126,2012,2,0,0,TRUE
09275126,2013,3,0,0,TRUE
09275126,2014,3,0,99.71,TRUE
09275127,2010,2,NA,0,TRUE
09275127,2011,2,0,0,TRUE
09275127,2012,2,0,0,TRUE
09275127,2013,3,0,0,TRUE
09275127,2014,3,0,99.53,TRUE
09275128,2010,2,NA,0,TRUE
09275128,2011,2,0,0,TRUE
09275128,2012,2,0,0,TRUE
09275128,2013,3,0,0,TRUE
09275128,2014,3,0,99.68,TRUE
09275130,2010,2,NA,0,TRUE
09275130,2011,2,0,0,TRUE
09275130,2012,2,0,0,TRUE
09275130,2013,3,0,0,TRUE
09275130,2014,3,0,99.29,TRUE
09275131,2010,2,NA,0,TRUE
09275131,2011,2,0,0,TRUE
09275131,2012,2,0,0,TRUE
09275131,2013,3,0,0,TRUE
09275131,2014,3,0,97.21,TRUE
09275132,2010,2,NA,0,TRUE
09275132,2011,2,0,0,TRUE
09275132,2012,2,0,0,TRUE
09275132,2013,3,0,0,TRUE
09275132,2014,3,0,82.28,TRUE
09275133,2010,2,NA,0,TRUE
09275133,2011,2,0,0,TRUE
09275133,2012,2,0,0,TRUE
09275133,2013,3,0,0,TRUE
09275133,2014,3,0,99.07,TRUE
09275134,2010,2,NA,0,TRUE
09275134,2011,2,0,0,TRUE
09275134,2012,2,0,0,TRUE
09275134,2013,3,0,0,TRUE
09275134,2014,3,0,97.53,TRUE
09275135,2010,2,NA,0,TRUE
09275135,2011,2,0,0,TRUE
09275135,2012,2,0,0,TRUE
09275135,2013,3,0,0,TRUE
09275135,2014,3,0,97.68,TRUE
09275137,2010,2,NA,0,TRUE
09275137,2011,2,0,0,TRUE
09275137,2012,2,0,0,TRUE
09275137,2013,3,0,0,TRUE
09275137,2014,3,0,99.63,TRUE
09275138,2010,2,NA,0,TRUE
09275138,2011,2,0,0,TRUE
09275138,2012,2,0,0,TRUE
09275138,2013,3,0,0,TRUE
09275138,2014,3,0,97.38,TRUE
09275141,2010,2,NA,0,TRUE
09275141,2011,2,0,0,TRUE
09275141,2012,2,0,0,TRUE
09275141,2013,3,0,0,TRUE
09275141,2014,3,0,99.23,TRUE
09275143,2010,2,NA,0,TRUE
09275143,2011,2,0,0,TRUE
09275143,2012,2,0,0,TRUE
09275143,2013,3,0,0,TRUE
09275143,2014,3,0,99.23,TRUE
09275144,2010,2,NA,0,TRUE
09275144,2011,2,0,0,TRUE
09275144,2012,2,0,0,TRUE
09275144,2013,3,0,0,TRUE
09275144,2014,3,0,100,TRUE
09275145,2010,2,NA,0,TRUE
09275145,2011,2,0,0,TRUE
09275145,2012,2,0,0,TRUE
09275145,2013,3,0,0,TRUE
09275145,2014,3,0,96.11,TRUE
09275146,2010,2,NA,0,TRUE
09275146,2011,2,0,0,TRUE
09275146,2012,2,0,0,TRUE
09275146,2013,3,0,0,TRUE
09275146,2014,3,0,99.45,TRUE
09275148,2010,2,NA,0,TRUE
09275148,2011,2,0,0,TRUE
09275148,2012,2,0,0,TRUE
09275148,2013,3,0,0,TRUE
09275148,2014,3,0,96.63,TRUE
09275149,2010,2,NA,0,TRUE
09275149,2011,2,0,0,TRUE
09275149,2012,2,0,0,TRUE
09275149,2013,3,0,0,TRUE
09275149,2014,3,0,97.81,TRUE
09275150,2010,2,NA,0,TRUE
09275150,2011,2,0,0,TRUE
09275150,2012,2,0,0,TRUE
09275150,2013,3,0,0,TRUE
09275150,2014,3,0,97.79,TRUE
09275151,2010,2,NA,0,TRUE
09275151,2011,2,0,0,TRUE
09275151,2012,2,0,0,TRUE
09275151,2013,3,0,0,TRUE
09275151,2014,3,0,98.17,TRUE
09275152,2010,2,NA,0,TRUE
09275152,2011,2,0,0,TRUE
09275152,2012,2,0,0,TRUE
09275152,2013,3,0,0,TRUE
09275152,2014,3,0,99.88,TRUE
09275153,2010,2,NA,0,TRUE
09275153,2011,2,0,0,TRUE
09275153,2012,2,0,0,TRUE
09275153,2013,3,0,0,TRUE
09275153,2014,3,0,98.46,TRUE
09275154,2010,2,NA,0,TRUE
09275154,2011,2,0,0,TRUE
09275154,2012,2,0,0,TRUE
09275154,2013,3,0,0,TRUE
09275154,2014,3,0,99.75,TRUE
09275156,2010,2,NA,0,TRUE
09275156,2011,2,0,0,TRUE
09275156,2012,2,0,0,TRUE
09275156,2013,3,0,0,TRUE
09275156,2014,3,0,94.94,TRUE
09275159,2010,2,NA,0,TRUE
09275159,2011,2,0,0,TRUE
09275159,2012,2,0,0,TRUE
09275159,2013,3,0,0,TRUE
09275159,2014,3,0,99.74,TRUE
09275160,2010,2,NA,0,TRUE
09275160,2011,2,0,0,TRUE
09275160,2012,2,0,0,TRUE
09275160,2013,3,0,0,TRUE
09275160,2014,3,0,98.85,TRUE
09276111,2010,2,NA,0,TRUE
09276111,2011,2,0,0,TRUE
09276111,2012,2,0,0,TRUE
09276111,2013,3,0,0,TRUE
09276111,2014,3,0,85.78,TRUE
09276113,2010,2,NA,0,TRUE
09276113,2011,2,0,0,TRUE
09276113,2012,2,0,0,TRUE
09276113,2013,3,0,0,TRUE
09276113,2014,3,0,99.89,TRUE
09276115,2010,2,NA,0,TRUE
09276115,2011,2,0,0,TRUE
09276115,2012,2,0,0,TRUE
09276115,2013,3,0,0,TRUE
09276115,2014,3,0,96.75,TRUE
09276116,2010,2,NA,0,TRUE
09276116,2011,2,0,0,TRUE
09276116,2012,2,0,0,TRUE
09276116,2013,3,0,0,TRUE
09276116,2014,3,0,99.35,TRUE
09276117,2010,2,NA,0,TRUE
09276117,2011,2,0,0,TRUE
09276117,2012,2,0,0,TRUE
09276117,2013,3,0,0,TRUE
09276117,2014,3,0,99.87,TRUE
09276118,2010,2,NA,0,TRUE
09276118,2011,2,0,0,TRUE
09276118,2012,2,0,0,TRUE
09276118,2013,3,0,0,TRUE
09276118,2014,3,0,95.72,TRUE
09276120,2010,2,NA,0,TRUE
09276120,2011,2,0,0,TRUE
09276120,2012,2,0,0,TRUE
09276120,2013,3,0,0,TRUE
09276120,2014,3,0,91.82,TRUE
09276121,2010,2,NA,0,TRUE
09276121,2011,2,0,0,TRUE
09276121,2012,2,0,0,TRUE
09276121,2013,3,0,0,TRUE
09276121,2014,3,0,98.03,TRUE
09276122,2010,2,NA,0,TRUE
09276122,2011,2,0,0,TRUE
09276122,2012,2,0,0,TRUE
09276122,2013,3,0,0,TRUE
09276122,2014,3,0,99.79,TRUE
09276123,2010,2,NA,0,TRUE
09276123,2011,2,0,0,TRUE
09276123,2012,2,0,0,TRUE
09276123,2013,3,0,0,TRUE
09276123,2014,3,0,99.45,TRUE
09276126,2010,2,NA,0,TRUE
09276126,2011,2,0,0,TRUE
09276126,2012,2,0,0,TRUE
09276126,2013,3,0,0,TRUE
09276126,2014,3,0,98.06,TRUE
09276127,2010,2,NA,0,TRUE
09276127,2011,2,0,0,TRUE
09276127,2012,2,0,0,TRUE
09276127,2013,3,0,0,TRUE
09276127,2014,3,0,99.78,TRUE
09276128,2010,2,NA,0,TRUE
09276128,2011,2,0,0,TRUE
09276128,2012,2,0,0,TRUE
09276128,2013,3,0,0,TRUE
09276128,2014,3,0,91.83,TRUE
09276129,2010,2,NA,0,TRUE
09276129,2011,2,0,0,TRUE
09276129,2012,2,0,0,TRUE
09276129,2013,3,0,0,TRUE
09276129,2014,3,0,99.42,TRUE
09276130,2010,2,NA,0,TRUE
09276130,2011,2,0,0,TRUE
09276130,2012,2,0,0,TRUE
09276130,2013,3,0,0,TRUE
09276130,2014,3,0,84.16,TRUE
09276134,2010,2,NA,0,TRUE
09276134,2011,2,0,0,TRUE
09276134,2012,2,0,0,TRUE
09276134,2013,3,0,0,TRUE
09276134,2014,3,0,99.49,TRUE
09276135,2010,2,NA,0,TRUE
09276135,2011,2,0,0,TRUE
09276135,2012,2,0,0,TRUE
09276135,2013,3,0,0,TRUE
09276135,2014,3,0,98.69,TRUE
09276138,2010,2,NA,0,TRUE
09276138,2011,2,0,0,TRUE
09276138,2012,2,0,0,TRUE
09276138,2013,3,0,0,TRUE
09276138,2014,3,0,99.77,TRUE
09276139,2010,2,NA,0,TRUE
09276139,2011,2,0,0,TRUE
09276139,2012,2,0,0,TRUE
09276139,2013,3,0,0,TRUE
09276139,2014,3,0,99.19,TRUE
09276142,2010,2,NA,0,TRUE
09276142,2011,2,0,0,TRUE
09276142,2012,2,0,0,TRUE
09276142,2013,3,0,0,TRUE
09276142,2014,3,0,100,TRUE
09276143,2010,2,NA,0,TRUE
09276143,2011,2,0,0,TRUE
09276143,2012,2,0,0,TRUE
09276143,2013,3,0,0,TRUE
09276143,2014,3,0,99.46,TRUE
09276144,2010,2,NA,0,TRUE
09276144,2011,2,0,0,TRUE
09276144,2012,2,0,0,TRUE
09276144,2013,3,0,0,TRUE
09276144,2014,3,0,97.43,TRUE
09276146,2010,2,NA,0,TRUE
09276146,2011,2,0,0,TRUE
09276146,2012,2,0,0,TRUE
09276146,2013,3,0,0,TRUE
09276146,2014,3,0,99.45,TRUE
09276148,2010,2,NA,0,TRUE
09276148,2011,2,0,0,TRUE
09276148,2012,2,0,0,TRUE
09276148,2013,3,0,0,TRUE
09276148,2014,3,0,97.51,TRUE
09277111,2010,2,NA,0,TRUE
09277111,2011,2,0,0,TRUE
09277111,2012,2,0,0,TRUE
09277111,2013,3,0,0,TRUE
09277111,2014,3,0,98.33,TRUE
09277112,2010,2,NA,0,TRUE
09277112,2011,2,0,0,TRUE
09277112,2012,2,0,0,TRUE
09277112,2013,3,0,0,TRUE
09277112,2014,3,0,99.86,TRUE
09277113,2010,2,NA,0,TRUE
09277113,2011,2,0,0,TRUE
09277113,2012,2,0,0,TRUE
09277113,2013,3,0,0,TRUE
09277113,2014,3,0,91.38,TRUE
09277114,2010,2,NA,0,TRUE
09277114,2011,2,0,0,TRUE
09277114,2012,2,0,0,TRUE
09277114,2013,3,0,0,TRUE
09277114,2014,3,0,99.14,TRUE
09277116,2010,2,NA,0,TRUE
09277116,2011,2,0,0,TRUE
09277116,2012,2,0,0,TRUE
09277116,2013,3,0,0,TRUE
09277116,2014,3,0,99.79,TRUE
09277117,2010,2,NA,0,TRUE
09277117,2011,2,0,0,TRUE
09277117,2012,2,0,0,TRUE
09277117,2013,3,0,0,TRUE
09277117,2014,3,0,97.16,TRUE
09277118,2010,2,NA,0,TRUE
09277118,2011,2,0,0,TRUE
09277118,2012,2,0,0,TRUE
09277118,2013,3,0,0,TRUE
09277118,2014,3,0,96.76,TRUE
09277119,2010,2,NA,0,TRUE
09277119,2011,2,0,0,TRUE
09277119,2012,2,0,0,TRUE
09277119,2013,3,0,0,TRUE
09277119,2014,3,0,99.51,TRUE
09277121,2010,2,NA,0,TRUE
09277121,2011,2,0,0,TRUE
09277121,2012,2,0,0,TRUE
09277121,2013,3,0,0,TRUE
09277121,2014,3,0,92.49,TRUE
09277122,2010,2,NA,0,TRUE
09277122,2011,2,0,0,TRUE
09277122,2012,2,0,0,TRUE
09277122,2013,3,0,0,TRUE
09277122,2014,3,0,99.15,TRUE
09277124,2010,2,NA,0,TRUE
09277124,2011,2,0,0,TRUE
09277124,2012,2,0,0,TRUE
09277124,2013,3,0,0,TRUE
09277124,2014,3,0,94.93,TRUE
09277126,2010,2,NA,0,TRUE
09277126,2011,2,0,0,TRUE
09277126,2012,2,0,0,TRUE
09277126,2013,3,0,0,TRUE
09277126,2014,3,0,96.78,TRUE
09277127,2010,2,NA,0,TRUE
09277127,2011,2,0,0,TRUE
09277127,2012,2,0,0,TRUE
09277127,2013,3,0,0,TRUE
09277127,2014,3,0,99.8,TRUE
09277128,2010,2,NA,0,TRUE
09277128,2011,2,0,0,TRUE
09277128,2012,2,0,0,TRUE
09277128,2013,3,0,0,TRUE
09277128,2014,3,0,98.69,TRUE
09277131,2010,2,NA,0,TRUE
09277131,2011,2,0,0,TRUE
09277131,2012,2,0,0,TRUE
09277131,2013,3,0,0,TRUE
09277131,2014,3,0,100,TRUE
09277133,2010,2,NA,0,TRUE
09277133,2011,2,0,0,TRUE
09277133,2012,2,0,0,TRUE
09277133,2013,3,0,0,TRUE
09277133,2014,3,0,99.52,TRUE
09277134,2010,2,NA,0,TRUE
09277134,2011,2,0,0,TRUE
09277134,2012,2,0,0,TRUE
09277134,2013,3,0,0,TRUE
09277134,2014,3,0,97.5,TRUE
09277138,2010,2,NA,0,TRUE
09277138,2011,2,0,0,TRUE
09277138,2012,2,0,0,TRUE
09277138,2013,3,0,0,TRUE
09277138,2014,3,0,99.39,TRUE
09277139,2010,2,NA,0,TRUE
09277139,2011,2,0,0,TRUE
09277139,2012,2,0,0,TRUE
09277139,2013,3,0,0,TRUE
09277139,2014,3,0,95.99,TRUE
09277140,2010,2,NA,0,TRUE
09277140,2011,2,0,0,TRUE
09277140,2012,2,0,0,TRUE
09277140,2013,3,0,0,TRUE
09277140,2014,3,0,95.16,TRUE
09277141,2010,2,NA,0,TRUE
09277141,2011,2,0,0,TRUE
09277141,2012,2,0,0,TRUE
09277141,2013,3,0,0,TRUE
09277141,2014,3,0,75,TRUE
09277142,2010,2,NA,0,TRUE
09277142,2011,2,0,0,TRUE
09277142,2012,2,0,0,TRUE
09277142,2013,3,0,0,TRUE
09277142,2014,3,0,88.35,TRUE
09277144,2010,2,NA,0,TRUE
09277144,2011,2,0,0,TRUE
09277144,2012,2,0,0,TRUE
09277144,2013,3,0,0,TRUE
09277144,2014,3,0,99.62,TRUE
09277145,2010,2,NA,0,TRUE
09277145,2011,2,0,0,TRUE
09277145,2012,2,0,0,TRUE
09277145,2013,3,0,0,TRUE
09277145,2014,3,0,93.85,TRUE
09277147,2010,2,NA,0,TRUE
09277147,2011,2,0,0,TRUE
09277147,2012,2,0,0,TRUE
09277147,2013,3,0,0,TRUE
09277147,2014,3,0,12.24,TRUE
09277148,2010,2,NA,0,TRUE
09277148,2011,2,0,0,TRUE
09277148,2012,2,0,0,TRUE
09277148,2013,3,0,0,TRUE
09277148,2014,3,0,98.06,TRUE
09277149,2010,2,NA,0,TRUE
09277149,2011,2,0,0,TRUE
09277149,2012,2,0,0,TRUE
09277149,2013,3,0,0,TRUE
09277149,2014,3,0,99.16,TRUE
09277151,2010,2,NA,0,TRUE
09277151,2011,2,0,0,TRUE
09277151,2012,2,0,0,TRUE
09277151,2013,3,0,0,TRUE
09277151,2014,3,0,95.72,TRUE
09277152,2010,2,NA,0,TRUE
09277152,2011,2,0,0,TRUE
09277152,2012,2,0,0,TRUE
09277152,2013,3,0,0,TRUE
09277152,2014,3,0,81.71,TRUE
09277153,2010,2,NA,0,TRUE
09277153,2011,2,0,0,TRUE
09277153,2012,2,0,0,TRUE
09277153,2013,3,0,0,TRUE
09277153,2014,3,0,91.4,TRUE
09277154,2010,2,NA,0,TRUE
09277154,2011,2,0,0,TRUE
09277154,2012,2,0,0,TRUE
09277154,2013,3,0,0,TRUE
09277154,2014,3,0,96.97,TRUE
09278112,2010,2,NA,0,TRUE
09278112,2011,2,0,0,TRUE
09278112,2012,2,0,0,TRUE
09278112,2013,3,0,0,TRUE
09278112,2014,3,0,100,TRUE
09278113,2010,2,NA,0,TRUE
09278113,2011,2,0,0,TRUE
09278113,2012,2,0,0,TRUE
09278113,2013,3,0,0,TRUE
09278113,2014,3,0,100,TRUE
09278116,2010,2,NA,0,TRUE
09278116,2011,2,0,0,TRUE
09278116,2012,2,0,0,TRUE
09278116,2013,3,0,0,TRUE
09278116,2014,3,0,100,TRUE
09278117,2010,2,NA,0,TRUE
09278117,2011,2,0,0,TRUE
09278117,2012,2,0,0,TRUE
09278117,2013,3,0,0,TRUE
09278117,2014,3,0,100,TRUE
09278118,2010,2,NA,0,TRUE
09278118,2011,2,0,0,TRUE
09278118,2012,2,0,0,TRUE
09278118,2013,3,0,0,TRUE
09278118,2014,3,0,99.84,TRUE
09278120,2010,2,NA,0,TRUE
09278120,2011,2,0,0,TRUE
09278120,2012,2,0,0,TRUE
09278120,2013,3,0,0,TRUE
09278120,2014,3,0,98.13,TRUE
09278121,2010,2,NA,0,TRUE
09278121,2011,2,0,0,TRUE
09278121,2012,2,0,0,TRUE
09278121,2013,3,0,0,TRUE
09278121,2014,3,0,99.87,TRUE
09278123,2010,2,NA,0,TRUE
09278123,2011,2,0,0,TRUE
09278123,2012,2,0,0,TRUE
09278123,2013,3,0,0,TRUE
09278123,2014,3,0,99.71,TRUE
09278129,2010,2,NA,0,TRUE
09278129,2011,2,0,0,TRUE
09278129,2012,2,0,0,TRUE
09278129,2013,3,0,0,TRUE
09278129,2014,3,0,99.79,TRUE
09278134,2010,2,NA,0,TRUE
09278134,2011,2,0,0,TRUE
09278134,2012,2,0,0,TRUE
09278134,2013,3,0,0,TRUE
09278134,2014,3,0,100,TRUE
09278139,2010,2,NA,0,TRUE
09278139,2011,2,0,0,TRUE
09278139,2012,2,0,0,TRUE
09278139,2013,3,0,0,TRUE
09278139,2014,3,0,100,TRUE
09278140,2010,2,NA,0,TRUE
09278140,2011,2,0,0,TRUE
09278140,2012,2,0,0,TRUE
09278140,2013,3,0,0,TRUE
09278140,2014,3,0,100,TRUE
09278141,2010,2,NA,0,TRUE
09278141,2011,2,0,0,TRUE
09278141,2012,2,0,0,TRUE
09278141,2013,3,0,0,TRUE
09278141,2014,3,0,99.93,TRUE
09278143,2010,2,NA,0,TRUE
09278143,2011,2,0,0,TRUE
09278143,2012,2,0,0,TRUE
09278143,2013,3,0,0,TRUE
09278143,2014,3,0,99.87,TRUE
09278144,2010,2,NA,0,TRUE
09278144,2011,2,0,0,TRUE
09278144,2012,2,0,0,TRUE
09278144,2013,3,0,0,TRUE
09278144,2014,3,0,95.31,TRUE
09278146,2010,2,NA,0,TRUE
09278146,2011,2,0,0,TRUE
09278146,2012,2,0,0,TRUE
09278146,2013,3,0,0,TRUE
09278146,2014,3,0,98.27,TRUE
09278147,2010,2,NA,0,TRUE
09278147,2011,2,0,0,TRUE
09278147,2012,2,0,0,TRUE
09278147,2013,3,0,0,TRUE
09278147,2014,3,0,99.64,TRUE
09278148,2010,2,NA,0,TRUE
09278148,2011,2,0,0,TRUE
09278148,2012,2,0,0,TRUE
09278148,2013,3,0,0,TRUE
09278148,2014,3,0,97.15,TRUE
09278149,2010,2,NA,0,TRUE
09278149,2011,2,0,0,TRUE
09278149,2012,2,0,0,TRUE
09278149,2013,3,0,0,TRUE
09278149,2014,3,0,100,TRUE
09278151,2010,2,NA,0,TRUE
09278151,2011,2,0,0,TRUE
09278151,2012,2,0,0,TRUE
09278151,2013,3,0,0,TRUE
09278151,2014,3,0,100,TRUE
09278154,2010,2,NA,0,TRUE
09278154,2011,2,0,0,TRUE
09278154,2012,2,0,0,TRUE
09278154,2013,3,0,0,TRUE
09278154,2014,3,0,99.74,TRUE
09278159,2010,2,NA,0,TRUE
09278159,2011,2,0,0,TRUE
09278159,2012,2,0,0,TRUE
09278159,2013,3,0,0,TRUE
09278159,2014,3,0,100,TRUE
09278167,2010,2,NA,0,TRUE
09278167,2011,2,0,0,TRUE
09278167,2012,2,0,0,TRUE
09278167,2013,3,0,0,TRUE
09278167,2014,3,0,99.53,TRUE
09278170,2010,2,NA,0,TRUE
09278170,2011,2,0,0,TRUE
09278170,2012,2,0,0,TRUE
09278170,2013,3,0,0,TRUE
09278170,2014,3,0,100,TRUE
09278171,2010,2,NA,0,TRUE
09278171,2011,2,0,0,TRUE
09278171,2012,2,0,0,TRUE
09278171,2013,3,0,0,TRUE
09278171,2014,3,0,85.67,TRUE
09278172,2010,2,NA,0,TRUE
09278172,2011,2,0,0,TRUE
09278172,2012,2,0,0,TRUE
09278172,2013,3,0,0,TRUE
09278172,2014,3,0,100,TRUE
09278177,2010,2,NA,0,TRUE
09278177,2011,2,0,0,TRUE
09278177,2012,2,0,0,TRUE
09278177,2013,3,0,0,TRUE
09278177,2014,3,0,100,TRUE
09278178,2010,2,NA,0,TRUE
09278178,2011,2,0,0,TRUE
09278178,2012,2,0,0,TRUE
09278178,2013,3,0,0,TRUE
09278178,2014,3,0,92.2,TRUE
09278179,2010,2,NA,0,TRUE
09278179,2011,2,0,0,TRUE
09278179,2012,2,0,0,TRUE
09278179,2013,3,0,0,TRUE
09278179,2014,3,0,100,TRUE
09278182,2010,2,NA,0,TRUE
09278182,2011,2,0,0,TRUE
09278182,2012,2,0,0,TRUE
09278182,2013,3,0,0,TRUE
09278182,2014,3,0,99.9,TRUE
09278184,2010,2,NA,0,TRUE
09278184,2011,2,0,0,TRUE
09278184,2012,2,0,0,TRUE
09278184,2013,3,0,0,TRUE
09278184,2014,3,0,97.85,TRUE
09278187,2010,2,NA,0,TRUE
09278187,2011,2,0,0,TRUE
09278187,2012,2,0,0,TRUE
09278187,2013,3,0,0,TRUE
09278187,2014,3,0,99.74,TRUE
09278189,2010,2,NA,0,TRUE
09278189,2011,2,0,0,TRUE
09278189,2012,2,0,0,TRUE
09278189,2013,3,0,0,TRUE
09278189,2014,3,0,100,TRUE
09278190,2010,2,NA,0,TRUE
09278190,2011,2,0,0,TRUE
09278190,2012,2,0,0,TRUE
09278190,2013,3,0,0,TRUE
09278190,2014,3,0,100,TRUE
09278192,2010,2,NA,0,TRUE
09278192,2011,2,0,0,TRUE
09278192,2012,2,0,0,TRUE
09278192,2013,3,0,0,TRUE
09278192,2014,3,0,100,TRUE
09278197,2010,2,NA,0,TRUE
09278197,2011,2,0,0,TRUE
09278197,2012,2,0,0,TRUE
09278197,2013,3,0,0,TRUE
09278197,2014,3,0,97.29,TRUE
09278198,2010,2,NA,0,TRUE
09278198,2011,2,0,0,TRUE
09278198,2012,2,0,0,TRUE
09278198,2013,3,0,0,TRUE
09278198,2014,3,0,99.55,TRUE
09279112,2010,2,NA,0,TRUE
09279112,2011,2,0,0,TRUE
09279112,2012,2,0,0,TRUE
09279112,2013,3,0,0,TRUE
09279112,2014,3,0,99.96,TRUE
09279113,2010,2,NA,0,TRUE
09279113,2011,2,0,0,TRUE
09279113,2012,2,0,0,TRUE
09279113,2013,3,0,0,TRUE
09279113,2014,3,0,98.45,TRUE
09279115,2010,2,NA,0,TRUE
09279115,2011,2,0,0,TRUE
09279115,2012,2,0,0,TRUE
09279115,2013,3,0,0,TRUE
09279115,2014,3,0,98.46,TRUE
09279116,2010,2,NA,0,TRUE
09279116,2011,2,0,0,TRUE
09279116,2012,2,0,0,TRUE
09279116,2013,3,0,0,TRUE
09279116,2014,3,0,100,TRUE
09279122,2010,2,NA,0,TRUE
09279122,2011,2,0,0,TRUE
09279122,2012,2,0,0,TRUE
09279122,2013,3,0,0,TRUE
09279122,2014,3,0,98.1,TRUE
09279124,2010,2,NA,0,TRUE
09279124,2011,2,0,0,TRUE
09279124,2012,2,0,0,TRUE
09279124,2013,3,0,0,TRUE
09279124,2014,3,0,97.65,TRUE
09279125,2010,2,NA,0,TRUE
09279125,2011,2,0,0,TRUE
09279125,2012,2,0,0,TRUE
09279125,2013,3,0,0,TRUE
09279125,2014,3,0,99.84,TRUE
09279126,2010,2,NA,0,TRUE
09279126,2011,2,0,0,TRUE
09279126,2012,2,0,0,TRUE
09279126,2013,3,0,0,TRUE
09279126,2014,3,0,99.67,TRUE
09279127,2010,2,NA,0,TRUE
09279127,2011,2,0,0,TRUE
09279127,2012,2,0,0,TRUE
09279127,2013,3,0,0,TRUE
09279127,2014,3,0,93.41,TRUE
09279128,2010,2,NA,0,TRUE
09279128,2011,2,0,0,TRUE
09279128,2012,2,0,0,TRUE
09279128,2013,3,0,0,TRUE
09279128,2014,3,0,98.39,TRUE
09279130,2010,2,NA,0,TRUE
09279130,2011,2,0,0,TRUE
09279130,2012,2,0,0,TRUE
09279130,2013,3,0,0,TRUE
09279130,2014,3,0,99.61,TRUE
09279132,2010,2,NA,0,TRUE
09279132,2011,2,0,0,TRUE
09279132,2012,2,0,0,TRUE
09279132,2013,3,0,0,TRUE
09279132,2014,3,0,99.85,TRUE
09279134,2010,2,NA,0,TRUE
09279134,2011,2,0,0,TRUE
09279134,2012,2,0,0,TRUE
09279134,2013,3,0,0,TRUE
09279134,2014,3,0,98.75,TRUE
09279135,2010,2,NA,0,TRUE
09279135,2011,2,0,0,TRUE
09279135,2012,2,0,0,TRUE
09279135,2013,3,0,0,TRUE
09279135,2014,3,0,96.62,TRUE
09279137,2010,2,NA,0,TRUE
09279137,2011,2,0,0,TRUE
09279137,2012,2,0,0,TRUE
09279137,2013,3,0,0,TRUE
09279137,2014,3,0,99.97,TRUE
09361000,2010,2,NA,0,TRUE
09361000,2011,2,0,0,TRUE
09361000,2012,2,0,0,TRUE
09361000,2013,3,0,0,TRUE
09361000,2014,3,0,100,TRUE
09362000,2010,2,NA,0,TRUE
09362000,2011,2,0,0,TRUE
09362000,2012,2,0,0,TRUE
09362000,2013,3,0,0,TRUE
09362000,2014,3,0,100,TRUE
09363000,2010,2,NA,0,TRUE
09363000,2011,2,0,0,TRUE
09363000,2012,2,0,0,TRUE
09363000,2013,3,0,0,TRUE
09363000,2014,3,0,100,TRUE
09371111,2010,2,NA,0,TRUE
09371111,2011,2,0,0,TRUE
09371111,2012,2,0,0,TRUE
09371111,2013,3,0,0,TRUE
09371111,2014,3,0,100,TRUE
09371113,2010,2,NA,0,TRUE
09371113,2011,2,0,0,TRUE
09371113,2012,2,0,0,TRUE
09371113,2013,3,0,0,TRUE
09371113,2014,3,0,99.29,TRUE
09371116,2010,2,NA,0,TRUE
09371116,2011,2,0,0,TRUE
09371116,2012,2,0,0,TRUE
09371116,2013,3,0,0,TRUE
09371116,2014,3,0,90.55,TRUE
09371118,2010,2,NA,0,TRUE
09371118,2011,2,0,0,TRUE
09371118,2012,2,0,0,TRUE
09371118,2013,3,0,0,TRUE
09371118,2014,3,0,97.79,TRUE
09371119,2010,2,NA,0,TRUE
09371119,2011,2,0,0,TRUE
09371119,2012,2,0,0,TRUE
09371119,2013,3,0,0,TRUE
09371119,2014,3,0,97.96,TRUE
09371120,2010,2,NA,0,TRUE
09371120,2011,2,0,0,TRUE
09371120,2012,2,0,0,TRUE
09371120,2013,3,0,0,TRUE
09371120,2014,3,0,96.3,TRUE
09371121,2010,2,NA,0,TRUE
09371121,2011,2,0,0,TRUE
09371121,2012,2,0,0,TRUE
09371121,2013,3,0,0,TRUE
09371121,2014,3,0,99.82,TRUE
09371122,2010,2,NA,0,TRUE
09371122,2011,2,0,0,TRUE
09371122,2012,2,0,0,TRUE
09371122,2013,3,0,0,TRUE
09371122,2014,3,0,99.76,TRUE
09371123,2010,2,NA,0,TRUE
09371123,2011,2,0,0,TRUE
09371123,2012,2,0,0,TRUE
09371123,2013,3,0,0,TRUE
09371123,2014,3,0,100,TRUE
09371126,2010,2,NA,0,TRUE
09371126,2011,2,0,0,TRUE
09371126,2012,2,0,0,TRUE
09371126,2013,3,0,0,TRUE
09371126,2014,3,0,99.86,TRUE
09371127,2010,2,NA,0,TRUE
09371127,2011,2,0,0,TRUE
09371127,2012,2,0,0,TRUE
09371127,2013,3,0,0,TRUE
09371127,2014,3,0,99.92,TRUE
09371128,2010,2,NA,0,TRUE
09371128,2011,2,0,0,TRUE
09371128,2012,2,0,0,TRUE
09371128,2013,3,0,0,TRUE
09371128,2014,3,0,93.35,TRUE
09371129,2010,2,NA,0,TRUE
09371129,2011,2,0,0,TRUE
09371129,2012,2,0,0,TRUE
09371129,2013,3,0,0,TRUE
09371129,2014,3,0,93.83,TRUE
09371131,2010,2,NA,0,TRUE
09371131,2011,2,0,0,TRUE
09371131,2012,2,0,0,TRUE
09371131,2013,3,0,0,TRUE
09371131,2014,3,0,93.3,TRUE
09371132,2010,2,NA,0,TRUE
09371132,2011,2,0,0,TRUE
09371132,2012,2,0,0,TRUE
09371132,2013,3,0,0,TRUE
09371132,2014,3,0,98.43,TRUE
09371135,2010,2,NA,0,TRUE
09371135,2011,2,0,0,TRUE
09371135,2012,2,0,0,TRUE
09371135,2013,3,0,0,TRUE
09371135,2014,3,0,99.74,TRUE
09371136,2010,2,NA,0,TRUE
09371136,2011,2,0,0,TRUE
09371136,2012,2,0,0,TRUE
09371136,2013,3,0,0,TRUE
09371136,2014,3,0,100,TRUE
09371140,2010,2,NA,0,TRUE
09371140,2011,2,0,0,TRUE
09371140,2012,2,0,0,TRUE
09371140,2013,3,0,0,TRUE
09371140,2014,3,0,88.98,TRUE
09371141,2010,2,NA,0,TRUE
09371141,2011,2,0,0,TRUE
09371141,2012,2,0,0,TRUE
09371141,2013,3,0,0,TRUE
09371141,2014,3,0,97.24,TRUE
09371144,2010,2,NA,0,TRUE
09371144,2011,2,0,0,TRUE
09371144,2012,2,0,0,TRUE
09371144,2013,3,0,0,TRUE
09371144,2014,3,0,100,TRUE
09371146,2010,2,NA,0,TRUE
09371146,2011,2,0,0,TRUE
09371146,2012,2,0,0,TRUE
09371146,2013,3,0,0,TRUE
09371146,2014,3,0,94.99,TRUE
09371148,2010,2,NA,0,TRUE
09371148,2011,2,0,0,TRUE
09371148,2012,2,0,0,TRUE
09371148,2013,3,0,0,TRUE
09371148,2014,3,0,98.49,TRUE
09371150,2010,2,NA,0,TRUE
09371150,2011,2,0,0,TRUE
09371150,2012,2,0,0,TRUE
09371150,2013,3,0,0,TRUE
09371150,2014,3,0,100,TRUE
09371151,2010,2,NA,0,TRUE
09371151,2011,2,0,0,TRUE
09371151,2012,2,0,0,TRUE
09371151,2013,3,0,0,TRUE
09371151,2014,3,0,99.96,TRUE
09371154,2010,2,NA,0,TRUE
09371154,2011,2,0,0,TRUE
09371154,2012,2,0,0,TRUE
09371154,2013,3,0,0,TRUE
09371154,2014,3,0,96.34,TRUE
09371156,2010,2,NA,0,TRUE
09371156,2011,2,0,0,TRUE
09371156,2012,2,0,0,TRUE
09371156,2013,3,0,0,TRUE
09371156,2014,3,0,99.37,TRUE
09371157,2010,2,NA,0,TRUE
09371157,2011,2,0,0,TRUE
09371157,2012,2,0,0,TRUE
09371157,2013,3,0,0,TRUE
09371157,2014,3,0,96.05,TRUE
09371444,2010,2,NA,0,TRUE
09371444,2011,2,0,0,TRUE
09371444,2012,2,0,0,TRUE
09371444,2013,3,0,0,TRUE
09371444,2014,3,0,0,TRUE
09371444,2015,3,0,33.33,FALSE
09371452,2021,38,95.1,NA,FALSE
09371455,2021,38,100,NA,FALSE
09372112,2010,2,NA,0,TRUE
09372112,2011,2,0,0,TRUE
09372112,2012,2,0,0,TRUE
09372112,2013,3,0,0,TRUE
09372112,2014,3,0,99.15,TRUE
09372113,2010,2,NA,0,TRUE
09372113,2011,2,0,0,TRUE
09372113,2012,2,0,0,TRUE
09372113,2013,3,0,0,TRUE
09372113,2014,3,0,99.74,TRUE
09372115,2010,2,NA,0,TRUE
09372115,2011,2,0,0,TRUE
09372115,2012,2,0,0,TRUE
09372115,2013,3,0,0,TRUE
09372115,2014,3,0,99.66,TRUE
09372116,2010,2,NA,0,TRUE
09372116,2011,2,0,0,TRUE
09372116,2012,2,0,0,TRUE
09372116,2013,3,0,0,TRUE
09372116,2014,3,0,99.99,TRUE
09372117,2010,2,NA,0,TRUE
09372117,2011,2,0,0,TRUE
09372117,2012,2,0,0,TRUE
09372117,2013,3,0,0,TRUE
09372117,2014,3,0,95.99,TRUE
09372124,2010,2,NA,0,TRUE
09372124,2011,2,0,0,TRUE
09372124,2012,2,0,0,TRUE
09372124,2013,3,0,0,TRUE
09372124,2014,3,0,98.12,TRUE
09372125,2010,2,NA,0,TRUE
09372125,2011,2,0,0,TRUE
09372125,2012,2,0,0,TRUE
09372125,2013,3,0,0,TRUE
09372125,2014,3,0,99.93,TRUE
09372126,2010,2,NA,0,TRUE
09372126,2011,2,0,0,TRUE
09372126,2012,2,0,0,TRUE
09372126,2013,3,0,0,TRUE
09372126,2014,3,0,98.38,TRUE
09372128,2010,2,NA,0,TRUE
09372128,2011,2,0,0,TRUE
09372128,2012,2,0,0,TRUE
09372128,2013,3,0,0,TRUE
09372128,2014,3,0,88.49,TRUE
09372130,2010,2,NA,0,TRUE
09372130,2011,2,0,0,TRUE
09372130,2012,2,0,0,TRUE
09372130,2013,3,0,0,TRUE
09372130,2014,3,0,100,TRUE
09372135,2010,2,NA,0,TRUE
09372135,2011,2,0,0,TRUE
09372135,2012,2,0,0,TRUE
09372135,2013,3,0,0,TRUE
09372135,2014,3,0,99.89,TRUE
09372137,2010,2,NA,0,TRUE
09372137,2011,2,0,0,TRUE
09372137,2012,2,0,0,TRUE
09372137,2013,3,0,0,TRUE
09372137,2014,3,0,98.59,TRUE
09372138,2010,2,NA,0,TRUE
09372138,2011,2,0,0,TRUE
09372138,2012,2,0,0,TRUE
09372138,2013,3,0,0,TRUE
09372138,2014,3,0,99.84,TRUE
09372142,2010,2,NA,0,TRUE
09372142,2011,2,0,0,TRUE
09372142,2012,2,0,0,TRUE
09372142,2013,3,0,0,TRUE
09372142,2014,3,0,98.06,TRUE
09372143,2010,2,NA,0,TRUE
09372143,2011,2,0,0,TRUE
09372143,2012,2,0,0,TRUE
09372143,2013,3,0,0,TRUE
09372143,2014,3,0,100,TRUE
09372144,2010,2,NA,0,TRUE
09372144,2011,2,0,0,TRUE
09372144,2012,2,0,0,TRUE
09372144,2013,3,0,0,TRUE
09372144,2014,3,0,97,TRUE
09372146,2010,2,NA,0,TRUE
09372146,2011,2,0,0,TRUE
09372146,2012,2,0,0,TRUE
09372146,2013,3,0,0,TRUE
09372146,2014,3,0,84.23,TRUE
09372147,2010,2,NA,0,TRUE
09372147,2011,2,0,0,TRUE
09372147,2012,2,0,0,TRUE
09372147,2013,3,0,0,TRUE
09372147,2014,3,0,100,TRUE
09372149,2010,2,NA,0,TRUE
09372149,2011,2,0,0,TRUE
09372149,2012,2,0,0,TRUE
09372149,2013,3,0,0,TRUE
09372149,2014,3,0,100,TRUE
09372150,2010,2,NA,0,TRUE
09372150,2011,2,0,0,TRUE
09372150,2012,2,0,0,TRUE
09372150,2013,3,0,0,TRUE
09372150,2014,3,0,98.76,TRUE
09372151,2010,2,NA,0,TRUE
09372151,2011,2,0,0,TRUE
09372151,2012,2,0,0,TRUE
09372151,2013,3,0,0,TRUE
09372151,2014,3,0,97.41,TRUE
09372153,2010,2,NA,0,TRUE
09372153,2011,2,0,0,TRUE
09372153,2012,2,0,0,TRUE
09372153,2013,3,0,0,TRUE
09372153,2014,3,0,98.39,TRUE
09372154,2010,2,NA,0,TRUE
09372154,2011,2,0,0,TRUE
09372154,2012,2,0,0,TRUE
09372154,2013,3,0,0,TRUE
09372154,2014,3,0,98.76,TRUE
09372155,2010,2,NA,0,TRUE
09372155,2011,2,0,0,TRUE
09372155,2012,2,0,0,TRUE
09372155,2013,3,0,0,TRUE
09372155,2014,3,0,98.76,TRUE
09372157,2010,2,NA,0,TRUE
09372157,2011,2,0,0,TRUE
09372157,2012,2,0,0,TRUE
09372157,2013,3,0,0,TRUE
09372157,2014,3,0,96.58,TRUE
09372158,2010,2,NA,0,TRUE
09372158,2011,2,0,0,TRUE
09372158,2012,2,0,0,TRUE
09372158,2013,3,0,0,TRUE
09372158,2014,3,0,98.38,TRUE
09372161,2010,2,NA,0,TRUE
09372161,2011,2,0,0,TRUE
09372161,2012,2,0,0,TRUE
09372161,2013,3,0,0,TRUE
09372161,2014,3,0,99.46,TRUE
09372163,2010,2,NA,0,TRUE
09372163,2011,2,0,0,TRUE
09372163,2012,2,0,0,TRUE
09372163,2013,3,0,0,TRUE
09372163,2014,3,0,98.74,TRUE
09372164,2010,2,NA,0,TRUE
09372164,2011,2,0,0,TRUE
09372164,2012,2,0,0,TRUE
09372164,2013,3,0,0,TRUE
09372164,2014,3,0,99.31,TRUE
09372165,2010,2,NA,0,TRUE
09372165,2011,2,0,0,TRUE
09372165,2012,2,0,0,TRUE
09372165,2013,3,0,0,TRUE
09372165,2014,3,0,93.46,TRUE
09372167,2010,2,NA,0,TRUE
09372167,2011,2,0,0,TRUE
09372167,2012,2,0,0,TRUE
09372167,2013,3,0,0,TRUE
09372167,2014,3,0,99.87,TRUE
09372168,2010,2,NA,0,TRUE
09372168,2011,2,0,0,TRUE
09372168,2012,2,0,0,TRUE
09372168,2013,3,0,0,TRUE
09372168,2014,3,0,98.81,TRUE
09372169,2010,2,NA,0,TRUE
09372169,2011,2,0,0,TRUE
09372169,2012,2,0,0,TRUE
09372169,2013,3,0,0,TRUE
09372169,2014,3,0,100,TRUE
09372170,2010,2,NA,0,TRUE
09372170,2011,2,0,0,TRUE
09372170,2012,2,0,0,TRUE
09372170,2013,3,0,0,TRUE
09372170,2014,3,0,100,TRUE
09372171,2010,2,NA,0,TRUE
09372171,2011,2,0,0,TRUE
09372171,2012,2,0,0,TRUE
09372171,2013,3,0,0,TRUE
09372171,2014,3,0,99.17,TRUE
09372174,2010,2,NA,0,TRUE
09372174,2011,2,0,0,TRUE
09372174,2012,2,0,0,TRUE
09372174,2013,3,0,0,TRUE
09372174,2014,3,0,97.57,TRUE
09372175,2010,2,NA,0,TRUE
09372175,2011,2,0,0,TRUE
09372175,2012,2,0,0,TRUE
09372175,2013,3,0,0,TRUE
09372175,2014,3,0,100,TRUE
09372177,2010,2,NA,0,TRUE
09372177,2011,2,0,0,TRUE
09372177,2012,2,0,0,TRUE
09372177,2013,3,0,0,TRUE
09372177,2014,3,0,99.18,TRUE
09372178,2010,2,NA,0,TRUE
09372178,2011,2,0,0,TRUE
09372178,2012,2,0,0,TRUE
09372178,2013,3,0,0,TRUE
09372178,2014,3,0,87.43,TRUE
09373112,2010,2,NA,0,TRUE
09373112,2011,2,0,0,TRUE
09373112,2012,2,0,0,TRUE
09373112,2013,3,0,0,TRUE
09373112,2014,3,0,99.2,TRUE
09373113,2010,2,NA,0,TRUE
09373113,2011,2,0,0,TRUE
09373113,2012,2,0,0,TRUE
09373113,2013,3,0,0,TRUE
09373113,2014,3,0,99.97,TRUE
09373114,2010,2,NA,0,TRUE
09373114,2011,2,0,0,TRUE
09373114,2012,2,0,0,TRUE
09373114,2013,3,0,0,TRUE
09373114,2014,3,0,99.78,TRUE
09373115,2010,2,NA,0,TRUE
09373115,2011,2,0,0,TRUE
09373115,2012,2,0,0,TRUE
09373115,2013,3,0,0,TRUE
09373115,2014,3,0,98.51,TRUE
09373119,2010,2,NA,0,TRUE
09373119,2011,2,0,0,TRUE
09373119,2012,2,0,0,TRUE
09373119,2013,3,0,0,TRUE
09373119,2014,3,0,99.53,TRUE
09373121,2010,2,NA,0,TRUE
09373121,2011,2,0,0,TRUE
09373121,2012,2,0,0,TRUE
09373121,2013,3,0,0,TRUE
09373121,2014,3,0,96.95,TRUE
09373126,2010,2,NA,0,TRUE
09373126,2011,2,0,0,TRUE
09373126,2012,2,0,0,TRUE
09373126,2013,3,0,0,TRUE
09373126,2014,3,0,99.88,TRUE
09373134,2010,2,NA,0,TRUE
09373134,2011,2,0,0,TRUE
09373134,2012,2,0,0,TRUE
09373134,2013,3,0,0,TRUE
09373134,2014,3,0,95.07,TRUE
09373140,2010,2,NA,0,TRUE
09373140,2011,2,0,0,TRUE
09373140,2012,2,0,0,TRUE
09373140,2013,3,0,0,TRUE
09373140,2014,3,0,99.55,TRUE
09373143,2010,2,NA,0,TRUE
09373143,2011,2,0,0,TRUE
09373143,2012,2,0,0,TRUE
09373143,2013,3,0,0,TRUE
09373143,2014,3,0,99.26,TRUE
09373146,2010,2,NA,0,TRUE
09373146,2011,2,0,0,TRUE
09373146,2012,2,0,0,TRUE
09373146,2013,3,0,0,TRUE
09373146,2014,3,0,100,TRUE
09373147,2010,2,NA,0,TRUE
09373147,2011,2,0,0,TRUE
09373147,2012,2,0,0,TRUE
09373147,2013,3,0,0,TRUE
09373147,2014,3,0,99.98,TRUE
09373151,2010,2,NA,0,TRUE
09373151,2011,2,0,0,TRUE
09373151,2012,2,0,0,TRUE
09373151,2013,3,0,0,TRUE
09373151,2014,3,0,98.89,TRUE
09373153,2010,2,NA,0,TRUE
09373153,2011,2,0,0,TRUE
09373153,2012,2,0,0,TRUE
09373153,2013,3,0,0,TRUE
09373153,2014,3,0,99.8,TRUE
09373155,2010,2,NA,0,TRUE
09373155,2011,2,0,0,TRUE
09373155,2012,2,0,0,TRUE
09373155,2013,3,0,0,TRUE
09373155,2014,3,0,100,TRUE
09373156,2010,2,NA,0,TRUE
09373156,2011,2,0,0,TRUE
09373156,2012,2,0,0,TRUE
09373156,2013,3,0,0,TRUE
09373156,2014,3,0,100,TRUE
09373159,2010,2,NA,0,TRUE
09373159,2011,2,0,0,TRUE
09373159,2012,2,0,0,TRUE
09373159,2013,3,0,0,TRUE
09373159,2014,3,0,99.91,TRUE
09373160,2010,2,NA,0,TRUE
09373160,2011,2,0,0,TRUE
09373160,2012,2,0,0,TRUE
09373160,2013,3,0,0,TRUE
09373160,2014,3,0,98.63,TRUE
09373167,2010,2,NA,0,TRUE
09373167,2011,2,0,0,TRUE
09373167,2012,2,0,0,TRUE
09373167,2013,3,0,0,TRUE
09373167,2014,3,0,97.83,TRUE
09374111,2010,2,NA,0,TRUE
09374111,2011,2,0,0,TRUE
09374111,2012,2,0,0,TRUE
09374111,2013,3,0,0,TRUE
09374111,2014,3,0,100,TRUE
09374117,2010,2,NA,0,TRUE
09374117,2011,2,0,0,TRUE
09374117,2012,2,0,0,TRUE
09374117,2013,3,0,0,TRUE
09374117,2014,3,0,100,TRUE
09374118,2010,2,NA,0,TRUE
09374118,2011,2,0,0,TRUE
09374118,2012,2,0,0,TRUE
09374118,2013,3,0,0,TRUE
09374118,2014,3,0,99.12,TRUE
09374119,2010,2,NA,0,TRUE
09374119,2011,2,0,0,TRUE
09374119,2012,2,0,0,TRUE
09374119,2013,3,0,0,TRUE
09374119,2014,3,0,100,TRUE
09374121,2010,2,NA,0,TRUE
09374121,2011,2,0,0,TRUE
09374121,2012,2,0,0,TRUE
09374121,2013,3,0,0,TRUE
09374121,2014,3,0,99.25,TRUE
09374122,2010,2,NA,0,TRUE
09374122,2011,2,0,0,TRUE
09374122,2012,2,0,0,TRUE
09374122,2013,3,0,0,TRUE
09374122,2014,3,0,99.08,TRUE
09374123,2010,2,NA,0,TRUE
09374123,2011,2,0,0,TRUE
09374123,2012,2,0,0,TRUE
09374123,2013,3,0,0,TRUE
09374123,2014,3,0,73.14,TRUE
09374124,2010,2,NA,0,TRUE
09374124,2011,2,0,0,TRUE
09374124,2012,2,0,0,TRUE
09374124,2013,3,0,0,TRUE
09374124,2014,3,0,99.91,TRUE
09374127,2010,2,NA,0,TRUE
09374127,2011,2,0,0,TRUE
09374127,2012,2,0,0,TRUE
09374127,2013,3,0,0,TRUE
09374127,2014,3,0,100,TRUE
09374128,2010,2,NA,0,TRUE
09374128,2011,2,0,0,TRUE
09374128,2012,2,0,0,TRUE
09374128,2013,3,0,0,TRUE
09374128,2014,3,0,99.4,TRUE
09374129,2010,2,NA,0,TRUE
09374129,2011,2,0,0,TRUE
09374129,2012,2,0,0,TRUE
09374129,2013,3,0,0,TRUE
09374129,2014,3,0,99.64,TRUE
09374131,2010,2,NA,0,TRUE
09374131,2011,2,0,0,TRUE
09374131,2012,2,0,0,TRUE
09374131,2013,3,0,0,TRUE
09374131,2014,3,0,98.86,TRUE
09374132,2010,2,NA,0,TRUE
09374132,2011,2,0,0,TRUE
09374132,2012,2,0,0,TRUE
09374132,2013,3,0,0,TRUE
09374132,2014,3,0,99.46,TRUE
09374133,2010,2,NA,0,TRUE
09374133,2011,2,0,0,TRUE
09374133,2012,2,0,0,TRUE
09374133,2013,3,0,0,TRUE
09374133,2014,3,0,99.79,TRUE
09374134,2010,2,NA,0,TRUE
09374134,2011,2,0,0,TRUE
09374134,2012,2,0,0,TRUE
09374134,2013,3,0,0,TRUE
09374134,2014,3,0,99.84,TRUE
09374137,2010,2,NA,0,TRUE
09374137,2011,2,0,0,TRUE
09374137,2012,2,0,0,TRUE
09374137,2013,3,0,0,TRUE
09374137,2014,3,0,94.81,TRUE
09374139,2010,2,NA,0,TRUE
09374139,2011,2,0,0,TRUE
09374139,2012,2,0,0,TRUE
09374139,2013,3,0,0,TRUE
09374139,2014,3,0,100,TRUE
09374140,2010,2,NA,0,TRUE
09374140,2011,2,0,0,TRUE
09374140,2012,2,0,0,TRUE
09374140,2013,3,0,0,TRUE
09374140,2014,3,0,99.81,TRUE
09374144,2010,2,NA,0,TRUE
09374144,2011,2,0,0,TRUE
09374144,2012,2,0,0,TRUE
09374144,2013,3,0,0,TRUE
09374144,2014,3,0,99.26,TRUE
09374146,2010,2,NA,0,TRUE
09374146,2011,2,0,0,TRUE
09374146,2012,2,0,0,TRUE
09374146,2013,3,0,0,TRUE
09374146,2014,3,0,100,TRUE
09374147,2010,2,NA,0,TRUE
09374147,2011,2,0,0,TRUE
09374147,2012,2,0,0,TRUE
09374147,2013,3,0,0,TRUE
09374147,2014,3,0,98.42,TRUE
09374148,2010,2,NA,0,TRUE
09374148,2011,2,0,0,TRUE
09374148,2012,2,0,0,TRUE
09374148,2013,3,0,0,TRUE
09374148,2014,3,0,99.47,TRUE
09374149,2010,2,NA,0,TRUE
09374149,2011,2,0,0,TRUE
09374149,2012,2,0,0,TRUE
09374149,2013,3,0,0,TRUE
09374149,2014,3,0,98.1,TRUE
09374150,2010,2,NA,0,TRUE
09374150,2011,2,0,0,TRUE
09374150,2012,2,0,0,TRUE
09374150,2013,3,0,0,TRUE
09374150,2014,3,0,99.7,TRUE
09374154,2010,2,NA,0,TRUE
09374154,2011,2,0,0,TRUE
09374154,2012,2,0,0,TRUE
09374154,2013,3,0,0,TRUE
09374154,2014,3,0,100,TRUE
09374155,2010,2,NA,0,TRUE
09374155,2011,2,0,0,TRUE
09374155,2012,2,0,0,TRUE
09374155,2013,3,0,0,TRUE
09374155,2014,3,0,97.25,TRUE
09374156,2010,2,NA,0,TRUE
09374156,2011,2,0,0,TRUE
09374156,2012,2,0,0,TRUE
09374156,2013,3,0,0,TRUE
09374156,2014,3,0,100,TRUE
09374157,2010,2,NA,0,TRUE
09374157,2011,2,0,0,TRUE
09374157,2012,2,0,0,TRUE
09374157,2013,3,0,0,TRUE
09374157,2014,3,0,99.09,TRUE
09374158,2010,2,NA,0,TRUE
09374158,2011,2,0,0,TRUE
09374158,2012,2,0,0,TRUE
09374158,2013,3,0,0,TRUE
09374158,2014,3,0,100,TRUE
09374159,2010,2,NA,0,TRUE
09374159,2011,2,0,0,TRUE
09374159,2012,2,0,0,TRUE
09374159,2013,3,0,0,TRUE
09374159,2014,3,0,99.7,TRUE
09374160,2010,2,NA,0,TRUE
09374160,2011,2,0,0,TRUE
09374160,2012,2,0,0,TRUE
09374160,2013,3,0,0,TRUE
09374160,2014,3,0,100,TRUE
09374162,2010,2,NA,0,TRUE
09374162,2011,2,0,0,TRUE
09374162,2012,2,0,0,TRUE
09374162,2013,3,0,0,TRUE
09374162,2014,3,0,99.63,TRUE
09374163,2010,2,NA,0,TRUE
09374163,2011,2,0,0,TRUE
09374163,2012,2,0,0,TRUE
09374163,2013,3,0,0,TRUE
09374163,2014,3,0,100,TRUE
09374164,2010,2,NA,0,TRUE
09374164,2011,2,0,0,TRUE
09374164,2012,2,0,0,TRUE
09374164,2013,3,0,0,TRUE
09374164,2014,3,0,89.44,TRUE
09374165,2010,2,NA,0,TRUE
09374165,2011,2,0,0,TRUE
09374165,2012,2,0,0,TRUE
09374165,2013,3,0,0,TRUE
09374165,2014,3,0,99.28,TRUE
09374166,2010,2,NA,0,TRUE
09374166,2011,2,0,0,TRUE
09374166,2012,2,0,0,TRUE
09374166,2013,3,0,0,TRUE
09374166,2014,3,0,100,TRUE
09374168,2010,2,NA,0,TRUE
09374168,2011,2,0,0,TRUE
09374168,2012,2,0,0,TRUE
09374168,2013,3,0,0,TRUE
09374168,2014,3,0,99.96,TRUE
09374170,2010,2,NA,0,TRUE
09374170,2011,2,0,0,TRUE
09374170,2012,2,0,0,TRUE
09374170,2013,3,0,0,TRUE
09374170,2014,3,0,100,TRUE
09374444,2010,2,NA,0,TRUE
09374444,2011,2,0,0,TRUE
09374444,2012,2,0,0,TRUE
09374444,2013,3,0,0,TRUE
09374444,2014,3,0,0,TRUE
09374444,2015,3,0,37.5,FALSE
09374451,2018,74,NA,0,FALSE
09374451,2019,74,0,0,FALSE
09374451,2020,38,0,0,FALSE
09374451,2021,38,0,NA,FALSE
09374452,2021,38,100,NA,FALSE
09374458,2020,38,38,0,FALSE
09374458,2021,38,0,NA,FALSE
09375113,2010,2,NA,0,TRUE
09375113,2011,2,0,0,TRUE
09375113,2012,2,0,0,TRUE
09375113,2013,3,0,0,TRUE
09375113,2014,3,0,100,TRUE
09375114,2010,2,NA,0,TRUE
09375114,2011,2,0,0,TRUE
09375114,2012,2,0,0,TRUE
09375114,2013,3,0,0,TRUE
09375114,2014,3,0,93.61,TRUE
09375115,2010,2,NA,0,TRUE
09375115,2011,2,0,0,TRUE
09375115,2012,2,0,0,TRUE
09375115,2013,3,0,0,TRUE
09375115,2014,3,0,100,TRUE
09375116,2010,2,NA,0,TRUE
09375116,2011,2,0,0,TRUE
09375116,2012,2,0,0,TRUE
09375116,2013,3,0,0,TRUE
09375116,2014,3,0,99.74,TRUE
09375117,2010,2,NA,0,TRUE
09375117,2011,2,0,0,TRUE
09375117,2012,2,0,0,TRUE
09375117,2013,3,0,0,TRUE
09375117,2014,3,0,100,TRUE
09375118,2010,2,NA,0,TRUE
09375118,2011,2,0,0,TRUE
09375118,2012,2,0,0,TRUE
09375118,2013,3,0,0,TRUE
09375118,2014,3,0,99.75,TRUE
09375119,2010,2,NA,0,TRUE
09375119,2011,2,0,0,TRUE
09375119,2012,2,0,0,TRUE
09375119,2013,3,0,0,TRUE
09375119,2014,3,0,100,TRUE
09375120,2010,2,NA,0,TRUE
09375120,2011,2,0,0,TRUE
09375120,2012,2,0,0,TRUE
09375120,2013,3,0,0,TRUE
09375120,2014,3,0,99.34,TRUE
09375122,2010,2,NA,0,TRUE
09375122,2011,2,0,0,TRUE
09375122,2012,2,0,0,TRUE
09375122,2013,3,0,0,TRUE
09375122,2014,3,0,100,TRUE
09375127,2010,2,NA,0,TRUE
09375127,2011,2,0,0,TRUE
09375127,2012,2,0,0,TRUE
09375127,2013,3,0,0,TRUE
09375127,2014,3,0,100,TRUE
09375130,2010,2,NA,0,TRUE
09375130,2011,2,0,0,TRUE
09375130,2012,2,0,0,TRUE
09375130,2013,3,0,0,TRUE
09375130,2014,3,0,99.94,TRUE
09375131,2010,2,NA,0,TRUE
09375131,2011,2,0,0,TRUE
09375131,2012,2,0,0,TRUE
09375131,2013,3,0,0,TRUE
09375131,2014,3,0,99.85,TRUE
09375143,2010,2,NA,0,TRUE
09375143,2011,2,0,0,TRUE
09375143,2012,2,0,0,TRUE
09375143,2013,3,0,0,TRUE
09375143,2014,3,0,99.88,TRUE
09375148,2010,2,NA,0,TRUE
09375148,2011,2,0,0,TRUE
09375148,2012,2,0,0,TRUE
09375148,2013,3,0,0,TRUE
09375148,2014,3,0,97.21,TRUE
09375153,2010,2,NA,0,TRUE
09375153,2011,2,0,0,TRUE
09375153,2012,2,0,0,TRUE
09375153,2013,3,0,0,TRUE
09375153,2014,3,0,100,TRUE
09375156,2010,2,NA,0,TRUE
09375156,2011,2,0,0,TRUE
09375156,2012,2,0,0,TRUE
09375156,2013,3,0,0,TRUE
09375156,2014,3,0,99.83,TRUE
09375161,2010,2,NA,0,TRUE
09375161,2011,2,0,0,TRUE
09375161,2012,2,0,0,TRUE
09375161,2013,3,0,0,TRUE
09375161,2014,3,0,100,TRUE
09375162,2010,2,NA,0,TRUE
09375162,2011,2,0,0,TRUE
09375162,2012,2,0,0,TRUE
09375162,2013,3,0,0,TRUE
09375162,2014,3,0,99.96,TRUE
09375165,2010,2,NA,0,TRUE
09375165,2011,2,0,0,TRUE
09375165,2012,2,0,0,TRUE
09375165,2013,3,0,0,TRUE
09375165,2014,3,0,99.52,TRUE
09375170,2010,2,NA,0,TRUE
09375170,2011,2,0,0,TRUE
09375170,2012,2,0,0,TRUE
09375170,2013,3,0,0,TRUE
09375170,2014,3,0,100,TRUE
09375171,2010,2,NA,0,TRUE
09375171,2011,2,0,0,TRUE
09375171,2012,2,0,0,TRUE
09375171,2013,3,0,0,TRUE
09375171,2014,3,0,100,TRUE
09375174,2010,2,NA,0,TRUE
09375174,2011,2,0,0,TRUE
09375174,2012,2,0,0,TRUE
09375174,2013,3,0,0,TRUE
09375174,2014,3,0,100,TRUE
09375175,2010,2,NA,0,TRUE
09375175,2011,2,0,0,TRUE
09375175,2012,2,0,0,TRUE
09375175,2013,3,0,0,TRUE
09375175,2014,3,0,100,TRUE
09375179,2010,2,NA,0,TRUE
09375179,2011,2,0,0,TRUE
09375179,2012,2,0,0,TRUE
09375179,2013,3,0,0,TRUE
09375179,2014,3,0,100,TRUE
09375180,2010,2,NA,0,TRUE
09375180,2011,2,0,0,TRUE
09375180,2012,2,0,0,TRUE
09375180,2013,3,0,0,TRUE
09375180,2014,3,0,99.96,TRUE
09375181,2010,2,NA,0,TRUE
09375181,2011,2,0,0,TRUE
09375181,2012,2,0,0,TRUE
09375181,2013,3,0,0,TRUE
09375181,2014,3,0,100,TRUE
09375182,2010,2,NA,0,TRUE
09375182,2011,2,0,0,TRUE
09375182,2012,2,0,0,TRUE
09375182,2013,3,0,0,TRUE
09375182,2014,3,0,99.83,TRUE
09375183,2010,2,NA,0,TRUE
09375183,2011,2,0,0,TRUE
09375183,2012,2,0,0,TRUE
09375183,2013,3,0,0,TRUE
09375183,2014,3,0,100,TRUE
09375184,2010,2,NA,0,TRUE
09375184,2011,2,0,0,TRUE
09375184,2012,2,0,0,TRUE
09375184,2013,3,0,0,TRUE
09375184,2014,3,0,99.83,TRUE
09375190,2010,2,NA,0,TRUE
09375190,2011,2,0,0,TRUE
09375190,2012,2,0,0,TRUE
09375190,2013,3,0,0,TRUE
09375190,2014,3,0,99.98,TRUE
09375191,2010,2,NA,0,TRUE
09375191,2011,2,0,0,TRUE
09375191,2012,2,0,0,TRUE
09375191,2013,3,0,0,TRUE
09375191,2014,3,0,100,TRUE
09375196,2010,2,NA,0,TRUE
09375196,2011,2,0,0,TRUE
09375196,2012,2,0,0,TRUE
09375196,2013,3,0,0,TRUE
09375196,2014,3,0,97.91,TRUE
09375199,2010,2,NA,0,TRUE
09375199,2011,2,0,0,TRUE
09375199,2012,2,0,0,TRUE
09375199,2013,3,0,0,TRUE
09375199,2014,3,0,100,TRUE
09375201,2010,2,NA,0,TRUE
09375201,2011,2,0,0,TRUE
09375201,2012,2,0,0,TRUE
09375201,2013,3,0,0,TRUE
09375201,2014,3,0,100,TRUE
09375204,2010,2,NA,0,TRUE
09375204,2011,2,0,0,TRUE
09375204,2012,2,0,0,TRUE
09375204,2013,3,0,0,TRUE
09375204,2014,3,0,100,TRUE
09375205,2010,2,NA,0,TRUE
09375205,2011,2,0,0,TRUE
09375205,2012,2,0,0,TRUE
09375205,2013,3,0,0,TRUE
09375205,2014,3,0,100,TRUE
09375208,2010,2,NA,0,TRUE
09375208,2011,2,0,0,TRUE
09375208,2012,2,0,0,TRUE
09375208,2013,3,0,0,TRUE
09375208,2014,3,0,99.81,TRUE
09375209,2010,2,NA,0,TRUE
09375209,2011,2,0,0,TRUE
09375209,2012,2,0,0,TRUE
09375209,2013,3,0,0,TRUE
09375209,2014,3,0,99.63,TRUE
09375210,2010,2,NA,0,TRUE
09375210,2011,2,0,0,TRUE
09375210,2012,2,0,0,TRUE
09375210,2013,3,0,0,TRUE
09375210,2014,3,0,97.52,TRUE
09375211,2010,2,NA,0,TRUE
09375211,2011,2,0,0,TRUE
09375211,2012,2,0,0,TRUE
09375211,2013,3,0,0,TRUE
09375211,2014,3,0,100,TRUE
09375213,2010,2,NA,0,TRUE
09375213,2011,2,0,0,TRUE
09375213,2012,2,0,0,TRUE
09375213,2013,3,0,0,TRUE
09375213,2014,3,0,100,TRUE
09375444,2010,2,NA,0,TRUE
09375444,2011,2,0,0,TRUE
09375444,2012,2,0,0,TRUE
09375444,2013,3,0,0,TRUE
09375444,2014,3,0,0,TRUE
09375444,2015,3,0,62.5,FALSE
09375451,2021,38,100,NA,FALSE
09375452,2018,74,NA,0,FALSE
09375452,2019,74,0,0,FALSE
09375452,2020,38,0,0,FALSE
09375452,2021,38,0,NA,FALSE
09376112,2010,2,NA,0,TRUE
09376112,2011,2,0,0,TRUE
09376112,2012,2,0,0,TRUE
09376112,2013,3,0,0,TRUE
09376112,2014,3,0,98.82,TRUE
09376116,2010,2,NA,0,TRUE
09376116,2011,2,0,0,TRUE
09376116,2012,2,0,0,TRUE
09376116,2013,3,0,0,TRUE
09376116,2014,3,0,99.94,TRUE
09376117,2010,2,NA,0,TRUE
09376117,2011,2,0,0,TRUE
09376117,2012,2,0,0,TRUE
09376117,2013,3,0,0,TRUE
09376117,2014,3,0,100,TRUE
09376119,2010,2,NA,0,TRUE
09376119,2011,2,0,0,TRUE
09376119,2012,2,0,0,TRUE
09376119,2013,3,0,0,TRUE
09376119,2014,3,0,99.56,TRUE
09376122,2010,2,NA,0,TRUE
09376122,2011,2,0,0,TRUE
09376122,2012,2,0,0,TRUE
09376122,2013,3,0,0,TRUE
09376122,2014,3,0,96.08,TRUE
09376125,2010,2,NA,0,TRUE
09376125,2011,2,0,0,TRUE
09376125,2012,2,0,0,TRUE
09376125,2013,3,0,0,TRUE
09376125,2014,3,0,100,TRUE
09376131,2010,2,NA,0,TRUE
09376131,2011,2,0,0,TRUE
09376131,2012,2,0,0,TRUE
09376131,2013,3,0,0,TRUE
09376131,2014,3,0,94.36,TRUE
09376133,2010,2,NA,0,TRUE
09376133,2011,2,0,0,TRUE
09376133,2012,2,0,0,TRUE
09376133,2013,3,0,0,TRUE
09376133,2014,3,0,80.66,TRUE
09376141,2010,2,NA,0,TRUE
09376141,2011,2,0,0,TRUE
09376141,2012,2,0,0,TRUE
09376141,2013,3,0,0,TRUE
09376141,2014,3,0,100,TRUE
09376144,2010,2,NA,0,TRUE
09376144,2011,2,0,0,TRUE
09376144,2012,2,0,0,TRUE
09376144,2013,3,0,0,TRUE
09376144,2014,3,0,99.97,TRUE
09376146,2010,2,NA,0,TRUE
09376146,2011,2,0,0,TRUE
09376146,2012,2,0,0,TRUE
09376146,2013,3,0,0,TRUE
09376146,2014,3,0,99.58,TRUE
09376147,2010,2,NA,0,TRUE
09376147,2011,2,0,0,TRUE
09376147,2012,2,0,0,TRUE
09376147,2013,3,0,0,TRUE
09376147,2014,3,0,99.5,TRUE
09376148,2010,2,NA,0,TRUE
09376148,2011,2,0,0,TRUE
09376148,2012,2,0,0,TRUE
09376148,2013,3,0,0,TRUE
09376148,2014,3,0,97.89,TRUE
09376149,2010,2,NA,0,TRUE
09376149,2011,2,0,0,TRUE
09376149,2012,2,0,0,TRUE
09376149,2013,3,0,0,TRUE
09376149,2014,3,0,99.89,TRUE
09376150,2010,2,NA,0,TRUE
09376150,2011,2,0,0,TRUE
09376150,2012,2,0,0,TRUE
09376150,2013,3,0,0,TRUE
09376150,2014,3,0,99.42,TRUE
09376151,2010,2,NA,0,TRUE
09376151,2011,2,0,0,TRUE
09376151,2012,2,0,0,TRUE
09376151,2013,3,0,0,TRUE
09376151,2014,3,0,99.87,TRUE
09376153,2010,2,NA,0,TRUE
09376153,2011,2,0,0,TRUE
09376153,2012,2,0,0,TRUE
09376153,2013,3,0,0,TRUE
09376153,2014,3,0,98.43,TRUE
09376159,2010,2,NA,0,TRUE
09376159,2011,2,0,0,TRUE
09376159,2012,2,0,0,TRUE
09376159,2013,3,0,0,TRUE
09376159,2014,3,0,99.11,TRUE
09376160,2010,2,NA,0,TRUE
09376160,2011,2,0,0,TRUE
09376160,2012,2,0,0,TRUE
09376160,2013,3,0,0,TRUE
09376160,2014,3,0,96.08,TRUE
09376161,2010,2,NA,0,TRUE
09376161,2011,2,0,0,TRUE
09376161,2012,2,0,0,TRUE
09376161,2013,3,0,0,TRUE
09376161,2014,3,0,99.65,TRUE
09376162,2010,2,NA,0,TRUE
09376162,2011,2,0,0,TRUE
09376162,2012,2,0,0,TRUE
09376162,2013,3,0,0,TRUE
09376162,2014,3,0,74.57,TRUE
09376163,2010,2,NA,0,TRUE
09376163,2011,2,0,0,TRUE
09376163,2012,2,0,0,TRUE
09376163,2013,3,0,0,TRUE
09376163,2014,3,0,99.96,TRUE
09376164,2010,2,NA,0,TRUE
09376164,2011,2,0,0,TRUE
09376164,2012,2,0,0,TRUE
09376164,2013,3,0,0,TRUE
09376164,2014,3,0,100,TRUE
09376167,2010,2,NA,0,TRUE
09376167,2011,2,0,0,TRUE
09376167,2012,2,0,0,TRUE
09376167,2013,3,0,0,TRUE
09376167,2014,3,0,98.62,TRUE
09376168,2010,2,NA,0,TRUE
09376168,2011,2,0,0,TRUE
09376168,2012,2,0,0,TRUE
09376168,2013,3,0,0,TRUE
09376168,2014,3,0,100,TRUE
09376169,2010,2,NA,0,TRUE
09376169,2011,2,0,0,TRUE
09376169,2012,2,0,0,TRUE
09376169,2013,3,0,0,TRUE
09376169,2014,3,0,100,TRUE
09376170,2010,2,NA,0,TRUE
09376170,2011,2,0,0,TRUE
09376170,2012,2,0,0,TRUE
09376170,2013,3,0,0,TRUE
09376170,2014,3,0,100,TRUE
09376171,2010,2,NA,0,TRUE
09376171,2011,2,0,0,TRUE
09376171,2012,2,0,0,TRUE
09376171,2013,3,0,0,TRUE
09376171,2014,3,0,98.07,TRUE
09376172,2010,2,NA,0,TRUE
09376172,2011,2,0,0,TRUE
09376172,2012,2,0,0,TRUE
09376172,2013,3,0,0,TRUE
09376172,2014,3,0,81.25,TRUE
09376173,2010,2,NA,0,TRUE
09376173,2011,2,0,0,TRUE
09376173,2012,2,0,0,TRUE
09376173,2013,3,0,0,TRUE
09376173,2014,3,0,77.83,TRUE
09376175,2010,2,NA,0,TRUE
09376175,2011,2,0,0,TRUE
09376175,2012,2,0,0,TRUE
09376175,2013,3,0,0,TRUE
09376175,2014,3,0,100,TRUE
09376176,2010,2,NA,0,TRUE
09376176,2011,2,0,0,TRUE
09376176,2012,2,0,0,TRUE
09376176,2013,3,0,0,TRUE
09376176,2014,3,0,94.54,TRUE
09376178,2010,2,NA,0,TRUE
09376178,2011,2,0,0,TRUE
09376178,2012,2,0,0,TRUE
09376178,2013,3,0,0,TRUE
09376178,2014,3,0,100,TRUE
09376444,2010,2,NA,0,TRUE
09376444,2011,2,0,0,TRUE
09376444,2012,2,0,0,TRUE
09376444,2013,3,0,0,TRUE
09376444,2014,3,0,0,TRUE
09376444,2015,3,0,100,FALSE
09376444,2018,3,100,NA,FALSE
09376454,2020,38,100,0,FALSE
09376454,2021,38,0,NA,FALSE
09376455,2018,74,NA,0,FALSE
09376455,2019,74,0,0,FALSE
09376455,2020,38,0,0,FALSE
09376455,2021,38,0,NA,FALSE
09377112,2010,2,NA,0,TRUE
09377112,2011,2,0,0,TRUE
09377112,2012,2,0,0,TRUE
09377112,2013,3,0,0,TRUE
09377112,2014,3,0,96.99,TRUE
09377113,2010,2,NA,0,TRUE
09377113,2011,2,0,0,TRUE
09377113,2012,2,0,0,TRUE
09377113,2013,3,0,0,TRUE
09377113,2014,3,0,100,TRUE
09377115,2010,2,NA,0,TRUE
09377115,2011,2,0,0,TRUE
09377115,2012,2,0,0,TRUE
09377115,2013,3,0,0,TRUE
09377115,2014,3,0,100,TRUE
09377116,2010,2,NA,0,TRUE
09377116,2011,2,0,0,TRUE
09377116,2012,2,0,0,TRUE
09377116,2013,3,0,0,TRUE
09377116,2014,3,0,99.61,TRUE
09377117,2010,2,NA,0,TRUE
09377117,2011,2,0,0,TRUE
09377117,2012,2,0,0,TRUE
09377117,2013,3,0,0,TRUE
09377117,2014,3,0,99.25,TRUE
09377118,2010,2,NA,0,TRUE
09377118,2011,2,0,0,TRUE
09377118,2012,2,0,0,TRUE
09377118,2013,3,0,0,TRUE
09377118,2014,3,0,99.83,TRUE
09377119,2010,2,NA,0,TRUE
09377119,2011,2,0,0,TRUE
09377119,2012,2,0,0,TRUE
09377119,2013,3,0,0,TRUE
09377119,2014,3,0,99.23,TRUE
09377127,2010,2,NA,0,TRUE
09377127,2011,2,0,0,TRUE
09377127,2012,2,0,0,TRUE
09377127,2013,3,0,0,TRUE
09377127,2014,3,0,99.75,TRUE
09377128,2010,2,NA,0,TRUE
09377128,2011,2,0,0,TRUE
09377128,2012,2,0,0,TRUE
09377128,2013,3,0,0,TRUE
09377128,2014,3,0,100,TRUE
09377129,2010,2,NA,0,TRUE
09377129,2011,2,0,0,TRUE
09377129,2012,2,0,0,TRUE
09377129,2013,3,0,0,TRUE
09377129,2014,3,0,99.05,TRUE
09377131,2010,2,NA,0,TRUE
09377131,2011,2,0,0,TRUE
09377131,2012,2,0,0,TRUE
09377131,2013,3,0,0,TRUE
09377131,2014,3,0,98.54,TRUE
09377132,2010,2,NA,0,TRUE
09377132,2011,2,0,0,TRUE
09377132,2012,2,0,0,TRUE
09377132,2013,3,0,0,TRUE
09377132,2014,3,0,100,TRUE
09377133,2010,2,NA,0,TRUE
09377133,2011,2,0,0,TRUE
09377133,2012,2,0,0,TRUE
09377133,2013,3,0,0,TRUE
09377133,2014,3,0,99.7,TRUE
09377137,2010,2,NA,0,TRUE
09377137,2011,2,0,0,TRUE
09377137,2012,2,0,0,TRUE
09377137,2013,3,0,0,TRUE
09377137,2014,3,0,84.07,TRUE
09377139,2010,2,NA,0,TRUE
09377139,2011,2,0,0,TRUE
09377139,2012,2,0,0,TRUE
09377139,2013,3,0,0,TRUE
09377139,2014,3,0,87.42,TRUE
09377141,2010,2,NA,0,TRUE
09377141,2011,2,0,0,TRUE
09377141,2012,2,0,0,TRUE
09377141,2013,3,0,0,TRUE
09377141,2014,3,0,99.81,TRUE
09377142,2010,2,NA,0,TRUE
09377142,2011,2,0,0,TRUE
09377142,2012,2,0,0,TRUE
09377142,2013,3,0,0,TRUE
09377142,2014,3,0,93.1,TRUE
09377143,2010,2,NA,0,TRUE
09377143,2011,2,0,0,TRUE
09377143,2012,2,0,0,TRUE
09377143,2013,3,0,0,TRUE
09377143,2014,3,0,100,TRUE
09377145,2010,2,NA,0,TRUE
09377145,2011,2,0,0,TRUE
09377145,2012,2,0,0,TRUE
09377145,2013,3,0,0,TRUE
09377145,2014,3,0,100,TRUE
09377146,2010,2,NA,0,TRUE
09377146,2011,2,0,0,TRUE
09377146,2012,2,0,0,TRUE
09377146,2013,3,0,0,TRUE
09377146,2014,3,0,98,TRUE
09377148,2010,2,NA,0,TRUE
09377148,2011,2,0,0,TRUE
09377148,2012,2,0,0,TRUE
09377148,2013,3,0,0,TRUE
09377148,2014,3,0,99.09,TRUE
09377149,2010,2,NA,0,TRUE
09377149,2011,2,0,0,TRUE
09377149,2012,2,0,0,TRUE
09377149,2013,3,0,0,TRUE
09377149,2014,3,0,100,TRUE
09377154,2010,2,NA,0,TRUE
09377154,2011,2,0,0,TRUE
09377154,2012,2,0,0,TRUE
09377154,2013,3,0,0,TRUE
09377154,2014,3,0,97.39,TRUE
09377157,2010,2,NA,0,TRUE
09377157,2011,2,0,0,TRUE
09377157,2012,2,0,0,TRUE
09377157,2013,3,0,0,TRUE
09377157,2014,3,0,99.9,TRUE
09377158,2010,2,NA,0,TRUE
09377158,2011,2,0,0,TRUE
09377158,2012,2,0,0,TRUE
09377158,2013,3,0,0,TRUE
09377158,2014,3,0,97.01,TRUE
09377159,2010,2,NA,0,TRUE
09377159,2011,2,0,0,TRUE
09377159,2012,2,0,0,TRUE
09377159,2013,3,0,0,TRUE
09377159,2014,3,0,99.74,TRUE
09377455,2018,74,NA,0,FALSE
09377455,2019,74,0,0,FALSE
09377455,2020,38,0,0,FALSE
09377455,2021,38,0,NA,FALSE
09461000,2010,2,NA,0,TRUE
09461000,2011,2,0,0,TRUE
09461000,2012,2,0,0,TRUE
09461000,2013,3,0,0,TRUE
09461000,2014,3,0,100,TRUE
09462000,2010,2,NA,0,TRUE
09462000,2011,2,0,0,TRUE
09462000,2012,2,0,0,TRUE
09462000,2013,3,0,0,TRUE
09462000,2014,3,0,100,TRUE
09463000,2010,2,NA,0,TRUE
09463000,2011,2,0,0,TRUE
09463000,2012,2,0,0,TRUE
09463000,2013,3,0,0,TRUE
09463000,2014,3,0,100,TRUE
09464000,2010,2,NA,0,TRUE
09464000,2011,2,0,0,TRUE
09464000,2012,2,0,0,TRUE
09464000,2013,3,0,0,TRUE
09464000,2014,3,0,99.99,TRUE
09471111,2010,2,NA,0,TRUE
09471111,2011,2,0,0,TRUE
09471111,2012,2,0,0,TRUE
09471111,2013,3,0,0,TRUE
09471111,2014,3,0,100,TRUE
09471115,2010,2,NA,0,TRUE
09471115,2011,2,0,0,TRUE
09471115,2012,2,0,0,TRUE
09471115,2013,3,0,0,TRUE
09471115,2014,3,0,100,TRUE
09471117,2010,2,NA,0,TRUE
09471117,2011,2,0,0,TRUE
09471117,2012,2,0,0,TRUE
09471117,2013,3,0,0,TRUE
09471117,2014,3,0,99.21,TRUE
09471119,2010,2,NA,0,TRUE
09471119,2011,2,0,0,TRUE
09471119,2012,2,0,0,TRUE
09471119,2013,3,0,0,TRUE
09471119,2014,3,0,100,TRUE
09471120,2010,2,NA,0,TRUE
09471120,2011,2,0,0,TRUE
09471120,2012,2,0,0,TRUE
09471120,2013,3,0,0,TRUE
09471120,2014,3,0,99.96,TRUE
09471122,2010,2,NA,0,TRUE
09471122,2011,2,0,0,TRUE
09471122,2012,2,0,0,TRUE
09471122,2013,3,0,0,TRUE
09471122,2014,3,0,98.72,TRUE
09471123,2010,2,NA,0,TRUE
09471123,2011,2,0,0,TRUE
09471123,2012,2,0,0,TRUE
09471123,2013,3,0,0,TRUE
09471123,2014,3,0,100,TRUE
09471128,2010,2,NA,0,TRUE
09471128,2011,2,0,0,TRUE
09471128,2012,2,0,0,TRUE
09471128,2013,3,0,0,TRUE
09471128,2014,3,0,98.3,TRUE
09471131,2010,2,NA,0,TRUE
09471131,2011,2,0,0,TRUE
09471131,2012,2,0,0,TRUE
09471131,2013,3,0,0,TRUE
09471131,2014,3,0,99.95,TRUE
09471133,2010,2,NA,0,TRUE
09471133,2011,2,0,0,TRUE
09471133,2012,2,0,0,TRUE
09471133,2013,3,0,0,TRUE
09471133,2014,3,0,100,TRUE
09471137,2010,2,NA,0,TRUE
09471137,2011,2,0,0,TRUE
09471137,2012,2,0,0,TRUE
09471137,2013,3,0,0,TRUE
09471137,2014,3,0,100,TRUE
09471140,2010,2,NA,0,TRUE
09471140,2011,2,0,0,TRUE
09471140,2012,2,0,0,TRUE
09471140,2013,3,0,0,TRUE
09471140,2014,3,0,100,TRUE
09471142,2010,2,NA,0,TRUE
09471142,2011,2,0,0,TRUE
09471142,2012,2,0,0,TRUE
09471142,2013,3,0,0,TRUE
09471142,2014,3,0,91.97,TRUE
09471145,2010,2,NA,0,TRUE
09471145,2011,2,0,0,TRUE
09471145,2012,2,0,0,TRUE
09471145,2013,3,0,0,TRUE
09471145,2014,3,0,100,TRUE
09471150,2010,2,NA,0,TRUE
09471150,2011,2,0,0,TRUE
09471150,2012,2,0,0,TRUE
09471150,2013,3,0,0,TRUE
09471150,2014,3,0,100,TRUE
09471151,2010,2,NA,0,TRUE
09471151,2011,2,0,0,TRUE
09471151,2012,2,0,0,TRUE
09471151,2013,3,0,0,TRUE
09471151,2014,3,0,99.6,TRUE
09471152,2010,2,NA,0,TRUE
09471152,2011,2,0,0,TRUE
09471152,2012,2,0,0,TRUE
09471152,2013,3,0,0,TRUE
09471152,2014,3,0,100,TRUE
09471154,2010,2,NA,0,TRUE
09471154,2011,2,0,0,TRUE
09471154,2012,2,0,0,TRUE
09471154,2013,3,0,0,TRUE
09471154,2014,3,0,100,TRUE
09471155,2010,2,NA,0,TRUE
09471155,2011,2,0,0,TRUE
09471155,2012,2,0,0,TRUE
09471155,2013,3,0,0,TRUE
09471155,2014,3,0,99.6,TRUE
09471159,2010,2,NA,0,TRUE
09471159,2011,2,0,0,TRUE
09471159,2012,2,0,0,TRUE
09471159,2013,3,0,0,TRUE
09471159,2014,3,0,99.97,TRUE
09471165,2010,2,NA,0,TRUE
09471165,2011,2,0,0,TRUE
09471165,2012,2,0,0,TRUE
09471165,2013,3,0,0,TRUE
09471165,2014,3,0,100,TRUE
09471169,2010,2,NA,0,TRUE
09471169,2011,2,0,0,TRUE
09471169,2012,2,0,0,TRUE
09471169,2013,3,0,0,TRUE
09471169,2014,3,0,100,TRUE
09471172,2010,2,NA,0,TRUE
09471172,2011,2,0,0,TRUE
09471172,2012,2,0,0,TRUE
09471172,2013,3,0,0,TRUE
09471172,2014,3,0,100,TRUE
09471173,2010,2,NA,0,TRUE
09471173,2011,2,0,0,TRUE
09471173,2012,2,0,0,TRUE
09471173,2013,3,0,0,TRUE
09471173,2014,3,0,100,TRUE
09471174,2010,2,NA,0,TRUE
09471174,2011,2,0,0,TRUE
09471174,2012,2,0,0,TRUE
09471174,2013,3,0,0,TRUE
09471174,2014,3,0,99.68,TRUE
09471175,2010,2,NA,0,TRUE
09471175,2011,2,0,0,TRUE
09471175,2012,2,0,0,TRUE
09471175,2013,3,0,0,TRUE
09471175,2014,3,0,100,TRUE
09471185,2010,2,NA,0,TRUE
09471185,2011,2,0,0,TRUE
09471185,2012,2,0,0,TRUE
09471185,2013,3,0,0,TRUE
09471185,2014,3,0,97.68,TRUE
09471186,2010,2,NA,0,TRUE
09471186,2011,2,0,0,TRUE
09471186,2012,2,0,0,TRUE
09471186,2013,3,0,0,TRUE
09471186,2014,3,0,99.87,TRUE
09471189,2010,2,NA,0,TRUE
09471189,2011,2,0,0,TRUE
09471189,2012,2,0,0,TRUE
09471189,2013,3,0,0,TRUE
09471189,2014,3,0,91.3,TRUE
09471191,2010,2,NA,0,TRUE
09471191,2011,2,0,0,TRUE
09471191,2012,2,0,0,TRUE
09471191,2013,3,0,0,TRUE
09471191,2014,3,0,99.32,TRUE
09471195,2010,2,NA,0,TRUE
09471195,2011,2,0,0,TRUE
09471195,2012,2,0,0,TRUE
09471195,2013,3,0,0,TRUE
09471195,2014,3,0,100,TRUE
09471207,2010,2,NA,0,TRUE
09471207,2011,2,0,0,TRUE
09471207,2012,2,0,0,TRUE
09471207,2013,3,0,0,TRUE
09471207,2014,3,0,100,TRUE
09471208,2010,2,NA,0,TRUE
09471208,2011,2,0,0,TRUE
09471208,2012,2,0,0,TRUE
09471208,2013,3,0,0,TRUE
09471208,2014,3,0,100,TRUE
09471209,2010,2,NA,0,TRUE
09471209,2011,2,0,0,TRUE
09471209,2012,2,0,0,TRUE
09471209,2013,3,0,0,TRUE
09471209,2014,3,0,82.95,TRUE
09471214,2010,2,NA,0,TRUE
09471214,2011,2,0,0,TRUE
09471214,2012,2,0,0,TRUE
09471214,2013,3,0,0,TRUE
09471214,2014,3,0,100,TRUE
09471220,2010,2,NA,0,TRUE
09471220,2011,2,0,0,TRUE
09471220,2012,2,0,0,TRUE
09471220,2013,3,0,0,TRUE
09471220,2014,3,0,99.96,TRUE
09471444,2010,2,NA,0,TRUE
09471444,2011,2,0,0,TRUE
09471444,2012,2,0,0,TRUE
09471444,2013,3,0,0,TRUE
09471444,2014,3,0,0,TRUE
09471444,2015,3,0,100,FALSE
09471452,2018,74,NA,0,FALSE
09471452,2019,74,0,0,FALSE
09471452,2020,38,0,0,FALSE
09471452,2021,38,0,NA,FALSE
09471453,2018,74,NA,0,FALSE
09471453,2019,74,0,0,FALSE
09471453,2020,38,0,0,FALSE
09471453,2021,38,0,NA,FALSE
09471454,2018,74,NA,0,FALSE
09471454,2019,74,0,0,FALSE
09471454,2020,38,0,0,FALSE
09471454,2021,38,0,NA,FALSE
09471455,2021,38,100,NA,FALSE
09471456,2021,38,94,NA,FALSE
09471457,2018,74,NA,0,FALSE
09471457,2019,74,0,0,FALSE
09471457,2020,38,0,0,FALSE
09471457,2021,38,0,NA,FALSE
09471459,2018,74,NA,0,FALSE
09471459,2019,74,0,0,FALSE
09471459,2020,38,0,0,FALSE
09471459,2021,38,0,NA,FALSE
09471460,2018,74,NA,0,FALSE
09471460,2019,74,0,0,FALSE
09471460,2020,38,0,0,FALSE
09471460,2021,38,0,NA,FALSE
09471461,2018,74,NA,0,FALSE
09471461,2019,74,0,0,FALSE
09471461,2020,38,0,0,FALSE
09471461,2021,38,0,NA,FALSE
09471462,2018,74,NA,0,FALSE
09471462,2019,74,0,0,FALSE
09471462,2020,38,0,0,FALSE
09471462,2021,38,0,NA,FALSE
09472111,2010,2,NA,0,TRUE
09472111,2011,2,0,0,TRUE
09472111,2012,2,0,0,TRUE
09472111,2013,3,0,0,TRUE
09472111,2014,3,0,98.01,TRUE
09472115,2010,2,NA,0,TRUE
09472115,2011,2,0,0,TRUE
09472115,2012,2,0,0,TRUE
09472115,2013,3,0,0,TRUE
09472115,2014,3,0,76.84,TRUE
09472116,2010,2,NA,0,TRUE
09472116,2011,2,0,0,TRUE
09472116,2012,2,0,0,TRUE
09472116,2013,3,0,0,TRUE
09472116,2014,3,0,99.38,TRUE
09472118,2010,2,NA,0,TRUE
09472118,2011,2,0,0,TRUE
09472118,2012,2,0,0,TRUE
09472118,2013,3,0,0,TRUE
09472118,2014,3,0,98.99,TRUE
09472119,2010,2,NA,0,TRUE
09472119,2011,2,0,0,TRUE
09472119,2012,2,0,0,TRUE
09472119,2013,3,0,0,TRUE
09472119,2014,3,0,99.65,TRUE
09472121,2010,2,NA,0,TRUE
09472121,2011,2,0,0,TRUE
09472121,2012,2,0,0,TRUE
09472121,2013,3,0,0,TRUE
09472121,2014,3,0,99.78,TRUE
09472127,2010,2,NA,0,TRUE
09472127,2011,2,0,0,TRUE
09472127,2012,2,0,0,TRUE
09472127,2013,3,0,0,TRUE
09472127,2014,3,0,99.72,TRUE
09472131,2010,2,NA,0,TRUE
09472131,2011,2,0,0,TRUE
09472131,2012,2,0,0,TRUE
09472131,2013,3,0,0,TRUE
09472131,2014,3,0,99.77,TRUE
09472133,2010,2,NA,0,TRUE
09472133,2011,2,0,0,TRUE
09472133,2012,2,0,0,TRUE
09472133,2013,3,0,0,TRUE
09472133,2014,3,0,99.38,TRUE
09472138,2010,2,NA,0,TRUE
09472138,2011,2,0,0,TRUE
09472138,2012,2,0,0,TRUE
09472138,2013,3,0,0,TRUE
09472138,2014,3,0,99.89,TRUE
09472139,2010,2,NA,0,TRUE
09472139,2011,2,0,0,TRUE
09472139,2012,2,0,0,TRUE
09472139,2013,3,0,0,TRUE
09472139,2014,3,0,97.66,TRUE
09472140,2010,2,NA,0,TRUE
09472140,2011,2,0,0,TRUE
09472140,2012,2,0,0,TRUE
09472140,2013,3,0,0,TRUE
09472140,2014,3,0,100,TRUE
09472141,2010,2,NA,0,TRUE
09472141,2011,2,0,0,TRUE
09472141,2012,2,0,0,TRUE
09472141,2013,3,0,0,TRUE
09472141,2014,3,0,100,TRUE
09472143,2010,2,NA,0,TRUE
09472143,2011,2,0,0,TRUE
09472143,2012,2,0,0,TRUE
09472143,2013,3,0,0,TRUE
09472143,2014,3,0,96.97,TRUE
09472146,2010,2,NA,0,TRUE
09472146,2011,2,0,0,TRUE
09472146,2012,2,0,0,TRUE
09472146,2013,3,0,0,TRUE
09472146,2014,3,0,100,TRUE
09472150,2010,2,NA,0,TRUE
09472150,2011,2,0,0,TRUE
09472150,2012,2,0,0,TRUE
09472150,2013,3,0,0,TRUE
09472150,2014,3,0,100,TRUE
09472154,2010,2,NA,0,TRUE
09472154,2011,2,0,0,TRUE
09472154,2012,2,0,0,TRUE
09472154,2013,3,0,0,TRUE
09472154,2014,3,0,93.92,TRUE
09472155,2010,2,NA,0,TRUE
09472155,2011,2,0,0,TRUE
09472155,2012,2,0,0,TRUE
09472155,2013,3,0,0,TRUE
09472155,2014,3,0,99.91,TRUE
09472156,2010,2,NA,0,TRUE
09472156,2011,2,0,0,TRUE
09472156,2012,2,0,0,TRUE
09472156,2013,3,0,0,TRUE
09472156,2014,3,0,98.96,TRUE
09472164,2010,2,NA,0,TRUE
09472164,2011,2,0,0,TRUE
09472164,2012,2,0,0,TRUE
09472164,2013,3,0,0,TRUE
09472164,2014,3,0,99.83,TRUE
09472166,2010,2,NA,0,TRUE
09472166,2011,2,0,0,TRUE
09472166,2012,2,0,0,TRUE
09472166,2013,3,0,0,TRUE
09472166,2014,3,0,100,TRUE
09472167,2010,2,NA,0,TRUE
09472167,2011,2,0,0,TRUE
09472167,2012,2,0,0,TRUE
09472167,2013,3,0,0,TRUE
09472167,2014,3,0,99.69,TRUE
09472175,2010,2,NA,0,TRUE
09472175,2011,2,0,0,TRUE
09472175,2012,2,0,0,TRUE
09472175,2013,3,0,0,TRUE
09472175,2014,3,0,99.76,TRUE
09472176,2010,2,NA,0,TRUE
09472176,2011,2,0,0,TRUE
09472176,2012,2,0,0,TRUE
09472176,2013,3,0,0,TRUE
09472176,2014,3,0,99.72,TRUE
09472177,2010,2,NA,0,TRUE
09472177,2011,2,0,0,TRUE
09472177,2012,2,0,0,TRUE
09472177,2013,3,0,0,TRUE
09472177,2014,3,0,100,TRUE
09472179,2010,2,NA,0,TRUE
09472179,2011,2,0,0,TRUE
09472179,2012,2,0,0,TRUE
09472179,2013,3,0,0,TRUE
09472179,2014,3,0,95.19,TRUE
09472180,2010,2,NA,0,TRUE
09472180,2011,2,0,0,TRUE
09472180,2012,2,0,0,TRUE
09472180,2013,3,0,0,TRUE
09472180,2014,3,0,99.23,TRUE
09472184,2010,2,NA,0,TRUE
09472184,2011,2,0,0,TRUE
09472184,2012,2,0,0,TRUE
09472184,2013,3,0,0,TRUE
09472184,2014,3,0,55.13,TRUE
09472188,2010,2,NA,0,TRUE
09472188,2011,2,0,0,TRUE
09472188,2012,2,0,0,TRUE
09472188,2013,3,0,0,TRUE
09472188,2014,3,0,100,TRUE
09472190,2010,2,NA,0,TRUE
09472190,2011,2,0,0,TRUE
09472190,2012,2,0,0,TRUE
09472190,2013,3,0,0,TRUE
09472190,2014,3,0,99.96,TRUE
09472197,2010,2,NA,0,TRUE
09472197,2011,2,0,0,TRUE
09472197,2012,2,0,0,TRUE
09472197,2013,3,0,0,TRUE
09472197,2014,3,0,95.75,TRUE
09472198,2010,2,NA,0,TRUE
09472198,2011,2,0,0,TRUE
09472198,2012,2,0,0,TRUE
09472198,2013,3,0,0,TRUE
09472198,2014,3,0,97.86,TRUE
09472199,2010,2,NA,0,TRUE
09472199,2011,2,0,0,TRUE
09472199,2012,2,0,0,TRUE
09472199,2013,3,0,0,TRUE
09472199,2014,3,0,99.68,TRUE
09472444,2010,2,NA,0,TRUE
09472444,2011,2,0,0,TRUE
09472444,2012,2,0,0,TRUE
09472444,2013,3,0,0,TRUE
09472444,2014,3,0,0,TRUE
09472444,2015,3,0,94.12,FALSE
09472451,2021,38,83.33,NA,FALSE
09472453,2021,38,100,NA,FALSE
09472454,2021,38,100,NA,FALSE
09472456,2021,38,100,NA,FALSE
09472457,2021,38,100,NA,FALSE
09472458,2018,74,NA,0,FALSE
09472458,2019,74,0,0,FALSE
09472458,2020,38,0,0,FALSE
09472458,2021,38,0,NA,FALSE
09472459,2018,74,NA,0,FALSE
09472459,2019,74,0,0,FALSE
09472459,2020,38,0,0,FALSE
09472459,2021,38,0,NA,FALSE
09472460,2018,74,NA,0,FALSE
09472460,2019,74,0,0,FALSE
09472460,2020,38,0,0,FALSE
09472460,2021,38,0,NA,FALSE
09472461,2018,74,NA,0,FALSE
09472461,2019,74,0,0,FALSE
09472461,2020,38,0,0,FALSE
09472461,2021,38,0,NA,FALSE
09472463,2021,38,100,NA,FALSE
09472464,2018,74,NA,0,FALSE
09472464,2019,74,0,0,FALSE
09472464,2020,38,0,0,FALSE
09472464,2021,38,0,NA,FALSE
09472468,2021,38,100,NA,FALSE
09472469,2018,74,NA,0,FALSE
09472469,2019,74,0,0,FALSE
09472469,2020,38,0,0,FALSE
09472469,2021,38,0,NA,FALSE
09472470,2020,38,100,0,FALSE
09472470,2021,38,0,NA,FALSE
09473112,2010,2,NA,0,TRUE
09473112,2011,2,0,0,TRUE
09473112,2012,2,0,0,TRUE
09473112,2013,3,0,0,TRUE
09473112,2014,3,0,99.29,TRUE
09473120,2010,2,NA,0,TRUE
09473120,2011,2,0,0,TRUE
09473120,2012,2,0,0,TRUE
09473120,2013,3,0,0,TRUE
09473120,2014,3,0,100,TRUE
09473121,2010,2,NA,0,TRUE
09473121,2011,2,0,0,TRUE
09473121,2012,2,0,0,TRUE
09473121,2013,3,0,0,TRUE
09473121,2014,3,0,99.89,TRUE
09473132,2010,2,NA,0,TRUE
09473132,2011,2,0,0,TRUE
09473132,2012,2,0,0,TRUE
09473132,2013,3,0,0,TRUE
09473132,2014,3,0,100,TRUE
09473134,2010,2,NA,0,TRUE
09473134,2011,2,0,0,TRUE
09473134,2012,2,0,0,TRUE
09473134,2013,3,0,0,TRUE
09473134,2014,3,0,100,TRUE
09473138,2010,2,NA,0,TRUE
09473138,2011,2,0,0,TRUE
09473138,2012,2,0,0,TRUE
09473138,2013,3,0,0,TRUE
09473138,2014,3,0,99.59,TRUE
09473141,2010,2,NA,0,TRUE
09473141,2011,2,0,0,TRUE
09473141,2012,2,0,0,TRUE
09473141,2013,3,0,0,TRUE
09473141,2014,3,0,98.28,TRUE
09473144,2010,2,NA,0,TRUE
09473144,2011,2,0,0,TRUE
09473144,2012,2,0,0,TRUE
09473144,2013,3,0,0,TRUE
09473144,2014,3,0,99.32,TRUE
09473151,2010,2,NA,0,TRUE
09473151,2011,2,0,0,TRUE
09473151,2012,2,0,0,TRUE
09473151,2013,3,0,0,TRUE
09473151,2014,3,0,99.86,TRUE
09473153,2010,2,NA,0,TRUE
09473153,2011,2,0,0,TRUE
09473153,2012,2,0,0,TRUE
09473153,2013,3,0,0,TRUE
09473153,2014,3,0,100,TRUE
09473158,2010,2,NA,0,TRUE
09473158,2011,2,0,0,TRUE
09473158,2012,2,0,0,TRUE
09473158,2013,3,0,0,TRUE
09473158,2014,3,0,98.48,TRUE
09473159,2010,2,NA,0,TRUE
09473159,2011,2,0,0,TRUE
09473159,2012,2,0,0,TRUE
09473159,2013,3,0,0,TRUE
09473159,2014,3,0,99.88,TRUE
09473165,2010,2,NA,0,TRUE
09473165,2011,2,0,0,TRUE
09473165,2012,2,0,0,TRUE
09473165,2013,3,0,0,TRUE
09473165,2014,3,0,98.37,TRUE
09473166,2010,2,NA,0,TRUE
09473166,2011,2,0,0,TRUE
09473166,2012,2,0,0,TRUE
09473166,2013,3,0,0,TRUE
09473166,2014,3,0,99.91,TRUE
09473170,2010,2,NA,0,TRUE
09473170,2011,2,0,0,TRUE
09473170,2012,2,0,0,TRUE
09473170,2013,3,0,0,TRUE
09473170,2014,3,0,100,TRUE
09473174,2010,2,NA,0,TRUE
09473174,2011,2,0,0,TRUE
09473174,2012,2,0,0,TRUE
09473174,2013,3,0,0,TRUE
09473174,2014,3,0,99.79,TRUE
09473175,2010,2,NA,0,TRUE
09473175,2011,2,0,0,TRUE
09473175,2012,2,0,0,TRUE
09473175,2013,3,0,0,TRUE
09473175,2014,3,0,99.6,TRUE
09473444,2010,2,NA,0,TRUE
09473444,2011,2,0,0,TRUE
09473444,2012,2,0,0,TRUE
09473444,2013,3,0,0,TRUE
09473444,2014,3,0,0,TRUE
09473444,2015,3,0,0,FALSE
09473444,2016,3,0,0,FALSE
09473444,2017,3,0,0,FALSE
09473444,2018,3,0,NA,FALSE
09473452,2018,74,NA,0,FALSE
09473452,2019,74,0,0,FALSE
09473452,2020,38,0,0,FALSE
09473452,2021,38,0,NA,FALSE
09473453,2018,74,NA,0,FALSE
09473453,2019,74,0,0,FALSE
09473453,2020,38,0,0,FALSE
09473453,2021,38,0,NA,FALSE
09473454,2018,74,NA,0,FALSE
09473454,2019,74,0,0,FALSE
09473454,2020,38,0,0,FALSE
09473454,2021,38,0,NA,FALSE
09474119,2010,2,NA,0,TRUE
09474119,2011,2,0,0,TRUE
09474119,2012,2,0,0,TRUE
09474119,2013,3,0,0,TRUE
09474119,2014,3,0,100,TRUE
09474121,2010,2,NA,0,TRUE
09474121,2011,2,0,0,TRUE
09474121,2012,2,0,0,TRUE
09474121,2013,3,0,0,TRUE
09474121,2014,3,0,98.96,TRUE
09474122,2010,2,NA,0,TRUE
09474122,2011,2,0,0,TRUE
09474122,2012,2,0,0,TRUE
09474122,2013,3,0,0,TRUE
09474122,2014,3,0,100,TRUE
09474123,2010,2,NA,0,TRUE
09474123,2011,2,0,0,TRUE
09474123,2012,2,0,0,TRUE
09474123,2013,3,0,0,TRUE
09474123,2014,3,0,99.96,TRUE
09474124,2010,2,NA,0,TRUE
09474124,2011,2,0,0,TRUE
09474124,2012,2,0,0,TRUE
09474124,2013,3,0,0,TRUE
09474124,2014,3,0,97.51,TRUE
09474126,2010,2,NA,0,TRUE
09474126,2011,2,0,0,TRUE
09474126,2012,2,0,0,TRUE
09474126,2013,3,0,0,TRUE
09474126,2014,3,0,100,TRUE
09474129,2010,2,NA,0,TRUE
09474129,2011,2,0,0,TRUE
09474129,2012,2,0,0,TRUE
09474129,2013,3,0,0,TRUE
09474129,2014,3,0,96.38,TRUE
09474132,2010,2,NA,0,TRUE
09474132,2011,2,0,0,TRUE
09474132,2012,2,0,0,TRUE
09474132,2013,3,0,0,TRUE
09474132,2014,3,0,99.27,TRUE
09474133,2010,2,NA,0,TRUE
09474133,2011,2,0,0,TRUE
09474133,2012,2,0,0,TRUE
09474133,2013,3,0,0,TRUE
09474133,2014,3,0,100,TRUE
09474134,2010,2,NA,0,TRUE
09474134,2011,2,0,0,TRUE
09474134,2012,2,0,0,TRUE
09474134,2013,3,0,0,TRUE
09474134,2014,3,0,100,TRUE
09474135,2010,2,NA,0,TRUE
09474135,2011,2,0,0,TRUE
09474135,2012,2,0,0,TRUE
09474135,2013,3,0,0,TRUE
09474135,2014,3,0,100,TRUE
09474137,2010,2,NA,0,TRUE
09474137,2011,2,0,0,TRUE
09474137,2012,2,0,0,TRUE
09474137,2013,3,0,0,TRUE
09474137,2014,3,0,100,TRUE
09474138,2010,2,NA,0,TRUE
09474138,2011,2,0,0,TRUE
09474138,2012,2,0,0,TRUE
09474138,2013,3,0,0,TRUE
09474138,2014,3,0,97.37,TRUE
09474140,2010,2,NA,0,TRUE
09474140,2011,2,0,0,TRUE
09474140,2012,2,0,0,TRUE
09474140,2013,3,0,0,TRUE
09474140,2014,3,0,99.65,TRUE
09474143,2010,2,NA,0,TRUE
09474143,2011,2,0,0,TRUE
09474143,2012,2,0,0,TRUE
09474143,2013,3,0,0,TRUE
09474143,2014,3,0,100,TRUE
09474144,2010,2,NA,0,TRUE
09474144,2011,2,0,0,TRUE
09474144,2012,2,0,0,TRUE
09474144,2013,3,0,0,TRUE
09474144,2014,3,0,100,TRUE
09474145,2010,2,NA,0,TRUE
09474145,2011,2,0,0,TRUE
09474145,2012,2,0,0,TRUE
09474145,2013,3,0,0,TRUE
09474145,2014,3,0,100,TRUE
09474146,2010,2,NA,0,TRUE
09474146,2011,2,0,0,TRUE
09474146,2012,2,0,0,TRUE
09474146,2013,3,0,0,TRUE
09474146,2014,3,0,100,TRUE
09474147,2010,2,NA,0,TRUE
09474147,2011,2,0,0,TRUE
09474147,2012,2,0,0,TRUE
09474147,2013,3,0,0,TRUE
09474147,2014,3,0,99.86,TRUE
09474154,2010,2,NA,0,TRUE
09474154,2011,2,0,0,TRUE
09474154,2012,2,0,0,TRUE
09474154,2013,3,0,0,TRUE
09474154,2014,3,0,99.97,TRUE
09474156,2010,2,NA,0,TRUE
09474156,2011,2,0,0,TRUE
09474156,2012,2,0,0,TRUE
09474156,2013,3,0,0,TRUE
09474156,2014,3,0,97.41,TRUE
09474158,2010,2,NA,0,TRUE
09474158,2011,2,0,0,TRUE
09474158,2012,2,0,0,TRUE
09474158,2013,3,0,0,TRUE
09474158,2014,3,0,100,TRUE
09474160,2010,2,NA,0,TRUE
09474160,2011,2,0,0,TRUE
09474160,2012,2,0,0,TRUE
09474160,2013,3,0,0,TRUE
09474160,2014,3,0,100,TRUE
09474161,2010,2,NA,0,TRUE
09474161,2011,2,0,0,TRUE
09474161,2012,2,0,0,TRUE
09474161,2013,3,0,0,TRUE
09474161,2014,3,0,95.05,TRUE
09474168,2010,2,NA,0,TRUE
09474168,2011,2,0,0,TRUE
09474168,2012,2,0,0,TRUE
09474168,2013,3,0,0,TRUE
09474168,2014,3,0,94.28,TRUE
09474171,2010,2,NA,0,TRUE
09474171,2011,2,0,0,TRUE
09474171,2012,2,0,0,TRUE
09474171,2013,3,0,0,TRUE
09474171,2014,3,0,100,TRUE
09474173,2010,2,NA,0,TRUE
09474173,2011,2,0,0,TRUE
09474173,2012,2,0,0,TRUE
09474173,2013,3,0,0,TRUE
09474173,2014,3,0,100,TRUE
09474175,2010,2,NA,0,TRUE
09474175,2011,2,0,0,TRUE
09474175,2012,2,0,0,TRUE
09474175,2013,3,0,0,TRUE
09474175,2014,3,0,100,TRUE
09474176,2010,2,NA,0,TRUE
09474176,2011,2,0,0,TRUE
09474176,2012,2,0,0,TRUE
09474176,2013,3,0,0,TRUE
09474176,2014,3,0,99.6,TRUE
09475112,2010,2,NA,0,TRUE
09475112,2011,2,0,0,TRUE
09475112,2012,2,0,0,TRUE
09475112,2013,3,0,0,TRUE
09475112,2014,3,0,99.46,TRUE
09475113,2010,2,NA,0,TRUE
09475113,2011,2,0,0,TRUE
09475113,2012,2,0,0,TRUE
09475113,2013,3,0,0,TRUE
09475113,2014,3,0,100,TRUE
09475120,2010,2,NA,0,TRUE
09475120,2011,2,0,0,TRUE
09475120,2012,2,0,0,TRUE
09475120,2013,3,0,0,TRUE
09475120,2014,3,0,99.33,TRUE
09475123,2010,2,NA,0,TRUE
09475123,2011,2,0,0,TRUE
09475123,2012,2,0,0,TRUE
09475123,2013,3,0,0,TRUE
09475123,2014,3,0,96.91,TRUE
09475127,2010,2,NA,0,TRUE
09475127,2011,2,0,0,TRUE
09475127,2012,2,0,0,TRUE
09475127,2013,3,0,0,TRUE
09475127,2014,3,0,100,TRUE
09475128,2010,2,NA,0,TRUE
09475128,2011,2,0,0,TRUE
09475128,2012,2,0,0,TRUE
09475128,2013,3,0,0,TRUE
09475128,2014,3,0,99.32,TRUE
09475136,2010,2,NA,0,TRUE
09475136,2011,2,0,0,TRUE
09475136,2012,2,0,0,TRUE
09475136,2013,3,0,0,TRUE
09475136,2014,3,0,99.98,TRUE
09475137,2010,2,NA,0,TRUE
09475137,2011,2,0,0,TRUE
09475137,2012,2,0,0,TRUE
09475137,2013,3,0,0,TRUE
09475137,2014,3,0,100,TRUE
09475141,2010,2,NA,0,TRUE
09475141,2011,2,0,0,TRUE
09475141,2012,2,0,0,TRUE
09475141,2013,3,0,0,TRUE
09475141,2014,3,0,100,TRUE
09475142,2010,2,NA,0,TRUE
09475142,2011,2,0,0,TRUE
09475142,2012,2,0,0,TRUE
09475142,2013,3,0,0,TRUE
09475142,2014,3,0,100,TRUE
09475145,2010,2,NA,0,TRUE
09475145,2011,2,0,0,TRUE
09475145,2012,2,0,0,TRUE
09475145,2013,3,0,0,TRUE
09475145,2014,3,0,100,TRUE
09475146,2010,2,NA,0,TRUE
09475146,2011,2,0,0,TRUE
09475146,2012,2,0,0,TRUE
09475146,2013,3,0,0,TRUE
09475146,2014,3,0,100,TRUE
09475154,2010,2,NA,0,TRUE
09475154,2011,2,0,0,TRUE
09475154,2012,2,0,0,TRUE
09475154,2013,3,0,0,TRUE
09475154,2014,3,0,100,TRUE
09475156,2010,2,NA,0,TRUE
09475156,2011,2,0,0,TRUE
09475156,2012,2,0,0,TRUE
09475156,2013,3,0,0,TRUE
09475156,2014,3,0,99.95,TRUE
09475158,2010,2,NA,0,TRUE
09475158,2011,2,0,0,TRUE
09475158,2012,2,0,0,TRUE
09475158,2013,3,0,0,TRUE
09475158,2014,3,0,100,TRUE
09475161,2010,2,NA,0,TRUE
09475161,2011,2,0,0,TRUE
09475161,2012,2,0,0,TRUE
09475161,2013,3,0,0,TRUE
09475161,2014,3,0,99.91,TRUE
09475162,2010,2,NA,0,TRUE
09475162,2011,2,0,0,TRUE
09475162,2012,2,0,0,TRUE
09475162,2013,3,0,0,TRUE
09475162,2014,3,0,99.42,TRUE
09475165,2010,2,NA,0,TRUE
09475165,2011,2,0,0,TRUE
09475165,2012,2,0,0,TRUE
09475165,2013,3,0,0,TRUE
09475165,2014,3,0,99.79,TRUE
09475168,2010,2,NA,0,TRUE
09475168,2011,2,0,0,TRUE
09475168,2012,2,0,0,TRUE
09475168,2013,3,0,0,TRUE
09475168,2014,3,0,99.71,TRUE
09475169,2010,2,NA,0,TRUE
09475169,2011,2,0,0,TRUE
09475169,2012,2,0,0,TRUE
09475169,2013,3,0,0,TRUE
09475169,2014,3,0,98.32,TRUE
09475171,2010,2,NA,0,TRUE
09475171,2011,2,0,0,TRUE
09475171,2012,2,0,0,TRUE
09475171,2013,3,0,0,TRUE
09475171,2014,3,0,100,TRUE
09475174,2010,2,NA,0,TRUE
09475174,2011,2,0,0,TRUE
09475174,2012,2,0,0,TRUE
09475174,2013,3,0,0,TRUE
09475174,2014,3,0,100,TRUE
09475175,2010,2,NA,0,TRUE
09475175,2011,2,0,0,TRUE
09475175,2012,2,0,0,TRUE
09475175,2013,3,0,0,TRUE
09475175,2014,3,0,99.73,TRUE
09475181,2010,2,NA,0,TRUE
09475181,2011,2,0,0,TRUE
09475181,2012,2,0,0,TRUE
09475181,2013,3,0,0,TRUE
09475181,2014,3,0,100,TRUE
09475182,2010,2,NA,0,TRUE
09475182,2011,2,0,0,TRUE
09475182,2012,2,0,0,TRUE
09475182,2013,3,0,0,TRUE
09475182,2014,3,0,99.86,TRUE
09475184,2010,2,NA,0,TRUE
09475184,2011,2,0,0,TRUE
09475184,2012,2,0,0,TRUE
09475184,2013,3,0,0,TRUE
09475184,2014,3,0,100,TRUE
09475189,2010,2,NA,0,TRUE
09475189,2011,2,0,0,TRUE
09475189,2012,2,0,0,TRUE
09475189,2013,3,0,0,TRUE
09475189,2014,3,0,99.8,TRUE
09475444,2010,2,NA,0,TRUE
09475444,2011,2,0,0,TRUE
09475444,2012,2,0,0,TRUE
09475444,2013,3,0,0,TRUE
09475444,2014,3,0,0,TRUE
09475444,2015,3,0,21.33,FALSE
09475451,2021,38,100,NA,FALSE
09475452,2021,38,100,NA,FALSE
09475453,2021,38,100,NA,FALSE
09475454,2018,74,NA,0,FALSE
09475454,2019,74,0,0,FALSE
09475454,2020,38,0,0,FALSE
09475454,2021,38,0,NA,FALSE
09476145,2010,2,NA,0,TRUE
09476145,2011,2,0,0,TRUE
09476145,2012,2,0,0,TRUE
09476145,2013,3,0,0,TRUE
09476145,2014,3,0,99.38,TRUE
09476146,2010,2,NA,0,TRUE
09476146,2011,2,0,0,TRUE
09476146,2012,2,0,0,TRUE
09476146,2013,3,0,0,TRUE
09476146,2014,3,0,99.94,TRUE
09476152,2010,2,NA,0,TRUE
09476152,2011,2,0,0,TRUE
09476152,2012,2,0,0,TRUE
09476152,2013,3,0,0,TRUE
09476152,2014,3,0,99.21,TRUE
09476154,2010,2,NA,0,TRUE
09476154,2011,2,0,0,TRUE
09476154,2012,2,0,0,TRUE
09476154,2013,3,0,0,TRUE
09476154,2014,3,0,99.77,TRUE
09476159,2010,2,NA,0,TRUE
09476159,2011,2,0,0,TRUE
09476159,2012,2,0,0,TRUE
09476159,2013,3,0,0,TRUE
09476159,2014,3,0,99.55,TRUE
09476164,2010,2,NA,0,TRUE
09476164,2011,2,0,0,TRUE
09476164,2012,2,0,0,TRUE
09476164,2013,3,0,0,TRUE
09476164,2014,3,0,100,TRUE
09476166,2010,2,NA,0,TRUE
09476166,2011,2,0,0,TRUE
09476166,2012,2,0,0,TRUE
09476166,2013,3,0,0,TRUE
09476166,2014,3,0,99.71,TRUE
09476171,2010,2,NA,0,TRUE
09476171,2011,2,0,0,TRUE
09476171,2012,2,0,0,TRUE
09476171,2013,3,0,0,TRUE
09476171,2014,3,0,100,TRUE
09476175,2010,2,NA,0,TRUE
09476175,2011,2,0,0,TRUE
09476175,2012,2,0,0,TRUE
09476175,2013,3,0,0,TRUE
09476175,2014,3,0,99.73,TRUE
09476177,2010,2,NA,0,TRUE
09476177,2011,2,0,0,TRUE
09476177,2012,2,0,0,TRUE
09476177,2013,3,0,0,TRUE
09476177,2014,3,0,97.85,TRUE
09476178,2010,2,NA,0,TRUE
09476178,2011,2,0,0,TRUE
09476178,2012,2,0,0,TRUE
09476178,2013,3,0,0,TRUE
09476178,2014,3,0,100,TRUE
09476179,2010,2,NA,0,TRUE
09476179,2011,2,0,0,TRUE
09476179,2012,2,0,0,TRUE
09476179,2013,3,0,0,TRUE
09476179,2014,3,0,99.91,TRUE
09476180,2010,2,NA,0,TRUE
09476180,2011,2,0,0,TRUE
09476180,2012,2,0,0,TRUE
09476180,2013,3,0,0,TRUE
09476180,2014,3,0,99.79,TRUE
09476182,2010,2,NA,0,TRUE
09476182,2011,2,0,0,TRUE
09476182,2012,2,0,0,TRUE
09476182,2013,3,0,0,TRUE
09476182,2014,3,0,100,TRUE
09476183,2010,2,NA,0,TRUE
09476183,2011,2,0,0,TRUE
09476183,2012,2,0,0,TRUE
09476183,2013,3,0,0,TRUE
09476183,2014,3,0,99.29,TRUE
09476184,2010,2,NA,0,TRUE
09476184,2011,2,0,0,TRUE
09476184,2012,2,0,0,TRUE
09476184,2013,3,0,0,TRUE
09476184,2014,3,0,99.11,TRUE
09476185,2010,2,NA,0,TRUE
09476185,2011,2,0,0,TRUE
09476185,2012,2,0,0,TRUE
09476185,2013,3,0,0,TRUE
09476185,2014,3,0,99.93,TRUE
09476189,2010,2,NA,0,TRUE
09476189,2011,2,0,0,TRUE
09476189,2012,2,0,0,TRUE
09476189,2013,3,0,0,TRUE
09476189,2014,3,0,86.86,TRUE
09476444,2010,2,NA,0,TRUE
09476444,2011,2,0,0,TRUE
09476444,2012,2,0,0,TRUE
09476444,2013,3,0,0,TRUE
09476444,2014,3,0,0,TRUE
09476444,2015,3,0,100,FALSE
09476444,2018,3,100,NA,FALSE
09476451,2018,74,NA,0,FALSE
09476451,2019,74,0,0,FALSE
09476451,2020,38,0,0,FALSE
09476451,2021,38,0,NA,FALSE
09476453,2021,38,100,NA,FALSE
09477117,2010,2,NA,0,TRUE
09477117,2011,2,0,0,TRUE
09477117,2012,2,0,0,TRUE
09477117,2013,3,0,0,TRUE
09477117,2014,3,0,98.44,TRUE
09477118,2010,2,NA,0,TRUE
09477118,2011,2,0,0,TRUE
09477118,2012,2,0,0,TRUE
09477118,2013,3,0,0,TRUE
09477118,2014,3,0,94.67,TRUE
09477119,2010,2,NA,0,TRUE
09477119,2011,2,0,0,TRUE
09477119,2012,2,0,0,TRUE
09477119,2013,3,0,0,TRUE
09477119,2014,3,0,100,TRUE
09477121,2010,2,NA,0,TRUE
09477121,2011,2,0,0,TRUE
09477121,2012,2,0,0,TRUE
09477121,2013,3,0,0,TRUE
09477121,2014,3,0,100,TRUE
09477124,2010,2,NA,0,TRUE
09477124,2011,2,0,0,TRUE
09477124,2012,2,0,0,TRUE
09477124,2013,3,0,0,TRUE
09477124,2014,3,0,97.87,TRUE
09477127,2010,2,NA,0,TRUE
09477127,2011,2,0,0,TRUE
09477127,2012,2,0,0,TRUE
09477127,2013,3,0,0,TRUE
09477127,2014,3,0,96.92,TRUE
09477128,2010,2,NA,0,TRUE
09477128,2011,2,0,0,TRUE
09477128,2012,2,0,0,TRUE
09477128,2013,3,0,0,TRUE
09477128,2014,3,0,99.89,TRUE
09477129,2010,2,NA,0,TRUE
09477129,2011,2,0,0,TRUE
09477129,2012,2,0,0,TRUE
09477129,2013,3,0,0,TRUE
09477129,2014,3,0,100,TRUE
09477135,2010,2,NA,0,TRUE
09477135,2011,2,0,0,TRUE
09477135,2012,2,0,0,TRUE
09477135,2013,3,0,0,TRUE
09477135,2014,3,0,100,TRUE
09477136,2010,2,NA,0,TRUE
09477136,2011,2,0,0,TRUE
09477136,2012,2,0,0,TRUE
09477136,2013,3,0,0,TRUE
09477136,2014,3,0,98.6,TRUE
09477138,2010,2,NA,0,TRUE
09477138,2011,2,0,0,TRUE
09477138,2012,2,0,0,TRUE
09477138,2013,3,0,0,TRUE
09477138,2014,3,0,99.73,TRUE
09477139,2010,2,NA,0,TRUE
09477139,2011,2,0,0,TRUE
09477139,2012,2,0,0,TRUE
09477139,2013,3,0,0,TRUE
09477139,2014,3,0,100,TRUE
09477142,2010,2,NA,0,TRUE
09477142,2011,2,0,0,TRUE
09477142,2012,2,0,0,TRUE
09477142,2013,3,0,0,TRUE
09477142,2014,3,0,99.94,TRUE
09477143,2010,2,NA,0,TRUE
09477143,2011,2,0,0,TRUE
09477143,2012,2,0,0,TRUE
09477143,2013,3,0,0,TRUE
09477143,2014,3,0,100,TRUE
09477148,2010,2,NA,0,TRUE
09477148,2011,2,0,0,TRUE
09477148,2012,2,0,0,TRUE
09477148,2013,3,0,0,TRUE
09477148,2014,3,0,98.78,TRUE
09477151,2010,2,NA,0,TRUE
09477151,2011,2,0,0,TRUE
09477151,2012,2,0,0,TRUE
09477151,2013,3,0,0,TRUE
09477151,2014,3,0,100,TRUE
09477156,2010,2,NA,0,TRUE
09477156,2011,2,0,0,TRUE
09477156,2012,2,0,0,TRUE
09477156,2013,3,0,0,TRUE
09477156,2014,3,0,99.1,TRUE
09477157,2010,2,NA,0,TRUE
09477157,2011,2,0,0,TRUE
09477157,2012,2,0,0,TRUE
09477157,2013,3,0,0,TRUE
09477157,2014,3,0,100,TRUE
09477158,2010,2,NA,0,TRUE
09477158,2011,2,0,0,TRUE
09477158,2012,2,0,0,TRUE
09477158,2013,3,0,0,TRUE
09477158,2014,3,0,98.62,TRUE
09477159,2010,2,NA,0,TRUE
09477159,2011,2,0,0,TRUE
09477159,2012,2,0,0,TRUE
09477159,2013,3,0,0,TRUE
09477159,2014,3,0,99.88,TRUE
09477163,2010,2,NA,0,TRUE
09477163,2011,2,0,0,TRUE
09477163,2012,2,0,0,TRUE
09477163,2013,3,0,0,TRUE
09477163,2014,3,0,100,TRUE
09477164,2010,2,NA,0,TRUE
09477164,2011,2,0,0,TRUE
09477164,2012,2,0,0,TRUE
09477164,2013,3,0,0,TRUE
09477164,2014,3,0,84.75,TRUE
09478111,2010,2,NA,0,TRUE
09478111,2011,2,0,0,TRUE
09478111,2012,2,0,0,TRUE
09478111,2013,3,0,0,TRUE
09478111,2014,3,0,99.87,TRUE
09478116,2010,2,NA,0,TRUE
09478116,2011,2,0,0,TRUE
09478116,2012,2,0,0,TRUE
09478116,2013,3,0,0,TRUE
09478116,2014,3,0,99.93,TRUE
09478120,2010,2,NA,0,TRUE
09478120,2011,2,0,0,TRUE
09478120,2012,2,0,0,TRUE
09478120,2013,3,0,0,TRUE
09478120,2014,3,0,99.27,TRUE
09478127,2010,2,NA,0,TRUE
09478127,2011,2,0,0,TRUE
09478127,2012,2,0,0,TRUE
09478127,2013,3,0,0,TRUE
09478127,2014,3,0,100,TRUE
09478139,2010,2,NA,0,TRUE
09478139,2011,2,0,0,TRUE
09478139,2012,2,0,0,TRUE
09478139,2013,3,0,0,TRUE
09478139,2014,3,0,99.86,TRUE
09478143,2010,2,NA,0,TRUE
09478143,2011,2,0,0,TRUE
09478143,2012,2,0,0,TRUE
09478143,2013,3,0,0,TRUE
09478143,2014,3,0,97.77,TRUE
09478144,2010,2,NA,0,TRUE
09478144,2011,2,0,0,TRUE
09478144,2012,2,0,0,TRUE
09478144,2013,3,0,0,TRUE
09478144,2014,3,0,100,TRUE
09478145,2010,2,NA,0,TRUE
09478145,2011,2,0,0,TRUE
09478145,2012,2,0,0,TRUE
09478145,2013,3,0,0,TRUE
09478145,2014,3,0,99.97,TRUE
09478155,2010,2,NA,0,TRUE
09478155,2011,2,0,0,TRUE
09478155,2012,2,0,0,TRUE
09478155,2013,3,0,0,TRUE
09478155,2014,3,0,100,TRUE
09478165,2010,2,NA,0,TRUE
09478165,2011,2,0,0,TRUE
09478165,2012,2,0,0,TRUE
09478165,2013,3,0,0,TRUE
09478165,2014,3,0,99.31,TRUE
09478176,2010,2,NA,0,TRUE
09478176,2011,2,0,0,TRUE
09478176,2012,2,0,0,TRUE
09478176,2013,3,0,0,TRUE
09478176,2014,3,0,95.09,TRUE
09478444,2010,2,NA,0,TRUE
09478444,2011,2,0,0,TRUE
09478444,2012,2,0,0,TRUE
09478444,2013,3,0,0,TRUE
09478444,2014,3,0,0,TRUE
09478444,2015,3,0,0,FALSE
09478444,2016,3,0,0,FALSE
09478444,2017,3,0,100,FALSE
09478451,2018,74,NA,0,FALSE
09478451,2019,74,0,0,FALSE
09478451,2020,38,0,0,FALSE
09478451,2021,38,0,NA,FALSE
09478453,2021,38,100,NA,FALSE
09479111,2010,2,NA,0,TRUE
09479111,2011,2,0,0,TRUE
09479111,2012,2,0,0,TRUE
09479111,2013,3,0,0,TRUE
09479111,2014,3,0,100,TRUE
09479112,2010,2,NA,0,TRUE
09479112,2011,2,0,0,TRUE
09479112,2012,2,0,0,TRUE
09479112,2013,3,0,0,TRUE
09479112,2014,3,0,99.96,TRUE
09479126,2010,2,NA,0,TRUE
09479126,2011,2,0,0,TRUE
09479126,2012,2,0,0,TRUE
09479126,2013,3,0,0,TRUE
09479126,2014,3,0,99.81,TRUE
09479127,2010,2,NA,0,TRUE
09479127,2011,2,0,0,TRUE
09479127,2012,2,0,0,TRUE
09479127,2013,3,0,0,TRUE
09479127,2014,3,0,99.86,TRUE
09479129,2010,2,NA,0,TRUE
09479129,2011,2,0,0,TRUE
09479129,2012,2,0,0,TRUE
09479129,2013,3,0,0,TRUE
09479129,2014,3,0,100,TRUE
09479135,2010,2,NA,0,TRUE
09479135,2011,2,0,0,TRUE
09479135,2012,2,0,0,TRUE
09479135,2013,3,0,0,TRUE
09479135,2014,3,0,99.94,TRUE
09479136,2010,2,NA,0,TRUE
09479136,2011,2,0,0,TRUE
09479136,2012,2,0,0,TRUE
09479136,2013,3,0,0,TRUE
09479136,2014,3,0,100,TRUE
09479138,2010,2,NA,0,TRUE
09479138,2011,2,0,0,TRUE
09479138,2012,2,0,0,TRUE
09479138,2013,3,0,0,TRUE
09479138,2014,3,0,100,TRUE
09479145,2010,2,NA,0,TRUE
09479145,2011,2,0,0,TRUE
09479145,2012,2,0,0,TRUE
09479145,2013,3,0,0,TRUE
09479145,2014,3,0,99.91,TRUE
09479147,2010,2,NA,0,TRUE
09479147,2011,2,0,0,TRUE
09479147,2012,2,0,0,TRUE
09479147,2013,3,0,0,TRUE
09479147,2014,3,0,99.7,TRUE
09479150,2010,2,NA,0,TRUE
09479150,2011,2,0,0,TRUE
09479150,2012,2,0,0,TRUE
09479150,2013,3,0,0,TRUE
09479150,2014,3,0,99.7,TRUE
09479152,2010,2,NA,0,TRUE
09479152,2011,2,0,0,TRUE
09479152,2012,2,0,0,TRUE
09479152,2013,3,0,0,TRUE
09479152,2014,3,0,98.4,TRUE
09479158,2010,2,NA,0,TRUE
09479158,2011,2,0,0,TRUE
09479158,2012,2,0,0,TRUE
09479158,2013,3,0,0,TRUE
09479158,2014,3,0,100,TRUE
09479159,2010,2,NA,0,TRUE
09479159,2011,2,0,0,TRUE
09479159,2012,2,0,0,TRUE
09479159,2013,3,0,0,TRUE
09479159,2014,3,0,99.83,TRUE
09479161,2010,2,NA,0,TRUE
09479161,2011,2,0,0,TRUE
09479161,2012,2,0,0,TRUE
09479161,2013,3,0,0,TRUE
09479161,2014,3,0,99.73,TRUE
09479166,2010,2,NA,0,TRUE
09479166,2011,2,0,0,TRUE
09479166,2012,2,0,0,TRUE
09479166,2013,3,0,0,TRUE
09479166,2014,3,0,99.23,TRUE
09479169,2010,2,NA,0,TRUE
09479169,2011,2,0,0,TRUE
09479169,2012,2,0,0,TRUE
09479169,2013,3,0,0,TRUE
09479169,2014,3,0,100,TRUE
09479444,2010,2,NA,0,TRUE
09479444,2011,2,0,0,TRUE
09479444,2012,2,0,0,TRUE
09479444,2013,3,0,0,TRUE
09479444,2014,3,0,0,TRUE
09479444,2015,3,0,100,FALSE
09479453,2018,74,NA,0,FALSE
09479453,2019,74,0,0,FALSE
09479453,2020,38,0,0,FALSE
09479453,2021,38,0,NA,FALSE
09479455,2021,38,66.67,NA,FALSE
09479456,2021,38,100,NA,FALSE
09479457,2018,74,NA,0,FALSE
09479457,2019,74,0,0,FALSE
09479457,2020,38,0,0,FALSE
09479457,2021,38,0,NA,FALSE
09479459,2021,38,100,NA,FALSE
09479460,2021,38,100,NA,FALSE
09479461,2021,38,100,NA,FALSE
09479462,2018,74,NA,0,FALSE
09479462,2019,74,0,0,FALSE
09479462,2020,38,0,0,FALSE
09479462,2021,38,0,NA,FALSE
09479463,2021,38,100,NA,FALSE
09561000,2010,2,NA,0,TRUE
09561000,2011,2,0,0,TRUE
09561000,2012,2,0,0,TRUE
09561000,2013,3,0,0,TRUE
09561000,2014,3,0,99.92,TRUE
09562000,2010,2,NA,0,TRUE
09562000,2011,2,0,0,TRUE
09562000,2012,2,0,0,TRUE
09562000,2013,3,0,0,TRUE
09562000,2014,3,0,100,TRUE
09563000,2010,2,NA,0,TRUE
09563000,2011,2,0,0,TRUE
09563000,2012,2,0,0,TRUE
09563000,2013,3,0,0,TRUE
09563000,2014,3,0,100,TRUE
09564000,2010,2,NA,0,TRUE
09564000,2011,2,0,0,TRUE
09564000,2012,2,0,0,TRUE
09564000,2013,3,0,0,TRUE
09564000,2014,3,0,100,TRUE
09565000,2010,2,NA,0,TRUE
09565000,2011,2,0,0,TRUE
09565000,2012,2,0,0,TRUE
09565000,2013,3,0,0,TRUE
09565000,2014,3,0,99.99,TRUE
09571111,2010,2,NA,0,TRUE
09571111,2011,2,0,0,TRUE
09571111,2012,2,0,0,TRUE
09571111,2013,3,0,0,TRUE
09571111,2014,3,0,99.45,TRUE
09571113,2010,2,NA,0,TRUE
09571113,2011,2,0,0,TRUE
09571113,2012,2,0,0,TRUE
09571113,2013,3,0,0,TRUE
09571113,2014,3,0,98.93,TRUE
09571114,2010,2,NA,0,TRUE
09571114,2011,2,0,0,TRUE
09571114,2012,2,0,0,TRUE
09571114,2013,3,0,0,TRUE
09571114,2014,3,0,99.56,TRUE
09571115,2010,2,NA,0,TRUE
09571115,2011,2,0,0,TRUE
09571115,2012,2,0,0,TRUE
09571115,2013,3,0,0,TRUE
09571115,2014,3,0,100,TRUE
09571122,2010,2,NA,0,TRUE
09571122,2011,2,0,0,TRUE
09571122,2012,2,0,0,TRUE
09571122,2013,3,0,0,TRUE
09571122,2014,3,0,100,TRUE
09571125,2010,2,NA,0,TRUE
09571125,2011,2,0,0,TRUE
09571125,2012,2,0,0,TRUE
09571125,2013,3,0,0,TRUE
09571125,2014,3,0,99.74,TRUE
09571127,2010,2,NA,0,TRUE
09571127,2011,2,0,0,TRUE
09571127,2012,2,0,0,TRUE
09571127,2013,3,0,0,TRUE
09571127,2014,3,0,97.51,TRUE
09571128,2010,2,NA,0,TRUE
09571128,2011,2,0,0,TRUE
09571128,2012,2,0,0,TRUE
09571128,2013,3,0,0,TRUE
09571128,2014,3,0,98.78,TRUE
09571130,2010,2,NA,0,TRUE
09571130,2011,2,0,0,TRUE
09571130,2012,2,0,0,TRUE
09571130,2013,3,0,0,TRUE
09571130,2014,3,0,99.87,TRUE
09571132,2010,2,NA,0,TRUE
09571132,2011,2,0,0,TRUE
09571132,2012,2,0,0,TRUE
09571132,2013,3,0,0,TRUE
09571132,2014,3,0,100,TRUE
09571134,2010,2,NA,0,TRUE
09571134,2011,2,0,0,TRUE
09571134,2012,2,0,0,TRUE
09571134,2013,3,0,0,TRUE
09571134,2014,3,0,100,TRUE
09571135,2010,2,NA,0,TRUE
09571135,2011,2,0,0,TRUE
09571135,2012,2,0,0,TRUE
09571135,2013,3,0,0,TRUE
09571135,2014,3,0,96.64,TRUE
09571136,2010,2,NA,0,TRUE
09571136,2011,2,0,0,TRUE
09571136,2012,2,0,0,TRUE
09571136,2013,3,0,0,TRUE
09571136,2014,3,0,99.44,TRUE
09571137,2010,2,NA,0,TRUE
09571137,2011,2,0,0,TRUE
09571137,2012,2,0,0,TRUE
09571137,2013,3,0,0,TRUE
09571137,2014,3,0,100,TRUE
09571139,2010,2,NA,0,TRUE
09571139,2011,2,0,0,TRUE
09571139,2012,2,0,0,TRUE
09571139,2013,3,0,0,TRUE
09571139,2014,3,0,99.82,TRUE
09571141,2010,2,NA,0,TRUE
09571141,2011,2,0,0,TRUE
09571141,2012,2,0,0,TRUE
09571141,2013,3,0,0,TRUE
09571141,2014,3,0,100,TRUE
09571145,2010,2,NA,0,TRUE
09571145,2011,2,0,0,TRUE
09571145,2012,2,0,0,TRUE
09571145,2013,3,0,0,TRUE
09571145,2014,3,0,98.4,TRUE
09571146,2010,2,NA,0,TRUE
09571146,2011,2,0,0,TRUE
09571146,2012,2,0,0,TRUE
09571146,2013,3,0,0,TRUE
09571146,2014,3,0,100,TRUE
09571152,2010,2,NA,0,TRUE
09571152,2011,2,0,0,TRUE
09571152,2012,2,0,0,TRUE
09571152,2013,3,0,0,TRUE
09571152,2014,3,0,99.47,TRUE
09571154,2010,2,NA,0,TRUE
09571154,2011,2,0,0,TRUE
09571154,2012,2,0,0,TRUE
09571154,2013,3,0,0,TRUE
09571154,2014,3,0,100,TRUE
09571155,2010,2,NA,0,TRUE
09571155,2011,2,0,0,TRUE
09571155,2012,2,0,0,TRUE
09571155,2013,3,0,0,TRUE
09571155,2014,3,0,100,TRUE
09571165,2010,2,NA,0,TRUE
09571165,2011,2,0,0,TRUE
09571165,2012,2,0,0,TRUE
09571165,2013,3,0,0,TRUE
09571165,2014,3,0,100,TRUE
09571166,2010,2,NA,0,TRUE
09571166,2011,2,0,0,TRUE
09571166,2012,2,0,0,TRUE
09571166,2013,3,0,0,TRUE
09571166,2014,3,0,99.41,TRUE
09571169,2010,2,NA,0,TRUE
09571169,2011,2,0,0,TRUE
09571169,2012,2,0,0,TRUE
09571169,2013,3,0,0,TRUE
09571169,2014,3,0,100,TRUE
09571170,2010,2,NA,0,TRUE
09571170,2011,2,0,0,TRUE
09571170,2012,2,0,0,TRUE
09571170,2013,3,0,0,TRUE
09571170,2014,3,0,100,TRUE
09571171,2010,2,NA,0,TRUE
09571171,2011,2,0,0,TRUE
09571171,2012,2,0,0,TRUE
09571171,2013,3,0,0,TRUE
09571171,2014,3,0,99.08,TRUE
09571174,2010,2,NA,0,TRUE
09571174,2011,2,0,0,TRUE
09571174,2012,2,0,0,TRUE
09571174,2013,3,0,0,TRUE
09571174,2014,3,0,99.91,TRUE
09571175,2010,2,NA,0,TRUE
09571175,2011,2,0,0,TRUE
09571175,2012,2,0,0,TRUE
09571175,2013,3,0,0,TRUE
09571175,2014,3,0,100,TRUE
09571177,2010,2,NA,0,TRUE
09571177,2011,2,0,0,TRUE
09571177,2012,2,0,0,TRUE
09571177,2013,3,0,0,TRUE
09571177,2014,3,0,99.91,TRUE
09571178,2010,2,NA,0,TRUE
09571178,2011,2,0,0,TRUE
09571178,2012,2,0,0,TRUE
09571178,2013,3,0,0,TRUE
09571178,2014,3,0,100,TRUE
09571179,2010,2,NA,0,TRUE
09571179,2011,2,0,0,TRUE
09571179,2012,2,0,0,TRUE
09571179,2013,3,0,0,TRUE
09571179,2014,3,0,100,TRUE
09571180,2010,2,NA,0,TRUE
09571180,2011,2,0,0,TRUE
09571180,2012,2,0,0,TRUE
09571180,2013,3,0,0,TRUE
09571180,2014,3,0,100,TRUE
09571181,2010,2,NA,0,TRUE
09571181,2011,2,0,0,TRUE
09571181,2012,2,0,0,TRUE
09571181,2013,3,0,0,TRUE
09571181,2014,3,0,100,TRUE
09571183,2010,2,NA,0,TRUE
09571183,2011,2,0,0,TRUE
09571183,2012,2,0,0,TRUE
09571183,2013,3,0,0,TRUE
09571183,2014,3,0,100,TRUE
09571188,2010,2,NA,0,TRUE
09571188,2011,2,0,0,TRUE
09571188,2012,2,0,0,TRUE
09571188,2013,3,0,0,TRUE
09571188,2014,3,0,99.58,TRUE
09571189,2010,2,NA,0,TRUE
09571189,2011,2,0,0,TRUE
09571189,2012,2,0,0,TRUE
09571189,2013,3,0,0,TRUE
09571189,2014,3,0,100,TRUE
09571190,2010,2,NA,0,TRUE
09571190,2011,2,0,0,TRUE
09571190,2012,2,0,0,TRUE
09571190,2013,3,0,0,TRUE
09571190,2014,3,0,99.64,TRUE
09571192,2010,2,NA,0,TRUE
09571192,2011,2,0,0,TRUE
09571192,2012,2,0,0,TRUE
09571192,2013,3,0,0,TRUE
09571192,2014,3,0,100,TRUE
09571193,2010,2,NA,0,TRUE
09571193,2011,2,0,0,TRUE
09571193,2012,2,0,0,TRUE
09571193,2013,3,0,0,TRUE
09571193,2014,3,0,99.25,TRUE
09571194,2010,2,NA,0,TRUE
09571194,2011,2,0,0,TRUE
09571194,2012,2,0,0,TRUE
09571194,2013,3,0,0,TRUE
09571194,2014,3,0,97.59,TRUE
09571196,2010,2,NA,0,TRUE
09571196,2011,2,0,0,TRUE
09571196,2012,2,0,0,TRUE
09571196,2013,3,0,0,TRUE
09571196,2014,3,0,100,TRUE
09571198,2010,2,NA,0,TRUE
09571198,2011,2,0,0,TRUE
09571198,2012,2,0,0,TRUE
09571198,2013,3,0,0,TRUE
09571198,2014,3,0,100,TRUE
09571199,2010,2,NA,0,TRUE
09571199,2011,2,0,0,TRUE
09571199,2012,2,0,0,TRUE
09571199,2013,3,0,0,TRUE
09571199,2014,3,0,99.78,TRUE
09571200,2010,2,NA,0,TRUE
09571200,2011,2,0,0,TRUE
09571200,2012,2,0,0,TRUE
09571200,2013,3,0,0,TRUE
09571200,2014,3,0,99.92,TRUE
09571205,2010,2,NA,0,TRUE
09571205,2011,2,0,0,TRUE
09571205,2012,2,0,0,TRUE
09571205,2013,3,0,0,TRUE
09571205,2014,3,0,98.78,TRUE
09571208,2010,2,NA,0,TRUE
09571208,2011,2,0,0,TRUE
09571208,2012,2,0,0,TRUE
09571208,2013,3,0,0,TRUE
09571208,2014,3,0,92.26,TRUE
09571214,2010,2,NA,0,TRUE
09571214,2011,2,0,0,TRUE
09571214,2012,2,0,0,TRUE
09571214,2013,3,0,0,TRUE
09571214,2014,3,0,99.41,TRUE
09571216,2010,2,NA,0,TRUE
09571216,2011,2,0,0,TRUE
09571216,2012,2,0,0,TRUE
09571216,2013,3,0,0,TRUE
09571216,2014,3,0,99.7,TRUE
09571217,2010,2,NA,0,TRUE
09571217,2011,2,0,0,TRUE
09571217,2012,2,0,0,TRUE
09571217,2013,3,0,0,TRUE
09571217,2014,3,0,94.47,TRUE
09571218,2010,2,NA,0,TRUE
09571218,2011,2,0,0,TRUE
09571218,2012,2,0,0,TRUE
09571218,2013,3,0,0,TRUE
09571218,2014,3,0,82.67,TRUE
09571222,2010,2,NA,0,TRUE
09571222,2011,2,0,0,TRUE
09571222,2012,2,0,0,TRUE
09571222,2013,3,0,0,TRUE
09571222,2014,3,0,99.75,TRUE
09571223,2010,2,NA,0,TRUE
09571223,2011,2,0,0,TRUE
09571223,2012,2,0,0,TRUE
09571223,2013,3,0,0,TRUE
09571223,2014,3,0,95.39,TRUE
09571224,2010,2,NA,0,TRUE
09571224,2011,2,0,0,TRUE
09571224,2012,2,0,0,TRUE
09571224,2013,3,0,0,TRUE
09571224,2014,3,0,98.76,TRUE
09571225,2010,2,NA,0,TRUE
09571225,2011,2,0,0,TRUE
09571225,2012,2,0,0,TRUE
09571225,2013,3,0,0,TRUE
09571225,2014,3,0,100,TRUE
09571226,2010,2,NA,0,TRUE
09571226,2011,2,0,0,TRUE
09571226,2012,2,0,0,TRUE
09571226,2013,3,0,0,TRUE
09571226,2014,3,0,99.72,TRUE
09571227,2010,2,NA,0,TRUE
09571227,2011,2,0,0,TRUE
09571227,2012,2,0,0,TRUE
09571227,2013,3,0,0,TRUE
09571227,2014,3,0,100,TRUE
09571228,2010,2,NA,0,TRUE
09571228,2011,2,0,0,TRUE
09571228,2012,2,0,0,TRUE
09571228,2013,3,0,0,TRUE
09571228,2014,3,0,100,TRUE
09571229,2010,2,NA,0,TRUE
09571229,2011,2,0,0,TRUE
09571229,2012,2,0,0,TRUE
09571229,2013,3,0,0,TRUE
09571229,2014,3,0,99.29,TRUE
09571444,2010,2,NA,0,TRUE
09571444,2011,2,0,0,TRUE
09571444,2012,2,0,0,TRUE
09571444,2013,3,0,0,TRUE
09571444,2014,3,0,0,TRUE
09571444,2015,3,0,0,FALSE
09571444,2016,3,0,0,FALSE
09571444,2017,3,0,0,FALSE
09571444,2018,3,0,NA,FALSE
09571451,2018,74,NA,0,FALSE
09571451,2019,74,0,0,FALSE
09571451,2020,38,0,0,FALSE
09571451,2021,38,0,NA,FALSE
09572111,2010,2,NA,0,TRUE
09572111,2011,2,0,0,TRUE
09572111,2012,2,0,0,TRUE
09572111,2013,3,0,0,TRUE
09572111,2014,3,0,100,TRUE
09572114,2010,2,NA,0,TRUE
09572114,2011,2,0,0,TRUE
09572114,2012,2,0,0,TRUE
09572114,2013,3,0,0,TRUE
09572114,2014,3,0,100,TRUE
09572115,2010,2,NA,0,TRUE
09572115,2011,2,0,0,TRUE
09572115,2012,2,0,0,TRUE
09572115,2013,3,0,0,TRUE
09572115,2014,3,0,100,TRUE
09572119,2010,2,NA,0,TRUE
09572119,2011,2,0,0,TRUE
09572119,2012,2,0,0,TRUE
09572119,2013,3,0,0,TRUE
09572119,2014,3,0,100,TRUE
09572120,2010,2,NA,0,TRUE
09572120,2011,2,0,0,TRUE
09572120,2012,2,0,0,TRUE
09572120,2013,3,0,0,TRUE
09572120,2014,3,0,100,TRUE
09572121,2010,2,NA,0,TRUE
09572121,2011,2,0,0,TRUE
09572121,2012,2,0,0,TRUE
09572121,2013,3,0,0,TRUE
09572121,2014,3,0,100,TRUE
09572126,2010,2,NA,0,TRUE
09572126,2011,2,0,0,TRUE
09572126,2012,2,0,0,TRUE
09572126,2013,3,0,0,TRUE
09572126,2014,3,0,100,TRUE
09572127,2010,2,NA,0,TRUE
09572127,2011,2,0,0,TRUE
09572127,2012,2,0,0,TRUE
09572127,2013,3,0,0,TRUE
09572127,2014,3,0,100,TRUE
09572130,2010,2,NA,0,TRUE
09572130,2011,2,0,0,TRUE
09572130,2012,2,0,0,TRUE
09572130,2013,3,0,0,TRUE
09572130,2014,3,0,100,TRUE
09572131,2010,2,NA,0,TRUE
09572131,2011,2,0,0,TRUE
09572131,2012,2,0,0,TRUE
09572131,2013,3,0,0,TRUE
09572131,2014,3,0,100,TRUE
09572132,2010,2,NA,0,TRUE
09572132,2011,2,0,0,TRUE
09572132,2012,2,0,0,TRUE
09572132,2013,3,0,0,TRUE
09572132,2014,3,0,100,TRUE
09572133,2010,2,NA,0,TRUE
09572133,2011,2,0,0,TRUE
09572133,2012,2,0,0,TRUE
09572133,2013,3,0,0,TRUE
09572133,2014,3,0,99.93,TRUE
09572135,2010,2,NA,0,TRUE
09572135,2011,2,0,0,TRUE
09572135,2012,2,0,0,TRUE
09572135,2013,3,0,0,TRUE
09572135,2014,3,0,100,TRUE
09572137,2010,2,NA,0,TRUE
09572137,2011,2,0,0,TRUE
09572137,2012,2,0,0,TRUE
09572137,2013,3,0,0,TRUE
09572137,2014,3,0,99.92,TRUE
09572139,2010,2,NA,0,TRUE
09572139,2011,2,0,0,TRUE
09572139,2012,2,0,0,TRUE
09572139,2013,3,0,0,TRUE
09572139,2014,3,0,100,TRUE
09572141,2010,2,NA,0,TRUE
09572141,2011,2,0,0,TRUE
09572141,2012,2,0,0,TRUE
09572141,2013,3,0,0,TRUE
09572141,2014,3,0,100,TRUE
09572142,2010,2,NA,0,TRUE
09572142,2011,2,0,0,TRUE
09572142,2012,2,0,0,TRUE
09572142,2013,3,0,0,TRUE
09572142,2014,3,0,100,TRUE
09572143,2010,2,NA,0,TRUE
09572143,2011,2,0,0,TRUE
09572143,2012,2,0,0,TRUE
09572143,2013,3,0,0,TRUE
09572143,2014,3,0,98.1,TRUE
09572147,2010,2,NA,0,TRUE
09572147,2011,2,0,0,TRUE
09572147,2012,2,0,0,TRUE
09572147,2013,3,0,0,TRUE
09572147,2014,3,0,100,TRUE
09572149,2010,2,NA,0,TRUE
09572149,2011,2,0,0,TRUE
09572149,2012,2,0,0,TRUE
09572149,2013,3,0,0,TRUE
09572149,2014,3,0,100,TRUE
09572154,2010,2,NA,0,TRUE
09572154,2011,2,0,0,TRUE
09572154,2012,2,0,0,TRUE
09572154,2013,3,0,0,TRUE
09572154,2014,3,0,100,TRUE
09572158,2010,2,NA,0,TRUE
09572158,2011,2,0,0,TRUE
09572158,2012,2,0,0,TRUE
09572158,2013,3,0,0,TRUE
09572158,2014,3,0,100,TRUE
09572159,2010,2,NA,0,TRUE
09572159,2011,2,0,0,TRUE
09572159,2012,2,0,0,TRUE
09572159,2013,3,0,0,TRUE
09572159,2014,3,0,100,TRUE
09572160,2010,2,NA,0,TRUE
09572160,2011,2,0,0,TRUE
09572160,2012,2,0,0,TRUE
09572160,2013,3,0,0,TRUE
09572160,2014,3,0,100,TRUE
09572164,2010,2,NA,0,TRUE
09572164,2011,2,0,0,TRUE
09572164,2012,2,0,0,TRUE
09572164,2013,3,0,0,TRUE
09572164,2014,3,0,100,TRUE
09572444,2010,2,NA,0,TRUE
09572444,2011,2,0,0,TRUE
09572444,2012,2,0,0,TRUE
09572444,2013,3,0,0,TRUE
09572444,2014,3,0,0,TRUE
09572444,2015,3,0,100,FALSE
09572451,2018,74,NA,0,FALSE
09572451,2019,74,0,0,FALSE
09572451,2020,38,0,0,FALSE
09572451,2021,38,0,NA,FALSE
09572452,2021,38,100,NA,FALSE
09572453,2018,74,NA,100,FALSE
09572453,2021,38,100,NA,FALSE
09572454,2021,38,100,NA,FALSE
09572455,2021,38,100,NA,FALSE
09572456,2021,38,100,NA,FALSE
09572457,2021,38,100,NA,FALSE
09572458,2021,38,100,NA,FALSE
09572459,2021,38,100,NA,FALSE
09572460,2021,38,100,NA,FALSE
09573111,2010,2,NA,0,TRUE
09573111,2011,2,0,0,TRUE
09573111,2012,2,0,0,TRUE
09573111,2013,3,0,0,TRUE
09573111,2014,3,0,100,TRUE
09573114,2010,2,NA,0,TRUE
09573114,2011,2,0,0,TRUE
09573114,2012,2,0,0,TRUE
09573114,2013,3,0,0,TRUE
09573114,2014,3,0,100,TRUE
09573115,2010,2,NA,0,TRUE
09573115,2011,2,0,0,TRUE
09573115,2012,2,0,0,TRUE
09573115,2013,3,0,0,TRUE
09573115,2014,3,0,100,TRUE
09573120,2010,2,NA,0,TRUE
09573120,2011,2,0,0,TRUE
09573120,2012,2,0,0,TRUE
09573120,2013,3,0,0,TRUE
09573120,2014,3,0,99.98,TRUE
09573122,2010,2,NA,0,TRUE
09573122,2011,2,0,0,TRUE
09573122,2012,2,0,0,TRUE
09573122,2013,3,0,0,TRUE
09573122,2014,3,0,100,TRUE
09573123,2010,2,NA,0,TRUE
09573123,2011,2,0,0,TRUE
09573123,2012,2,0,0,TRUE
09573123,2013,3,0,0,TRUE
09573123,2014,3,0,100,TRUE
09573124,2010,2,NA,0,TRUE
09573124,2011,2,0,0,TRUE
09573124,2012,2,0,0,TRUE
09573124,2013,3,0,0,TRUE
09573124,2014,3,0,100,TRUE
09573125,2010,2,NA,0,TRUE
09573125,2011,2,0,0,TRUE
09573125,2012,2,0,0,TRUE
09573125,2013,3,0,0,TRUE
09573125,2014,3,0,100,TRUE
09573126,2010,2,NA,0,TRUE
09573126,2011,2,0,0,TRUE
09573126,2012,2,0,0,TRUE
09573126,2013,3,0,0,TRUE
09573126,2014,3,0,100,TRUE
09573127,2010,2,NA,0,TRUE
09573127,2011,2,0,0,TRUE
09573127,2012,2,0,0,TRUE
09573127,2013,3,0,0,TRUE
09573127,2014,3,0,100,TRUE
09573129,2010,2,NA,0,TRUE
09573129,2011,2,0,0,TRUE
09573129,2012,2,0,0,TRUE
09573129,2013,3,0,0,TRUE
09573129,2014,3,0,100,TRUE
09573130,2010,2,NA,0,TRUE
09573130,2011,2,0,0,TRUE
09573130,2012,2,0,0,TRUE
09573130,2013,3,0,0,TRUE
09573130,2014,3,0,100,TRUE
09573133,2010,2,NA,0,TRUE
09573133,2011,2,0,0,TRUE
09573133,2012,2,0,0,TRUE
09573133,2013,3,0,0,TRUE
09573133,2014,3,0,99.88,TRUE
09573134,2010,2,NA,0,TRUE
09573134,2011,2,0,0,TRUE
09573134,2012,2,0,0,TRUE
09573134,2013,3,0,0,TRUE
09573134,2014,3,0,99.68,TRUE
09574111,2010,2,NA,0,TRUE
09574111,2011,2,0,0,TRUE
09574111,2012,2,0,0,TRUE
09574111,2013,3,0,0,TRUE
09574111,2014,3,0,96.82,TRUE
09574112,2010,2,NA,0,TRUE
09574112,2011,2,0,0,TRUE
09574112,2012,2,0,0,TRUE
09574112,2013,3,0,0,TRUE
09574112,2014,3,0,100,TRUE
09574117,2010,2,NA,0,TRUE
09574117,2011,2,0,0,TRUE
09574117,2012,2,0,0,TRUE
09574117,2013,3,0,0,TRUE
09574117,2014,3,0,100,TRUE
09574120,2010,2,NA,0,TRUE
09574120,2011,2,0,0,TRUE
09574120,2012,2,0,0,TRUE
09574120,2013,3,0,0,TRUE
09574120,2014,3,0,100,TRUE
09574123,2010,2,NA,0,TRUE
09574123,2011,2,0,0,TRUE
09574123,2012,2,0,0,TRUE
09574123,2013,3,0,0,TRUE
09574123,2014,3,0,100,TRUE
09574128,2010,2,NA,0,TRUE
09574128,2011,2,0,0,TRUE
09574128,2012,2,0,0,TRUE
09574128,2013,3,0,0,TRUE
09574128,2014,3,0,93.54,TRUE
09574129,2010,2,NA,0,TRUE
09574129,2011,2,0,0,TRUE
09574129,2012,2,0,0,TRUE
09574129,2013,3,0,0,TRUE
09574129,2014,3,0,99.83,TRUE
09574131,2010,2,NA,0,TRUE
09574131,2011,2,0,0,TRUE
09574131,2012,2,0,0,TRUE
09574131,2013,3,0,0,TRUE
09574131,2014,3,0,100,TRUE
09574132,2010,2,NA,0,TRUE
09574132,2011,2,0,0,TRUE
09574132,2012,2,0,0,TRUE
09574132,2013,3,0,0,TRUE
09574132,2014,3,0,100,TRUE
09574135,2010,2,NA,0,TRUE
09574135,2011,2,0,0,TRUE
09574135,2012,2,0,0,TRUE
09574135,2013,3,0,0,TRUE
09574135,2014,3,0,99.89,TRUE
09574138,2010,2,NA,0,TRUE
09574138,2011,2,0,0,TRUE
09574138,2012,2,0,0,TRUE
09574138,2013,3,0,0,TRUE
09574138,2014,3,0,100,TRUE
09574139,2010,2,NA,0,TRUE
09574139,2011,2,0,0,TRUE
09574139,2012,2,0,0,TRUE
09574139,2013,3,0,0,TRUE
09574139,2014,3,0,100,TRUE
09574140,2010,2,NA,0,TRUE
09574140,2011,2,0,0,TRUE
09574140,2012,2,0,0,TRUE
09574140,2013,3,0,0,TRUE
09574140,2014,3,0,99.29,TRUE
09574141,2010,2,NA,0,TRUE
09574141,2011,2,0,0,TRUE
09574141,2012,2,0,0,TRUE
09574141,2013,3,0,0,TRUE
09574141,2014,3,0,100,TRUE
09574145,2010,2,NA,0,TRUE
09574145,2011,2,0,0,TRUE
09574145,2012,2,0,0,TRUE
09574145,2013,3,0,0,TRUE
09574145,2014,3,0,99.53,TRUE
09574146,2010,2,NA,0,TRUE
09574146,2011,2,0,0,TRUE
09574146,2012,2,0,0,TRUE
09574146,2013,3,0,0,TRUE
09574146,2014,3,0,100,TRUE
09574147,2010,2,NA,0,TRUE
09574147,2011,2,0,0,TRUE
09574147,2012,2,0,0,TRUE
09574147,2013,3,0,0,TRUE
09574147,2014,3,0,97.63,TRUE
09574150,2010,2,NA,0,TRUE
09574150,2011,2,0,0,TRUE
09574150,2012,2,0,0,TRUE
09574150,2013,3,0,0,TRUE
09574150,2014,3,0,99.7,TRUE
09574152,2010,2,NA,0,TRUE
09574152,2011,2,0,0,TRUE
09574152,2012,2,0,0,TRUE
09574152,2013,3,0,0,TRUE
09574152,2014,3,0,100,TRUE
09574154,2010,2,NA,0,TRUE
09574154,2011,2,0,0,TRUE
09574154,2012,2,0,0,TRUE
09574154,2013,3,0,0,TRUE
09574154,2014,3,0,100,TRUE
09574155,2010,2,NA,0,TRUE
09574155,2011,2,0,0,TRUE
09574155,2012,2,0,0,TRUE
09574155,2013,3,0,0,TRUE
09574155,2014,3,0,97.64,TRUE
09574156,2010,2,NA,0,TRUE
09574156,2011,2,0,0,TRUE
09574156,2012,2,0,0,TRUE
09574156,2013,3,0,0,TRUE
09574156,2014,3,0,100,TRUE
09574157,2010,2,NA,0,TRUE
09574157,2011,2,0,0,TRUE
09574157,2012,2,0,0,TRUE
09574157,2013,3,0,0,TRUE
09574157,2014,3,0,100,TRUE
09574158,2010,2,NA,0,TRUE
09574158,2011,2,0,0,TRUE
09574158,2012,2,0,0,TRUE
09574158,2013,3,0,0,TRUE
09574158,2014,3,0,98.63,TRUE
09574160,2010,2,NA,0,TRUE
09574160,2011,2,0,0,TRUE
09574160,2012,2,0,0,TRUE
09574160,2013,3,0,0,TRUE
09574160,2014,3,0,99.75,TRUE
09574161,2010,2,NA,0,TRUE
09574161,2011,2,0,0,TRUE
09574161,2012,2,0,0,TRUE
09574161,2013,3,0,0,TRUE
09574161,2014,3,0,100,TRUE
09574164,2010,2,NA,0,TRUE
09574164,2011,2,0,0,TRUE
09574164,2012,2,0,0,TRUE
09574164,2013,3,0,0,TRUE
09574164,2014,3,0,100,TRUE
09574444,2010,2,NA,0,TRUE
09574444,2011,2,0,0,TRUE
09574444,2012,2,0,0,TRUE
09574444,2013,3,0,0,TRUE
09574444,2014,3,0,0,TRUE
09574444,2015,3,0,100,FALSE
09574451,2021,38,100,NA,FALSE
09574452,2020,38,100,0,FALSE
09574452,2021,38,0,NA,FALSE
09574453,2021,38,100,NA,FALSE
09574454,2021,38,99.86,NA,FALSE
09574455,2021,38,100,NA,FALSE
09574456,2018,74,NA,0,FALSE
09574456,2019,74,0,0,FALSE
09574456,2020,38,0,0,FALSE
09574456,2021,38,0,NA,FALSE
09574457,2020,38,100,0,FALSE
09574457,2021,38,0,NA,FALSE
09574458,2021,38,88.89,NA,FALSE
09574460,2021,38,99.99,NA,FALSE
09574461,2018,74,NA,0,FALSE
09574461,2019,74,0,0,FALSE
09574461,2020,38,0,0,FALSE
09574461,2021,38,0,NA,FALSE
09574462,2021,38,100,NA,FALSE
09574463,2018,74,NA,0,FALSE
09574463,2019,74,0,0,FALSE
09574463,2020,38,0,0,FALSE
09574463,2021,38,0,NA,FALSE
09574464,2021,38,100,NA,FALSE
09574465,2021,38,100,NA,FALSE
09575112,2010,2,NA,0,TRUE
09575112,2011,2,0,0,TRUE
09575112,2012,2,0,0,TRUE
09575112,2013,3,0,0,TRUE
09575112,2014,3,0,99.94,TRUE
09575113,2010,2,NA,0,TRUE
09575113,2011,2,0,0,TRUE
09575113,2012,2,0,0,TRUE
09575113,2013,3,0,0,TRUE
09575113,2014,3,0,100,TRUE
09575115,2010,2,NA,0,TRUE
09575115,2011,2,0,0,TRUE
09575115,2012,2,0,0,TRUE
09575115,2013,3,0,0,TRUE
09575115,2014,3,0,100,TRUE
09575116,2010,2,NA,0,TRUE
09575116,2011,2,0,0,TRUE
09575116,2012,2,0,0,TRUE
09575116,2013,3,0,0,TRUE
09575116,2014,3,0,98.87,TRUE
09575117,2010,2,NA,0,TRUE
09575117,2011,2,0,0,TRUE
09575117,2012,2,0,0,TRUE
09575117,2013,3,0,0,TRUE
09575117,2014,3,0,99.72,TRUE
09575118,2010,2,NA,0,TRUE
09575118,2011,2,0,0,TRUE
09575118,2012,2,0,0,TRUE
09575118,2013,3,0,0,TRUE
09575118,2014,3,0,100,TRUE
09575119,2010,2,NA,0,TRUE
09575119,2011,2,0,0,TRUE
09575119,2012,2,0,0,TRUE
09575119,2013,3,0,0,TRUE
09575119,2014,3,0,96.77,TRUE
09575121,2010,2,NA,0,TRUE
09575121,2011,2,0,0,TRUE
09575121,2012,2,0,0,TRUE
09575121,2013,3,0,0,TRUE
09575121,2014,3,0,100,TRUE
09575122,2010,2,NA,0,TRUE
09575122,2011,2,0,0,TRUE
09575122,2012,2,0,0,TRUE
09575122,2013,3,0,0,TRUE
09575122,2014,3,0,89.5,TRUE
09575124,2010,2,NA,0,TRUE
09575124,2011,2,0,0,TRUE
09575124,2012,2,0,0,TRUE
09575124,2013,3,0,0,TRUE
09575124,2014,3,0,100,TRUE
09575125,2010,2,NA,0,TRUE
09575125,2011,2,0,0,TRUE
09575125,2012,2,0,0,TRUE
09575125,2013,3,0,0,TRUE
09575125,2014,3,0,98.29,TRUE
09575127,2010,2,NA,0,TRUE
09575127,2011,2,0,0,TRUE
09575127,2012,2,0,0,TRUE
09575127,2013,3,0,0,TRUE
09575127,2014,3,0,99.7,TRUE
09575128,2010,2,NA,0,TRUE
09575128,2011,2,0,0,TRUE
09575128,2012,2,0,0,TRUE
09575128,2013,3,0,0,TRUE
09575128,2014,3,0,99.63,TRUE
09575129,2010,2,NA,0,TRUE
09575129,2011,2,0,0,TRUE
09575129,2012,2,0,0,TRUE
09575129,2013,3,0,0,TRUE
09575129,2014,3,0,99.82,TRUE
09575130,2010,2,NA,0,TRUE
09575130,2011,2,0,0,TRUE
09575130,2012,2,0,0,TRUE
09575130,2013,3,0,0,TRUE
09575130,2014,3,0,87.71,TRUE
09575133,2010,2,NA,0,TRUE
09575133,2011,2,0,0,TRUE
09575133,2012,2,0,0,TRUE
09575133,2013,3,0,0,TRUE
09575133,2014,3,0,92.7,TRUE
09575134,2010,2,NA,0,TRUE
09575134,2011,2,0,0,TRUE
09575134,2012,2,0,0,TRUE
09575134,2013,3,0,0,TRUE
09575134,2014,3,0,95.15,TRUE
09575135,2010,2,NA,0,TRUE
09575135,2011,2,0,0,TRUE
09575135,2012,2,0,0,TRUE
09575135,2013,3,0,0,TRUE
09575135,2014,3,0,97.81,TRUE
09575138,2010,2,NA,0,TRUE
09575138,2011,2,0,0,TRUE
09575138,2012,2,0,0,TRUE
09575138,2013,3,0,0,TRUE
09575138,2014,3,0,100,TRUE
09575143,2010,2,NA,0,TRUE
09575143,2011,2,0,0,TRUE
09575143,2012,2,0,0,TRUE
09575143,2013,3,0,0,TRUE
09575143,2014,3,0,99.54,TRUE
09575144,2010,2,NA,0,TRUE
09575144,2011,2,0,0,TRUE
09575144,2012,2,0,0,TRUE
09575144,2013,3,0,0,TRUE
09575144,2014,3,0,97.95,TRUE
09575145,2010,2,NA,0,TRUE
09575145,2011,2,0,0,TRUE
09575145,2012,2,0,0,TRUE
09575145,2013,3,0,0,TRUE
09575145,2014,3,0,98.55,TRUE
09575146,2010,2,NA,0,TRUE
09575146,2011,2,0,0,TRUE
09575146,2012,2,0,0,TRUE
09575146,2013,3,0,0,TRUE
09575146,2014,3,0,100,TRUE
09575147,2010,2,NA,0,TRUE
09575147,2011,2,0,0,TRUE
09575147,2012,2,0,0,TRUE
09575147,2013,3,0,0,TRUE
09575147,2014,3,0,100,TRUE
09575150,2010,2,NA,0,TRUE
09575150,2011,2,0,0,TRUE
09575150,2012,2,0,0,TRUE
09575150,2013,3,0,0,TRUE
09575150,2014,3,0,97.06,TRUE
09575152,2010,2,NA,0,TRUE
09575152,2011,2,0,0,TRUE
09575152,2012,2,0,0,TRUE
09575152,2013,3,0,0,TRUE
09575152,2014,3,0,99.77,TRUE
09575153,2010,2,NA,0,TRUE
09575153,2011,2,0,0,TRUE
09575153,2012,2,0,0,TRUE
09575153,2013,3,0,0,TRUE
09575153,2014,3,0,99.12,TRUE
09575155,2010,2,NA,0,TRUE
09575155,2011,2,0,0,TRUE
09575155,2012,2,0,0,TRUE
09575155,2013,3,0,0,TRUE
09575155,2014,3,0,62.83,TRUE
09575156,2010,2,NA,0,TRUE
09575156,2011,2,0,0,TRUE
09575156,2012,2,0,0,TRUE
09575156,2013,3,0,0,TRUE
09575156,2014,3,0,98.24,TRUE
09575157,2010,2,NA,0,TRUE
09575157,2011,2,0,0,TRUE
09575157,2012,2,0,0,TRUE
09575157,2013,3,0,0,TRUE
09575157,2014,3,0,97.18,TRUE
09575161,2010,2,NA,0,TRUE
09575161,2011,2,0,0,TRUE
09575161,2012,2,0,0,TRUE
09575161,2013,3,0,0,TRUE
09575161,2014,3,0,99.95,TRUE
09575163,2010,2,NA,0,TRUE
09575163,2011,2,0,0,TRUE
09575163,2012,2,0,0,TRUE
09575163,2013,3,0,0,TRUE
09575163,2014,3,0,100,TRUE
09575165,2010,2,NA,0,TRUE
09575165,2011,2,0,0,TRUE
09575165,2012,2,0,0,TRUE
09575165,2013,3,0,0,TRUE
09575165,2014,3,0,99.14,TRUE
09575166,2010,2,NA,0,TRUE
09575166,2011,2,0,0,TRUE
09575166,2012,2,0,0,TRUE
09575166,2013,3,0,0,TRUE
09575166,2014,3,0,100,TRUE
09575167,2010,2,NA,0,TRUE
09575167,2011,2,0,0,TRUE
09575167,2012,2,0,0,TRUE
09575167,2013,3,0,0,TRUE
09575167,2014,3,0,100,TRUE
09575168,2010,2,NA,0,TRUE
09575168,2011,2,0,0,TRUE
09575168,2012,2,0,0,TRUE
09575168,2013,3,0,0,TRUE
09575168,2014,3,0,98.3,TRUE
09575179,2010,2,NA,0,TRUE
09575179,2011,2,0,0,TRUE
09575179,2012,2,0,0,TRUE
09575179,2013,3,0,0,TRUE
09575179,2014,3,0,94.04,TRUE
09575181,2010,2,NA,0,TRUE
09575181,2011,2,0,0,TRUE
09575181,2012,2,0,0,TRUE
09575181,2013,3,0,0,TRUE
09575181,2014,3,0,100,TRUE
09575444,2010,2,NA,0,TRUE
09575444,2011,2,0,0,TRUE
09575444,2012,2,0,0,TRUE
09575444,2013,3,0,0,TRUE
09575444,2014,3,0,0,TRUE
09575444,2015,3,0,0,FALSE
09575444,2016,3,0,0,FALSE
09575444,2017,3,0,0,FALSE
09575444,2018,3,0,NA,FALSE
09575451,2018,74,NA,0,FALSE
09575451,2019,74,0,0,FALSE
09575451,2020,38,0,0,FALSE
09575451,2021,38,0,NA,FALSE
09576111,2010,2,NA,0,TRUE
09576111,2011,2,0,0,TRUE
09576111,2012,2,0,0,TRUE
09576111,2013,3,0,0,TRUE
09576111,2014,3,0,100,TRUE
09576113,2010,2,NA,0,TRUE
09576113,2011,2,0,0,TRUE
09576113,2012,2,0,0,TRUE
09576113,2013,3,0,0,TRUE
09576113,2014,3,0,99.97,TRUE
09576117,2010,2,NA,0,TRUE
09576117,2011,2,0,0,TRUE
09576117,2012,2,0,0,TRUE
09576117,2013,3,0,0,TRUE
09576117,2014,3,0,100,TRUE
09576121,2010,2,NA,0,TRUE
09576121,2011,2,0,0,TRUE
09576121,2012,2,0,0,TRUE
09576121,2013,3,0,0,TRUE
09576121,2014,3,0,100,TRUE
09576122,2010,2,NA,0,TRUE
09576122,2011,2,0,0,TRUE
09576122,2012,2,0,0,TRUE
09576122,2013,3,0,0,TRUE
09576122,2014,3,0,97.25,TRUE
09576126,2010,2,NA,0,TRUE
09576126,2011,2,0,0,TRUE
09576126,2012,2,0,0,TRUE
09576126,2013,3,0,0,TRUE
09576126,2014,3,0,100,TRUE
09576127,2010,2,NA,0,TRUE
09576127,2011,2,0,0,TRUE
09576127,2012,2,0,0,TRUE
09576127,2013,3,0,0,TRUE
09576127,2014,3,0,99.98,TRUE
09576128,2010,2,NA,0,TRUE
09576128,2011,2,0,0,TRUE
09576128,2012,2,0,0,TRUE
09576128,2013,3,0,0,TRUE
09576128,2014,3,0,100,TRUE
09576132,2010,2,NA,0,TRUE
09576132,2011,2,0,0,TRUE
09576132,2012,2,0,0,TRUE
09576132,2013,3,0,0,TRUE
09576132,2014,3,0,99.91,TRUE
09576137,2010,2,NA,0,TRUE
09576137,2011,2,0,0,TRUE
09576137,2012,2,0,0,TRUE
09576137,2013,3,0,0,TRUE
09576137,2014,3,0,100,TRUE
09576141,2010,2,NA,0,TRUE
09576141,2011,2,0,0,TRUE
09576141,2012,2,0,0,TRUE
09576141,2013,3,0,0,TRUE
09576141,2014,3,0,100,TRUE
09576142,2010,2,NA,0,TRUE
09576142,2011,2,0,0,TRUE
09576142,2012,2,0,0,TRUE
09576142,2013,3,0,0,TRUE
09576142,2014,3,0,98.93,TRUE
09576143,2010,2,NA,0,TRUE
09576143,2011,2,0,0,TRUE
09576143,2012,2,0,0,TRUE
09576143,2013,3,0,0,TRUE
09576143,2014,3,0,99.87,TRUE
09576147,2010,2,NA,0,TRUE
09576147,2011,2,0,0,TRUE
09576147,2012,2,0,0,TRUE
09576147,2013,3,0,0,TRUE
09576147,2014,3,0,99.43,TRUE
09576148,2010,2,NA,0,TRUE
09576148,2011,2,0,0,TRUE
09576148,2012,2,0,0,TRUE
09576148,2013,3,0,0,TRUE
09576148,2014,3,0,99.9,TRUE
09576151,2010,2,NA,0,TRUE
09576151,2011,2,0,0,TRUE
09576151,2012,2,0,0,TRUE
09576151,2013,3,0,0,TRUE
09576151,2014,3,0,100,TRUE
09576444,2010,2,NA,0,TRUE
09576444,2011,2,0,0,TRUE
09576444,2012,2,0,0,TRUE
09576444,2013,3,0,0,TRUE
09576444,2014,3,0,0,TRUE
09576444,2015,3,0,100,FALSE
09576451,2018,74,NA,0,FALSE
09576451,2019,74,0,0,FALSE
09576451,2020,38,0,0,FALSE
09576451,2021,38,0,NA,FALSE
09576452,2018,74,NA,0,FALSE
09576452,2019,74,0,0,FALSE
09576452,2020,38,0,0,FALSE
09576452,2021,38,0,NA,FALSE
09576453,2021,38,100,NA,FALSE
09576454,2018,74,NA,0,FALSE
09576454,2019,74,0,0,FALSE
09576454,2020,38,0,0,FALSE
09576454,2021,38,0,NA,FALSE
09576455,2018,74,NA,0,FALSE
09576455,2019,74,0,0,FALSE
09576455,2020,38,0,0,FALSE
09576455,2021,38,0,NA,FALSE
09577111,2010,2,NA,0,TRUE
09577111,2011,2,0,0,TRUE
09577111,2012,2,0,0,TRUE
09577111,2013,3,0,0,TRUE
09577111,2014,3,0,99.8,TRUE
09577113,2010,2,NA,0,TRUE
09577113,2011,2,0,0,TRUE
09577113,2012,2,0,0,TRUE
09577113,2013,3,0,0,TRUE
09577113,2014,3,0,99.72,TRUE
09577114,2010,2,NA,0,TRUE
09577114,2011,2,0,0,TRUE
09577114,2012,2,0,0,TRUE
09577114,2013,3,0,0,TRUE
09577114,2014,3,0,100,TRUE
09577115,2010,2,NA,0,TRUE
09577115,2011,2,0,0,TRUE
09577115,2012,2,0,0,TRUE
09577115,2013,3,0,0,TRUE
09577115,2014,3,0,99.77,TRUE
09577120,2010,2,NA,0,TRUE
09577120,2011,2,0,0,TRUE
09577120,2012,2,0,0,TRUE
09577120,2013,3,0,0,TRUE
09577120,2014,3,0,100,TRUE
09577122,2010,2,NA,0,TRUE
09577122,2011,2,0,0,TRUE
09577122,2012,2,0,0,TRUE
09577122,2013,3,0,0,TRUE
09577122,2014,3,0,97.52,TRUE
09577125,2010,2,NA,0,TRUE
09577125,2011,2,0,0,TRUE
09577125,2012,2,0,0,TRUE
09577125,2013,3,0,0,TRUE
09577125,2014,3,0,97.23,TRUE
09577127,2010,2,NA,0,TRUE
09577127,2011,2,0,0,TRUE
09577127,2012,2,0,0,TRUE
09577127,2013,3,0,0,TRUE
09577127,2014,3,0,100,TRUE
09577133,2010,2,NA,0,TRUE
09577133,2011,2,0,0,TRUE
09577133,2012,2,0,0,TRUE
09577133,2013,3,0,0,TRUE
09577133,2014,3,0,99.44,TRUE
09577136,2010,2,NA,0,TRUE
09577136,2011,2,0,0,TRUE
09577136,2012,2,0,0,TRUE
09577136,2013,3,0,0,TRUE
09577136,2014,3,0,99.35,TRUE
09577138,2010,2,NA,0,TRUE
09577138,2011,2,0,0,TRUE
09577138,2012,2,0,0,TRUE
09577138,2013,3,0,0,TRUE
09577138,2014,3,0,96.47,TRUE
09577140,2010,2,NA,0,TRUE
09577140,2011,2,0,0,TRUE
09577140,2012,2,0,0,TRUE
09577140,2013,3,0,0,TRUE
09577140,2014,3,0,92.12,TRUE
09577141,2010,2,NA,0,TRUE
09577141,2011,2,0,0,TRUE
09577141,2012,2,0,0,TRUE
09577141,2013,3,0,0,TRUE
09577141,2014,3,0,73.84,TRUE
09577148,2010,2,NA,0,TRUE
09577148,2011,2,0,0,TRUE
09577148,2012,2,0,0,TRUE
09577148,2013,3,0,0,TRUE
09577148,2014,3,0,98.52,TRUE
09577149,2010,2,NA,0,TRUE
09577149,2011,2,0,0,TRUE
09577149,2012,2,0,0,TRUE
09577149,2013,3,0,0,TRUE
09577149,2014,3,0,99.45,TRUE
09577150,2010,2,NA,0,TRUE
09577150,2011,2,0,0,TRUE
09577150,2012,2,0,0,TRUE
09577150,2013,3,0,0,TRUE
09577150,2014,3,0,100,TRUE
09577151,2010,2,NA,0,TRUE
09577151,2011,2,0,0,TRUE
09577151,2012,2,0,0,TRUE
09577151,2013,3,0,0,TRUE
09577151,2014,3,0,99.63,TRUE
09577158,2010,2,NA,0,TRUE
09577158,2011,2,0,0,TRUE
09577158,2012,2,0,0,TRUE
09577158,2013,3,0,0,TRUE
09577158,2014,3,0,98.99,TRUE
09577159,2010,2,NA,0,TRUE
09577159,2011,2,0,0,TRUE
09577159,2012,2,0,0,TRUE
09577159,2013,3,0,0,TRUE
09577159,2014,3,0,100,TRUE
09577161,2010,2,NA,0,TRUE
09577161,2011,2,0,0,TRUE
09577161,2012,2,0,0,TRUE
09577161,2013,3,0,0,TRUE
09577161,2014,3,0,99.64,TRUE
09577162,2010,2,NA,0,TRUE
09577162,2011,2,0,0,TRUE
09577162,2012,2,0,0,TRUE
09577162,2013,3,0,0,TRUE
09577162,2014,3,0,97.93,TRUE
09577163,2010,2,NA,0,TRUE
09577163,2011,2,0,0,TRUE
09577163,2012,2,0,0,TRUE
09577163,2013,3,0,0,TRUE
09577163,2014,3,0,100,TRUE
09577168,2010,2,NA,0,TRUE
09577168,2011,2,0,0,TRUE
09577168,2012,2,0,0,TRUE
09577168,2013,3,0,0,TRUE
09577168,2014,3,0,100,TRUE
09577172,2010,2,NA,0,TRUE
09577172,2011,2,0,0,TRUE
09577172,2012,2,0,0,TRUE
09577172,2013,3,0,0,TRUE
09577172,2014,3,0,100,TRUE
09577173,2010,2,NA,0,TRUE
09577173,2011,2,0,0,TRUE
09577173,2012,2,0,0,TRUE
09577173,2013,3,0,0,TRUE
09577173,2014,3,0,99.81,TRUE
09577177,2010,2,NA,0,TRUE
09577177,2011,2,0,0,TRUE
09577177,2012,2,0,0,TRUE
09577177,2013,3,0,0,TRUE
09577177,2014,3,0,99.81,TRUE
09577179,2010,2,NA,0,TRUE
09577179,2011,2,0,0,TRUE
09577179,2012,2,0,0,TRUE
09577179,2013,3,0,0,TRUE
09577179,2014,3,0,100,TRUE
09661000,2010,2,NA,0,TRUE
09661000,2011,2,0,0,TRUE
09661000,2012,2,0,0,TRUE
09661000,2013,3,0,0,TRUE
09661000,2014,3,0,100,TRUE
09662000,2010,2,NA,0,TRUE
09662000,2011,2,0,0,TRUE
09662000,2012,2,0,0,TRUE
09662000,2013,3,0,0,TRUE
09662000,2014,3,0,100,TRUE
09663000,2010,2,NA,0,TRUE
09663000,2011,2,0,0,TRUE
09663000,2012,2,0,0,TRUE
09663000,2013,3,0,0,TRUE
09663000,2014,3,0,99.93,TRUE
09671111,2010,2,NA,0,TRUE
09671111,2011,2,0,0,TRUE
09671111,2012,2,0,0,TRUE
09671111,2013,3,0,0,TRUE
09671111,2014,3,0,99.81,TRUE
09671112,2010,2,NA,0,TRUE
09671112,2011,2,0,0,TRUE
09671112,2012,2,0,0,TRUE
09671112,2013,3,0,0,TRUE
09671112,2014,3,0,100,TRUE
09671113,2010,2,NA,0,TRUE
09671113,2011,2,0,0,TRUE
09671113,2012,2,0,0,TRUE
09671113,2013,3,0,0,TRUE
09671113,2014,3,0,100,TRUE
09671114,2010,2,NA,0,TRUE
09671114,2011,2,0,0,TRUE
09671114,2012,2,0,0,TRUE
09671114,2013,3,0,0,TRUE
09671114,2014,3,0,100,TRUE
09671119,2010,2,NA,0,TRUE
09671119,2011,2,0,0,TRUE
09671119,2012,2,0,0,TRUE
09671119,2013,3,0,0,TRUE
09671119,2014,3,0,100,TRUE
09671120,2010,2,NA,0,TRUE
09671120,2011,2,0,0,TRUE
09671120,2012,2,0,0,TRUE
09671120,2013,3,0,0,TRUE
09671120,2014,3,0,100,TRUE
09671121,2010,2,NA,0,TRUE
09671121,2011,2,0,0,TRUE
09671121,2012,2,0,0,TRUE
09671121,2013,3,0,0,TRUE
09671121,2014,3,0,100,TRUE
09671122,2010,2,NA,0,TRUE
09671122,2011,2,0,0,TRUE
09671122,2012,2,0,0,TRUE
09671122,2013,3,0,0,TRUE
09671122,2014,3,0,100,TRUE
09671124,2010,2,NA,0,TRUE
09671124,2011,2,0,0,TRUE
09671124,2012,2,0,0,TRUE
09671124,2013,3,0,0,TRUE
09671124,2014,3,0,100,TRUE
09671126,2010,2,NA,0,TRUE
09671126,2011,2,0,0,TRUE
09671126,2012,2,0,0,TRUE
09671126,2013,3,0,0,TRUE
09671126,2014,3,0,99.7,TRUE
09671127,2010,2,NA,0,TRUE
09671127,2011,2,0,0,TRUE
09671127,2012,2,0,0,TRUE
09671127,2013,3,0,0,TRUE
09671127,2014,3,0,100,TRUE
09671128,2010,2,NA,0,TRUE
09671128,2011,2,0,0,TRUE
09671128,2012,2,0,0,TRUE
09671128,2013,3,0,0,TRUE
09671128,2014,3,0,98.95,TRUE
09671130,2010,2,NA,0,TRUE
09671130,2011,2,0,0,TRUE
09671130,2012,2,0,0,TRUE
09671130,2013,3,0,0,TRUE
09671130,2014,3,0,100,TRUE
09671133,2010,2,NA,0,TRUE
09671133,2011,2,0,0,TRUE
09671133,2012,2,0,0,TRUE
09671133,2013,3,0,0,TRUE
09671133,2014,3,0,99.88,TRUE
09671134,2010,2,NA,0,TRUE
09671134,2011,2,0,0,TRUE
09671134,2012,2,0,0,TRUE
09671134,2013,3,0,0,TRUE
09671134,2014,3,0,100,TRUE
09671135,2010,2,NA,0,TRUE
09671135,2011,2,0,0,TRUE
09671135,2012,2,0,0,TRUE
09671135,2013,3,0,0,TRUE
09671135,2014,3,0,99.38,TRUE
09671136,2010,2,NA,0,TRUE
09671136,2011,2,0,0,TRUE
09671136,2012,2,0,0,TRUE
09671136,2013,3,0,0,TRUE
09671136,2014,3,0,100,TRUE
09671138,2010,2,NA,0,TRUE
09671138,2011,2,0,0,TRUE
09671138,2012,2,0,0,TRUE
09671138,2013,3,0,0,TRUE
09671138,2014,3,0,100,TRUE
09671139,2010,2,NA,0,TRUE
09671139,2011,2,0,0,TRUE
09671139,2012,2,0,0,TRUE
09671139,2013,3,0,0,TRUE
09671139,2014,3,0,100,TRUE
09671140,2010,2,NA,0,TRUE
09671140,2011,2,0,0,TRUE
09671140,2012,2,0,0,TRUE
09671140,2013,3,0,0,TRUE
09671140,2014,3,0,100,TRUE
09671141,2010,2,NA,0,TRUE
09671141,2011,2,0,0,TRUE
09671141,2012,2,0,0,TRUE
09671141,2013,3,0,0,TRUE
09671141,2014,3,0,100,TRUE
09671143,2010,2,NA,0,TRUE
09671143,2011,2,0,0,TRUE
09671143,2012,2,0,0,TRUE
09671143,2013,3,0,0,TRUE
09671143,2014,3,0,99.94,TRUE
09671148,2010,2,NA,0,TRUE
09671148,2011,2,0,0,TRUE
09671148,2012,2,0,0,TRUE
09671148,2013,3,0,0,TRUE
09671148,2014,3,0,99.14,TRUE
09671150,2010,2,NA,0,TRUE
09671150,2011,2,0,0,TRUE
09671150,2012,2,0,0,TRUE
09671150,2013,3,0,0,TRUE
09671150,2014,3,0,92.1,TRUE
09671152,2010,2,NA,0,TRUE
09671152,2011,2,0,0,TRUE
09671152,2012,2,0,0,TRUE
09671152,2013,3,0,0,TRUE
09671152,2014,3,0,100,TRUE
09671153,2010,2,NA,0,TRUE
09671153,2011,2,0,0,TRUE
09671153,2012,2,0,0,TRUE
09671153,2013,3,0,0,TRUE
09671153,2014,3,0,100,TRUE
09671155,2010,2,NA,0,TRUE
09671155,2011,2,0,0,TRUE
09671155,2012,2,0,0,TRUE
09671155,2013,3,0,0,TRUE
09671155,2014,3,0,100,TRUE
09671156,2010,2,NA,0,TRUE
09671156,2011,2,0,0,TRUE
09671156,2012,2,0,0,TRUE
09671156,2013,3,0,0,TRUE
09671156,2014,3,0,100,TRUE
09671157,2010,2,NA,0,TRUE
09671157,2011,2,0,0,TRUE
09671157,2012,2,0,0,TRUE
09671157,2013,3,0,0,TRUE
09671157,2014,3,0,100,TRUE
09671159,2010,2,NA,0,TRUE
09671159,2011,2,0,0,TRUE
09671159,2012,2,0,0,TRUE
09671159,2013,3,0,0,TRUE
09671159,2014,3,0,100,TRUE
09671160,2010,2,NA,0,TRUE
09671160,2011,2,0,0,TRUE
09671160,2012,2,0,0,TRUE
09671160,2013,3,0,0,TRUE
09671160,2014,3,0,100,TRUE
09671162,2010,2,NA,0,TRUE
09671162,2011,2,0,0,TRUE
09671162,2012,2,0,0,TRUE
09671162,2013,3,0,0,TRUE
09671162,2014,3,0,100,TRUE
09671444,2010,2,NA,0,TRUE
09671444,2011,2,0,0,TRUE
09671444,2012,2,0,0,TRUE
09671444,2013,3,0,0,TRUE
09671444,2014,3,0,0,TRUE
09671444,2015,3,0,100,FALSE
09671451,2018,74,NA,0,FALSE
09671451,2019,74,0,0,FALSE
09671451,2020,38,0,0,FALSE
09671451,2021,38,0,NA,FALSE
09671453,2021,38,100,NA,FALSE
09671454,2020,38,90,0,FALSE
09671454,2021,38,0,NA,FALSE
09671456,2021,38,100,NA,FALSE
09671457,2021,38,100,NA,FALSE
09671458,2018,74,NA,0,FALSE
09671458,2019,74,0,0,FALSE
09671458,2020,38,0,0,FALSE
09671458,2021,38,0,NA,FALSE
09671459,2021,38,100,NA,FALSE
09671460,2021,38,100,NA,FALSE
09671461,2018,74,NA,0,FALSE
09671461,2019,74,0,0,FALSE
09671461,2020,38,0,0,FALSE
09671461,2021,38,0,NA,FALSE
09672111,2010,2,NA,0,TRUE
09672111,2011,2,0,0,TRUE
09672111,2012,2,0,0,TRUE
09672111,2013,3,0,0,TRUE
09672111,2014,3,0,99.74,TRUE
09672112,2010,2,NA,0,TRUE
09672112,2011,2,0,0,TRUE
09672112,2012,2,0,0,TRUE
09672112,2013,3,0,0,TRUE
09672112,2014,3,0,100,TRUE
09672113,2010,2,NA,0,TRUE
09672113,2011,2,0,0,TRUE
09672113,2012,2,0,0,TRUE
09672113,2013,3,0,0,TRUE
09672113,2014,3,0,100,TRUE
09672114,2010,2,NA,0,TRUE
09672114,2011,2,0,0,TRUE
09672114,2012,2,0,0,TRUE
09672114,2013,3,0,0,TRUE
09672114,2014,3,0,99.98,TRUE
09672117,2010,2,NA,0,TRUE
09672117,2011,2,0,0,TRUE
09672117,2012,2,0,0,TRUE
09672117,2013,3,0,0,TRUE
09672117,2014,3,0,100,TRUE
09672121,2010,2,NA,0,TRUE
09672121,2011,2,0,0,TRUE
09672121,2012,2,0,0,TRUE
09672121,2013,3,0,0,TRUE
09672121,2014,3,0,99.92,TRUE
09672122,2010,2,NA,0,TRUE
09672122,2011,2,0,0,TRUE
09672122,2012,2,0,0,TRUE
09672122,2013,3,0,0,TRUE
09672122,2014,3,0,100,TRUE
09672124,2010,2,NA,0,TRUE
09672124,2011,2,0,0,TRUE
09672124,2012,2,0,0,TRUE
09672124,2013,3,0,0,TRUE
09672124,2014,3,0,99.75,TRUE
09672126,2010,2,NA,0,TRUE
09672126,2011,2,0,0,TRUE
09672126,2012,2,0,0,TRUE
09672126,2013,3,0,0,TRUE
09672126,2014,3,0,100,TRUE
09672127,2010,2,NA,0,TRUE
09672127,2011,2,0,0,TRUE
09672127,2012,2,0,0,TRUE
09672127,2013,3,0,0,TRUE
09672127,2014,3,0,94.35,TRUE
09672131,2010,2,NA,0,TRUE
09672131,2011,2,0,0,TRUE
09672131,2012,2,0,0,TRUE
09672131,2013,3,0,0,TRUE
09672131,2014,3,0,90.12,TRUE
09672134,2010,2,NA,0,TRUE
09672134,2011,2,0,0,TRUE
09672134,2012,2,0,0,TRUE
09672134,2013,3,0,0,TRUE
09672134,2014,3,0,100,TRUE
09672135,2010,2,NA,0,TRUE
09672135,2011,2,0,0,TRUE
09672135,2012,2,0,0,TRUE
09672135,2013,3,0,0,TRUE
09672135,2014,3,0,94.92,TRUE
09672136,2010,2,NA,0,TRUE
09672136,2011,2,0,0,TRUE
09672136,2012,2,0,0,TRUE
09672136,2013,3,0,0,TRUE
09672136,2014,3,0,100,TRUE
09672138,2010,2,NA,0,TRUE
09672138,2011,2,0,0,TRUE
09672138,2012,2,0,0,TRUE
09672138,2013,3,0,0,TRUE
09672138,2014,3,0,99.88,TRUE
09672139,2010,2,NA,0,TRUE
09672139,2011,2,0,0,TRUE
09672139,2012,2,0,0,TRUE
09672139,2013,3,0,0,TRUE
09672139,2014,3,0,100,TRUE
09672140,2010,2,NA,0,TRUE
09672140,2011,2,0,0,TRUE
09672140,2012,2,0,0,TRUE
09672140,2013,3,0,0,TRUE
09672140,2014,3,0,99.95,TRUE
09672142,2010,2,NA,0,TRUE
09672142,2011,2,0,0,TRUE
09672142,2012,2,0,0,TRUE
09672142,2013,3,0,0,TRUE
09672142,2014,3,0,99.81,TRUE
09672143,2010,2,NA,0,TRUE
09672143,2011,2,0,0,TRUE
09672143,2012,2,0,0,TRUE
09672143,2013,3,0,0,TRUE
09672143,2014,3,0,100,TRUE
09672145,2010,2,NA,0,TRUE
09672145,2011,2,0,0,TRUE
09672145,2012,2,0,0,TRUE
09672145,2013,3,0,0,TRUE
09672145,2014,3,0,100,TRUE
09672149,2010,2,NA,0,TRUE
09672149,2011,2,0,0,TRUE
09672149,2012,2,0,0,TRUE
09672149,2013,3,0,0,TRUE
09672149,2014,3,0,100,TRUE
09672155,2010,2,NA,0,TRUE
09672155,2011,2,0,0,TRUE
09672155,2012,2,0,0,TRUE
09672155,2013,3,0,0,TRUE
09672155,2014,3,0,98.71,TRUE
09672157,2010,2,NA,0,TRUE
09672157,2011,2,0,0,TRUE
09672157,2012,2,0,0,TRUE
09672157,2013,3,0,0,TRUE
09672157,2014,3,0,99.79,TRUE
09672161,2010,2,NA,0,TRUE
09672161,2011,2,0,0,TRUE
09672161,2012,2,0,0,TRUE
09672161,2013,3,0,0,TRUE
09672161,2014,3,0,88.09,TRUE
09672163,2010,2,NA,0,TRUE
09672163,2011,2,0,0,TRUE
09672163,2012,2,0,0,TRUE
09672163,2013,3,0,0,TRUE
09672163,2014,3,0,100,TRUE
09672166,2010,2,NA,0,TRUE
09672166,2011,2,0,0,TRUE
09672166,2012,2,0,0,TRUE
09672166,2013,3,0,0,TRUE
09672166,2014,3,0,99.89,TRUE
09672444,2010,2,NA,0,TRUE
09672444,2011,2,0,0,TRUE
09672444,2012,2,0,0,TRUE
09672444,2013,3,0,0,TRUE
09672444,2014,3,0,0,TRUE
09672444,2015,3,0,80,FALSE
09672444,2018,3,80,NA,FALSE
09672451,2018,74,NA,0,FALSE
09672451,2019,74,0,0,FALSE
09672451,2020,38,0,0,FALSE
09672451,2021,38,0,NA,FALSE
09672454,2018,74,NA,0,FALSE
09672454,2019,74,0,0,FALSE
09672454,2020,38,0,0,FALSE
09672454,2021,38,0,NA,FALSE
09672455,2018,74,NA,0,FALSE
09672455,2019,74,0,0,FALSE
09672455,2020,38,0,0,FALSE
09672455,2021,38,0,NA,FALSE
09672456,2020,38,4,0,FALSE
09672456,2021,38,0,NA,FALSE
09672457,2018,74,NA,0,FALSE
09672457,2019,74,0,0,FALSE
09672457,2020,38,0,0,FALSE
09672457,2021,38,0,NA,FALSE
09672458,2018,74,NA,0,FALSE
09672458,2019,74,0,0,FALSE
09672458,2020,38,0,0,FALSE
09672458,2021,38,0,NA,FALSE
09672461,2018,74,NA,0,FALSE
09672461,2019,74,0,0,FALSE
09672461,2020,38,0,0,FALSE
09672461,2021,38,0,NA,FALSE
09672462,2021,38,100,NA,FALSE
09672463,2018,74,NA,0,FALSE
09672463,2019,74,0,0,FALSE
09672463,2020,38,0,0,FALSE
09672463,2021,38,0,NA,FALSE
09672464,2018,74,NA,0,FALSE
09672464,2019,74,0,0,FALSE
09672464,2020,38,0,0,FALSE
09672464,2021,38,0,NA,FALSE
09672465,2020,38,100,0,FALSE
09672465,2021,38,0,NA,FALSE
09672466,2018,74,NA,0,FALSE
09672466,2019,74,0,0,FALSE
09672466,2020,38,0,0,FALSE
09672466,2021,38,0,NA,FALSE
09672468,2018,74,NA,0,FALSE
09672468,2019,74,0,0,FALSE
09672468,2020,38,0,0,FALSE
09672468,2021,38,0,NA,FALSE
09673113,2010,2,NA,0,TRUE
09673113,2011,2,0,0,TRUE
09673113,2012,2,0,0,TRUE
09673113,2013,3,0,0,TRUE
09673113,2014,3,0,99.7,TRUE
09673114,2010,2,NA,0,TRUE
09673114,2011,2,0,0,TRUE
09673114,2012,2,0,0,TRUE
09673114,2013,3,0,0,TRUE
09673114,2014,3,0,100,TRUE
09673116,2010,2,NA,0,TRUE
09673116,2011,2,0,0,TRUE
09673116,2012,2,0,0,TRUE
09673116,2013,3,0,0,TRUE
09673116,2014,3,0,99.49,TRUE
09673117,2010,2,NA,0,TRUE
09673117,2011,2,0,0,TRUE
09673117,2012,2,0,0,TRUE
09673117,2013,3,0,0,TRUE
09673117,2014,3,0,99.82,TRUE
09673123,2010,2,NA,0,TRUE
09673123,2011,2,0,0,TRUE
09673123,2012,2,0,0,TRUE
09673123,2013,3,0,0,TRUE
09673123,2014,3,0,99.9,TRUE
09673126,2010,2,NA,0,TRUE
09673126,2011,2,0,0,TRUE
09673126,2012,2,0,0,TRUE
09673126,2013,3,0,0,TRUE
09673126,2014,3,0,99.5,TRUE
09673127,2010,2,NA,0,TRUE
09673127,2011,2,0,0,TRUE
09673127,2012,2,0,0,TRUE
09673127,2013,3,0,0,TRUE
09673127,2014,3,0,100,TRUE
09673129,2010,2,NA,0,TRUE
09673129,2011,2,0,0,TRUE
09673129,2012,2,0,0,TRUE
09673129,2013,3,0,0,TRUE
09673129,2014,3,0,99.69,TRUE
09673130,2010,2,NA,0,TRUE
09673130,2011,2,0,0,TRUE
09673130,2012,2,0,0,TRUE
09673130,2013,3,0,0,TRUE
09673130,2014,3,0,96.93,TRUE
09673131,2010,2,NA,0,TRUE
09673131,2011,2,0,0,TRUE
09673131,2012,2,0,0,TRUE
09673131,2013,3,0,0,TRUE
09673131,2014,3,0,99.67,TRUE
09673133,2010,2,NA,0,TRUE
09673133,2011,2,0,0,TRUE
09673133,2012,2,0,0,TRUE
09673133,2013,3,0,0,TRUE
09673133,2014,3,0,100,TRUE
09673134,2010,2,NA,0,TRUE
09673134,2011,2,0,0,TRUE
09673134,2012,2,0,0,TRUE
09673134,2013,3,0,0,TRUE
09673134,2014,3,0,100,TRUE
09673135,2010,2,NA,0,TRUE
09673135,2011,2,0,0,TRUE
09673135,2012,2,0,0,TRUE
09673135,2013,3,0,0,TRUE
09673135,2014,3,0,100,TRUE
09673136,2010,2,NA,0,TRUE
09673136,2011,2,0,0,TRUE
09673136,2012,2,0,0,TRUE
09673136,2013,3,0,0,TRUE
09673136,2014,3,0,98.37,TRUE
09673141,2010,2,NA,0,TRUE
09673141,2011,2,0,0,TRUE
09673141,2012,2,0,0,TRUE
09673141,2013,3,0,0,TRUE
09673141,2014,3,0,99.59,TRUE
09673142,2010,2,NA,0,TRUE
09673142,2011,2,0,0,TRUE
09673142,2012,2,0,0,TRUE
09673142,2013,3,0,0,TRUE
09673142,2014,3,0,99.96,TRUE
09673146,2010,2,NA,0,TRUE
09673146,2011,2,0,0,TRUE
09673146,2012,2,0,0,TRUE
09673146,2013,3,0,0,TRUE
09673146,2014,3,0,100,TRUE
09673147,2010,2,NA,0,TRUE
09673147,2011,2,0,0,TRUE
09673147,2012,2,0,0,TRUE
09673147,2013,3,0,0,TRUE
09673147,2014,3,0,99.19,TRUE
09673149,2010,2,NA,0,TRUE
09673149,2011,2,0,0,TRUE
09673149,2012,2,0,0,TRUE
09673149,2013,3,0,0,TRUE
09673149,2014,3,0,98.74,TRUE
09673151,2010,2,NA,0,TRUE
09673151,2011,2,0,0,TRUE
09673151,2012,2,0,0,TRUE
09673151,2013,3,0,0,TRUE
09673151,2014,3,0,100,TRUE
09673153,2010,2,NA,0,TRUE
09673153,2011,2,0,0,TRUE
09673153,2012,2,0,0,TRUE
09673153,2013,3,0,0,TRUE
09673153,2014,3,0,100,TRUE
09673156,2010,2,NA,0,TRUE
09673156,2011,2,0,0,TRUE
09673156,2012,2,0,0,TRUE
09673156,2013,3,0,0,TRUE
09673156,2014,3,0,100,TRUE
09673160,2010,2,NA,0,TRUE
09673160,2011,2,0,0,TRUE
09673160,2012,2,0,0,TRUE
09673160,2013,3,0,0,TRUE
09673160,2014,3,0,97.46,TRUE
09673161,2010,2,NA,0,TRUE
09673161,2011,2,0,0,TRUE
09673161,2012,2,0,0,TRUE
09673161,2013,3,0,0,TRUE
09673161,2014,3,0,100,TRUE
09673162,2010,2,NA,0,TRUE
09673162,2011,2,0,0,TRUE
09673162,2012,2,0,0,TRUE
09673162,2013,3,0,0,TRUE
09673162,2014,3,0,99.07,TRUE
09673163,2010,2,NA,0,TRUE
09673163,2011,2,0,0,TRUE
09673163,2012,2,0,0,TRUE
09673163,2013,3,0,0,TRUE
09673163,2014,3,0,99.46,TRUE
09673167,2010,2,NA,0,TRUE
09673167,2011,2,0,0,TRUE
09673167,2012,2,0,0,TRUE
09673167,2013,3,0,0,TRUE
09673167,2014,3,0,99.78,TRUE
09673170,2010,2,NA,0,TRUE
09673170,2011,2,0,0,TRUE
09673170,2012,2,0,0,TRUE
09673170,2013,3,0,0,TRUE
09673170,2014,3,0,100,TRUE
09673171,2010,2,NA,0,TRUE
09673171,2011,2,0,0,TRUE
09673171,2012,2,0,0,TRUE
09673171,2013,3,0,0,TRUE
09673171,2014,3,0,100,TRUE
09673172,2010,2,NA,0,TRUE
09673172,2011,2,0,0,TRUE
09673172,2012,2,0,0,TRUE
09673172,2013,3,0,0,TRUE
09673172,2014,3,0,98.56,TRUE
09673173,2010,2,NA,0,TRUE
09673173,2011,2,0,0,TRUE
09673173,2012,2,0,0,TRUE
09673173,2013,3,0,0,TRUE
09673173,2014,3,0,99.86,TRUE
09673174,2010,2,NA,0,TRUE
09673174,2011,2,0,0,TRUE
09673174,2012,2,0,0,TRUE
09673174,2013,3,0,0,TRUE
09673174,2014,3,0,100,TRUE
09673175,2010,2,NA,0,TRUE
09673175,2011,2,0,0,TRUE
09673175,2012,2,0,0,TRUE
09673175,2013,3,0,0,TRUE
09673175,2014,3,0,100,TRUE
09673182,2010,2,NA,0,TRUE
09673182,2011,2,0,0,TRUE
09673182,2012,2,0,0,TRUE
09673182,2013,3,0,0,TRUE
09673182,2014,3,0,96.86,TRUE
09673183,2010,2,NA,0,TRUE
09673183,2011,2,0,0,TRUE
09673183,2012,2,0,0,TRUE
09673183,2013,3,0,0,TRUE
09673183,2014,3,0,100,TRUE
09673184,2010,2,NA,0,TRUE
09673184,2011,2,0,0,TRUE
09673184,2012,2,0,0,TRUE
09673184,2013,3,0,0,TRUE
09673184,2014,3,0,100,TRUE
09673186,2010,2,NA,0,TRUE
09673186,2011,2,0,0,TRUE
09673186,2012,2,0,0,TRUE
09673186,2013,3,0,0,TRUE
09673186,2014,3,0,100,TRUE
09673444,2010,2,NA,0,TRUE
09673444,2011,2,0,0,TRUE
09673444,2012,2,0,0,TRUE
09673444,2013,3,0,0,TRUE
09673444,2014,3,0,0,TRUE
09673444,2015,3,0,0,FALSE
09673444,2016,3,0,0,FALSE
09673444,2017,3,0,0,FALSE
09673444,2018,3,0,NA,FALSE
09673451,2018,74,NA,0,FALSE
09673451,2019,74,0,0,FALSE
09673451,2020,38,0,0,FALSE
09673451,2021,38,0,NA,FALSE
09673452,2018,74,NA,0,FALSE
09673452,2019,74,0,0,FALSE
09673452,2020,38,0,0,FALSE
09673452,2021,38,0,NA,FALSE
09673453,2018,74,NA,0,FALSE
09673453,2019,74,0,0,FALSE
09673453,2020,38,0,0,FALSE
09673453,2021,38,0,NA,FALSE
09673454,2018,74,NA,0,FALSE
09673454,2019,74,0,0,FALSE
09673454,2020,38,0,0,FALSE
09673454,2021,38,0,NA,FALSE
09673455,2018,74,NA,0,FALSE
09673455,2019,74,0,0,FALSE
09673455,2020,38,0,0,FALSE
09673455,2021,38,0,NA,FALSE
09673456,2018,74,NA,0,FALSE
09673456,2019,74,0,0,FALSE
09673456,2020,38,0,0,FALSE
09673456,2021,38,0,NA,FALSE
09673457,2018,74,NA,0,FALSE
09673457,2019,74,0,0,FALSE
09673457,2020,38,0,0,FALSE
09673457,2021,38,0,NA,FALSE
09673458,2018,74,NA,0,FALSE
09673458,2019,74,0,0,FALSE
09673458,2020,38,0,0,FALSE
09673458,2021,38,0,NA,FALSE
09674111,2010,2,NA,0,TRUE
09674111,2011,2,0,0,TRUE
09674111,2012,2,0,0,TRUE
09674111,2013,3,0,0,TRUE
09674111,2014,3,0,100,TRUE
09674118,2010,2,NA,0,TRUE
09674118,2011,2,0,0,TRUE
09674118,2012,2,0,0,TRUE
09674118,2013,3,0,0,TRUE
09674118,2014,3,0,99.1,TRUE
09674120,2010,2,NA,0,TRUE
09674120,2011,2,0,0,TRUE
09674120,2012,2,0,0,TRUE
09674120,2013,3,0,0,TRUE
09674120,2014,3,0,97.64,TRUE
09674121,2010,2,NA,0,TRUE
09674121,2011,2,0,0,TRUE
09674121,2012,2,0,0,TRUE
09674121,2013,3,0,0,TRUE
09674121,2014,3,0,100,TRUE
09674129,2010,2,NA,0,TRUE
09674129,2011,2,0,0,TRUE
09674129,2012,2,0,0,TRUE
09674129,2013,3,0,0,TRUE
09674129,2014,3,0,96.47,TRUE
09674130,2010,2,NA,0,TRUE
09674130,2011,2,0,0,TRUE
09674130,2012,2,0,0,TRUE
09674130,2013,3,0,0,TRUE
09674130,2014,3,0,99.07,TRUE
09674133,2010,2,NA,0,TRUE
09674133,2011,2,0,0,TRUE
09674133,2012,2,0,0,TRUE
09674133,2013,3,0,0,TRUE
09674133,2014,3,0,96.28,TRUE
09674139,2010,2,NA,0,TRUE
09674139,2011,2,0,0,TRUE
09674139,2012,2,0,0,TRUE
09674139,2013,3,0,0,TRUE
09674139,2014,3,0,99.81,TRUE
09674147,2010,2,NA,0,TRUE
09674147,2011,2,0,0,TRUE
09674147,2012,2,0,0,TRUE
09674147,2013,3,0,0,TRUE
09674147,2014,3,0,99.98,TRUE
09674149,2010,2,NA,0,TRUE
09674149,2011,2,0,0,TRUE
09674149,2012,2,0,0,TRUE
09674149,2013,3,0,0,TRUE
09674149,2014,3,0,100,TRUE
09674153,2010,2,NA,0,TRUE
09674153,2011,2,0,0,TRUE
09674153,2012,2,0,0,TRUE
09674153,2013,3,0,0,TRUE
09674153,2014,3,0,100,TRUE
09674159,2010,2,NA,0,TRUE
09674159,2011,2,0,0,TRUE
09674159,2012,2,0,0,TRUE
09674159,2013,3,0,0,TRUE
09674159,2014,3,0,99.88,TRUE
09674160,2010,2,NA,0,TRUE
09674160,2011,2,0,0,TRUE
09674160,2012,2,0,0,TRUE
09674160,2013,3,0,0,TRUE
09674160,2014,3,0,99.46,TRUE
09674163,2010,2,NA,0,TRUE
09674163,2011,2,0,0,TRUE
09674163,2012,2,0,0,TRUE
09674163,2013,3,0,0,TRUE
09674163,2014,3,0,99.56,TRUE
09674164,2010,2,NA,0,TRUE
09674164,2011,2,0,0,TRUE
09674164,2012,2,0,0,TRUE
09674164,2013,3,0,0,TRUE
09674164,2014,3,0,97.87,TRUE
09674171,2010,2,NA,0,TRUE
09674171,2011,2,0,0,TRUE
09674171,2012,2,0,0,TRUE
09674171,2013,3,0,0,TRUE
09674171,2014,3,0,95.01,TRUE
09674180,2010,2,NA,0,TRUE
09674180,2011,2,0,0,TRUE
09674180,2012,2,0,0,TRUE
09674180,2013,3,0,0,TRUE
09674180,2014,3,0,100,TRUE
09674184,2010,2,NA,0,TRUE
09674184,2011,2,0,0,TRUE
09674184,2012,2,0,0,TRUE
09674184,2013,3,0,0,TRUE
09674184,2014,3,0,96.38,TRUE
09674187,2010,2,NA,0,TRUE
09674187,2011,2,0,0,TRUE
09674187,2012,2,0,0,TRUE
09674187,2013,3,0,0,TRUE
09674187,2014,3,0,98.23,TRUE
09674190,2010,2,NA,0,TRUE
09674190,2011,2,0,0,TRUE
09674190,2012,2,0,0,TRUE
09674190,2013,3,0,0,TRUE
09674190,2014,3,0,100,TRUE
09674195,2010,2,NA,0,TRUE
09674195,2011,2,0,0,TRUE
09674195,2012,2,0,0,TRUE
09674195,2013,3,0,0,TRUE
09674195,2014,3,0,100,TRUE
09674201,2010,2,NA,0,TRUE
09674201,2011,2,0,0,TRUE
09674201,2012,2,0,0,TRUE
09674201,2013,3,0,0,TRUE
09674201,2014,3,0,100,TRUE
09674210,2010,2,NA,0,TRUE
09674210,2011,2,0,0,TRUE
09674210,2012,2,0,0,TRUE
09674210,2013,3,0,0,TRUE
09674210,2014,3,0,100,TRUE
09674219,2010,2,NA,0,TRUE
09674219,2011,2,0,0,TRUE
09674219,2012,2,0,0,TRUE
09674219,2013,3,0,0,TRUE
09674219,2014,3,0,100,TRUE
09674221,2010,2,NA,0,TRUE
09674221,2011,2,0,0,TRUE
09674221,2012,2,0,0,TRUE
09674221,2013,3,0,0,TRUE
09674221,2014,3,0,97.21,TRUE
09674223,2010,2,NA,0,TRUE
09674223,2011,2,0,0,TRUE
09674223,2012,2,0,0,TRUE
09674223,2013,3,0,0,TRUE
09674223,2014,3,0,99.53,TRUE
09675111,2010,2,NA,0,TRUE
09675111,2011,2,0,0,TRUE
09675111,2012,2,0,0,TRUE
09675111,2013,3,0,0,TRUE
09675111,2014,3,0,100,TRUE
09675112,2010,2,NA,0,TRUE
09675112,2011,2,0,0,TRUE
09675112,2012,2,0,0,TRUE
09675112,2013,3,0,0,TRUE
09675112,2014,3,0,100,TRUE
09675113,2010,2,NA,0,TRUE
09675113,2011,2,0,0,TRUE
09675113,2012,2,0,0,TRUE
09675113,2013,3,0,0,TRUE
09675113,2014,3,0,99.03,TRUE
09675114,2010,2,NA,0,TRUE
09675114,2011,2,0,0,TRUE
09675114,2012,2,0,0,TRUE
09675114,2013,3,0,0,TRUE
09675114,2014,3,0,100,TRUE
09675116,2010,2,NA,0,TRUE
09675116,2011,2,0,0,TRUE
09675116,2012,2,0,0,TRUE
09675116,2013,3,0,0,TRUE
09675116,2014,3,0,100,TRUE
09675117,2010,2,NA,0,TRUE
09675117,2011,2,0,0,TRUE
09675117,2012,2,0,0,TRUE
09675117,2013,3,0,0,TRUE
09675117,2014,3,0,100,TRUE
09675127,2010,2,NA,0,TRUE
09675127,2011,2,0,0,TRUE
09675127,2012,2,0,0,TRUE
09675127,2013,3,0,0,TRUE
09675127,2014,3,0,98.44,TRUE
09675131,2010,2,NA,0,TRUE
09675131,2011,2,0,0,TRUE
09675131,2012,2,0,0,TRUE
09675131,2013,3,0,0,TRUE
09675131,2014,3,0,100,TRUE
09675139,2010,2,NA,0,TRUE
09675139,2011,2,0,0,TRUE
09675139,2012,2,0,0,TRUE
09675139,2013,3,0,0,TRUE
09675139,2014,3,0,99.31,TRUE
09675141,2010,2,NA,0,TRUE
09675141,2011,2,0,0,TRUE
09675141,2012,2,0,0,TRUE
09675141,2013,3,0,0,TRUE
09675141,2014,3,0,100,TRUE
09675142,2010,2,NA,0,TRUE
09675142,2011,2,0,0,TRUE
09675142,2012,2,0,0,TRUE
09675142,2013,3,0,0,TRUE
09675142,2014,3,0,100,TRUE
09675144,2010,2,NA,0,TRUE
09675144,2011,2,0,0,TRUE
09675144,2012,2,0,0,TRUE
09675144,2013,3,0,0,TRUE
09675144,2014,3,0,100,TRUE
09675146,2010,2,NA,0,TRUE
09675146,2011,2,0,0,TRUE
09675146,2012,2,0,0,TRUE
09675146,2013,3,0,0,TRUE
09675146,2014,3,0,100,TRUE
09675147,2010,2,NA,0,TRUE
09675147,2011,2,0,0,TRUE
09675147,2012,2,0,0,TRUE
09675147,2013,3,0,0,TRUE
09675147,2014,3,0,100,TRUE
09675148,2010,2,NA,0,TRUE
09675148,2011,2,0,0,TRUE
09675148,2012,2,0,0,TRUE
09675148,2013,3,0,0,TRUE
09675148,2014,3,0,100,TRUE
09675149,2010,2,NA,0,TRUE
09675149,2011,2,0,0,TRUE
09675149,2012,2,0,0,TRUE
09675149,2013,3,0,0,TRUE
09675149,2014,3,0,100,TRUE
09675150,2010,2,NA,0,TRUE
09675150,2011,2,0,0,TRUE
09675150,2012,2,0,0,TRUE
09675150,2013,3,0,0,TRUE
09675150,2014,3,0,100,TRUE
09675155,2010,2,NA,0,TRUE
09675155,2011,2,0,0,TRUE
09675155,2012,2,0,0,TRUE
09675155,2013,3,0,0,TRUE
09675155,2014,3,0,100,TRUE
09675156,2010,2,NA,0,TRUE
09675156,2011,2,0,0,TRUE
09675156,2012,2,0,0,TRUE
09675156,2013,3,0,0,TRUE
09675156,2014,3,0,100,TRUE
09675158,2010,2,NA,0,TRUE
09675158,2011,2,0,0,TRUE
09675158,2012,2,0,0,TRUE
09675158,2013,3,0,0,TRUE
09675158,2014,3,0,100,TRUE
09675161,2010,2,NA,0,TRUE
09675161,2011,2,0,0,TRUE
09675161,2012,2,0,0,TRUE
09675161,2013,3,0,0,TRUE
09675161,2014,3,0,100,TRUE
09675162,2010,2,NA,0,TRUE
09675162,2011,2,0,0,TRUE
09675162,2012,2,0,0,TRUE
09675162,2013,3,0,0,TRUE
09675162,2014,3,0,100,TRUE
09675165,2010,2,NA,0,TRUE
09675165,2011,2,0,0,TRUE
09675165,2012,2,0,0,TRUE
09675165,2013,3,0,0,TRUE
09675165,2014,3,0,100,TRUE
09675166,2010,2,NA,0,TRUE
09675166,2011,2,0,0,TRUE
09675166,2012,2,0,0,TRUE
09675166,2013,3,0,0,TRUE
09675166,2014,3,0,100,TRUE
09675167,2010,2,NA,0,TRUE
09675167,2011,2,0,0,TRUE
09675167,2012,2,0,0,TRUE
09675167,2013,3,0,0,TRUE
09675167,2014,3,0,99.79,TRUE
09675169,2010,2,NA,0,TRUE
09675169,2011,2,0,0,TRUE
09675169,2012,2,0,0,TRUE
09675169,2013,3,0,0,TRUE
09675169,2014,3,0,100,TRUE
09675170,2010,2,NA,0,TRUE
09675170,2011,2,0,0,TRUE
09675170,2012,2,0,0,TRUE
09675170,2013,3,0,0,TRUE
09675170,2014,3,0,100,TRUE
09675174,2010,2,NA,0,TRUE
09675174,2011,2,0,0,TRUE
09675174,2012,2,0,0,TRUE
09675174,2013,3,0,0,TRUE
09675174,2014,3,0,99.26,TRUE
09675177,2010,2,NA,0,TRUE
09675177,2011,2,0,0,TRUE
09675177,2012,2,0,0,TRUE
09675177,2013,3,0,0,TRUE
09675177,2014,3,0,100,TRUE
09675178,2010,2,NA,0,TRUE
09675178,2011,2,0,0,TRUE
09675178,2012,2,0,0,TRUE
09675178,2013,3,0,0,TRUE
09675178,2014,3,0,100,TRUE
09675179,2010,2,NA,0,TRUE
09675179,2011,2,0,0,TRUE
09675179,2012,2,0,0,TRUE
09675179,2013,3,0,0,TRUE
09675179,2014,3,0,98.79,TRUE
09676111,2010,2,NA,0,TRUE
09676111,2011,2,0,0,TRUE
09676111,2012,2,0,0,TRUE
09676111,2013,3,0,0,TRUE
09676111,2014,3,0,100,TRUE
09676112,2010,2,NA,0,TRUE
09676112,2011,2,0,0,TRUE
09676112,2012,2,0,0,TRUE
09676112,2013,3,0,0,TRUE
09676112,2014,3,0,99.7,TRUE
09676116,2010,2,NA,0,TRUE
09676116,2011,2,0,0,TRUE
09676116,2012,2,0,0,TRUE
09676116,2013,3,0,0,TRUE
09676116,2014,3,0,100,TRUE
09676117,2010,2,NA,0,TRUE
09676117,2011,2,0,0,TRUE
09676117,2012,2,0,0,TRUE
09676117,2013,3,0,0,TRUE
09676117,2014,3,0,100,TRUE
09676118,2010,2,NA,0,TRUE
09676118,2011,2,0,0,TRUE
09676118,2012,2,0,0,TRUE
09676118,2013,3,0,0,TRUE
09676118,2014,3,0,100,TRUE
09676119,2010,2,NA,0,TRUE
09676119,2011,2,0,0,TRUE
09676119,2012,2,0,0,TRUE
09676119,2013,3,0,0,TRUE
09676119,2014,3,0,99.91,TRUE
09676121,2010,2,NA,0,TRUE
09676121,2011,2,0,0,TRUE
09676121,2012,2,0,0,TRUE
09676121,2013,3,0,0,TRUE
09676121,2014,3,0,100,TRUE
09676122,2010,2,NA,0,TRUE
09676122,2011,2,0,0,TRUE
09676122,2012,2,0,0,TRUE
09676122,2013,3,0,0,TRUE
09676122,2014,3,0,100,TRUE
09676123,2010,2,NA,0,TRUE
09676123,2011,2,0,0,TRUE
09676123,2012,2,0,0,TRUE
09676123,2013,3,0,0,TRUE
09676123,2014,3,0,94.47,TRUE
09676124,2010,2,NA,0,TRUE
09676124,2011,2,0,0,TRUE
09676124,2012,2,0,0,TRUE
09676124,2013,3,0,0,TRUE
09676124,2014,3,0,100,TRUE
09676125,2010,2,NA,0,TRUE
09676125,2011,2,0,0,TRUE
09676125,2012,2,0,0,TRUE
09676125,2013,3,0,0,TRUE
09676125,2014,3,0,100,TRUE
09676126,2010,2,NA,0,TRUE
09676126,2011,2,0,0,TRUE
09676126,2012,2,0,0,TRUE
09676126,2013,3,0,0,TRUE
09676126,2014,3,0,100,TRUE
09676128,2010,2,NA,0,TRUE
09676128,2011,2,0,0,TRUE
09676128,2012,2,0,0,TRUE
09676128,2013,3,0,0,TRUE
09676128,2014,3,0,100,TRUE
09676131,2010,2,NA,0,TRUE
09676131,2011,2,0,0,TRUE
09676131,2012,2,0,0,TRUE
09676131,2013,3,0,0,TRUE
09676131,2014,3,0,99.79,TRUE
09676132,2010,2,NA,0,TRUE
09676132,2011,2,0,0,TRUE
09676132,2012,2,0,0,TRUE
09676132,2013,3,0,0,TRUE
09676132,2014,3,0,99.94,TRUE
09676133,2010,2,NA,0,TRUE
09676133,2011,2,0,0,TRUE
09676133,2012,2,0,0,TRUE
09676133,2013,3,0,0,TRUE
09676133,2014,3,0,99.96,TRUE
09676134,2010,2,NA,0,TRUE
09676134,2011,2,0,0,TRUE
09676134,2012,2,0,0,TRUE
09676134,2013,3,0,0,TRUE
09676134,2014,3,0,100,TRUE
09676135,2010,2,NA,0,TRUE
09676135,2011,2,0,0,TRUE
09676135,2012,2,0,0,TRUE
09676135,2013,3,0,0,TRUE
09676135,2014,3,0,99.68,TRUE
09676136,2010,2,NA,0,TRUE
09676136,2011,2,0,0,TRUE
09676136,2012,2,0,0,TRUE
09676136,2013,3,0,0,TRUE
09676136,2014,3,0,99.95,TRUE
09676139,2010,2,NA,0,TRUE
09676139,2011,2,0,0,TRUE
09676139,2012,2,0,0,TRUE
09676139,2013,3,0,0,TRUE
09676139,2014,3,0,99.38,TRUE
09676140,2010,2,NA,0,TRUE
09676140,2011,2,0,0,TRUE
09676140,2012,2,0,0,TRUE
09676140,2013,3,0,0,TRUE
09676140,2014,3,0,100,TRUE
09676141,2010,2,NA,0,TRUE
09676141,2011,2,0,0,TRUE
09676141,2012,2,0,0,TRUE
09676141,2013,3,0,0,TRUE
09676141,2014,3,0,100,TRUE
09676143,2010,2,NA,0,TRUE
09676143,2011,2,0,0,TRUE
09676143,2012,2,0,0,TRUE
09676143,2013,3,0,0,TRUE
09676143,2014,3,0,99.83,TRUE
09676144,2010,2,NA,0,TRUE
09676144,2011,2,0,0,TRUE
09676144,2012,2,0,0,TRUE
09676144,2013,3,0,0,TRUE
09676144,2014,3,0,100,TRUE
09676145,2010,2,NA,0,TRUE
09676145,2011,2,0,0,TRUE
09676145,2012,2,0,0,TRUE
09676145,2013,3,0,0,TRUE
09676145,2014,3,0,100,TRUE
09676151,2010,2,NA,0,TRUE
09676151,2011,2,0,0,TRUE
09676151,2012,2,0,0,TRUE
09676151,2013,3,0,0,TRUE
09676151,2014,3,0,100,TRUE
09676153,2010,2,NA,0,TRUE
09676153,2011,2,0,0,TRUE
09676153,2012,2,0,0,TRUE
09676153,2013,3,0,0,TRUE
09676153,2014,3,0,98.9,TRUE
09676156,2010,2,NA,0,TRUE
09676156,2011,2,0,0,TRUE
09676156,2012,2,0,0,TRUE
09676156,2013,3,0,0,TRUE
09676156,2014,3,0,100,TRUE
09676158,2010,2,NA,0,TRUE
09676158,2011,2,0,0,TRUE
09676158,2012,2,0,0,TRUE
09676158,2013,3,0,0,TRUE
09676158,2014,3,0,100,TRUE
09676160,2010,2,NA,0,TRUE
09676160,2011,2,0,0,TRUE
09676160,2012,2,0,0,TRUE
09676160,2013,3,0,0,TRUE
09676160,2014,3,0,100,TRUE
09676165,2010,2,NA,0,TRUE
09676165,2011,2,0,0,TRUE
09676165,2012,2,0,0,TRUE
09676165,2013,3,0,0,TRUE
09676165,2014,3,0,100,TRUE
09676169,2010,2,NA,0,TRUE
09676169,2011,2,0,0,TRUE
09676169,2012,2,0,0,TRUE
09676169,2013,3,0,0,TRUE
09676169,2014,3,0,100,TRUE
09676444,2010,2,NA,0,TRUE
09676444,2011,2,0,0,TRUE
09676444,2012,2,0,0,TRUE
09676444,2013,3,0,0,TRUE
09676444,2014,3,0,0,TRUE
09676444,2015,3,0,0,FALSE
09676444,2016,3,0,0,FALSE
09676444,2017,3,0,0,FALSE
09676444,2018,3,0,NA,FALSE
09676452,2018,74,NA,0,FALSE
09676452,2019,74,0,0,FALSE
09676452,2020,38,0,0,FALSE
09676452,2021,38,0,NA,FALSE
09676455,2018,74,NA,0,FALSE
09676455,2019,74,0,0,FALSE
09676455,2020,38,0,0,FALSE
09676455,2021,38,0,NA,FALSE
09677114,2010,2,NA,0,TRUE
09677114,2011,2,0,0,TRUE
09677114,2012,2,0,0,TRUE
09677114,2013,3,0,0,TRUE
09677114,2014,3,0,100,TRUE
09677116,2010,2,NA,0,TRUE
09677116,2011,2,0,0,TRUE
09677116,2012,2,0,0,TRUE
09677116,2013,3,0,0,TRUE
09677116,2014,3,0,95.34,TRUE
09677119,2010,2,NA,0,TRUE
09677119,2011,2,0,0,TRUE
09677119,2012,2,0,0,TRUE
09677119,2013,3,0,0,TRUE
09677119,2014,3,0,99.89,TRUE
09677120,2010,2,NA,0,TRUE
09677120,2011,2,0,0,TRUE
09677120,2012,2,0,0,TRUE
09677120,2013,3,0,0,TRUE
09677120,2014,3,0,100,TRUE
09677122,2010,2,NA,0,TRUE
09677122,2011,2,0,0,TRUE
09677122,2012,2,0,0,TRUE
09677122,2013,3,0,0,TRUE
09677122,2014,3,0,99.83,TRUE
09677125,2010,2,NA,0,TRUE
09677125,2011,2,0,0,TRUE
09677125,2012,2,0,0,TRUE
09677125,2013,3,0,0,TRUE
09677125,2014,3,0,100,TRUE
09677126,2010,2,NA,0,TRUE
09677126,2011,2,0,0,TRUE
09677126,2012,2,0,0,TRUE
09677126,2013,3,0,0,TRUE
09677126,2014,3,0,99.75,TRUE
09677127,2010,2,NA,0,TRUE
09677127,2011,2,0,0,TRUE
09677127,2012,2,0,0,TRUE
09677127,2013,3,0,0,TRUE
09677127,2014,3,0,100,TRUE
09677128,2010,2,NA,0,TRUE
09677128,2011,2,0,0,TRUE
09677128,2012,2,0,0,TRUE
09677128,2013,3,0,0,TRUE
09677128,2014,3,0,96.93,TRUE
09677129,2010,2,NA,0,TRUE
09677129,2011,2,0,0,TRUE
09677129,2012,2,0,0,TRUE
09677129,2013,3,0,0,TRUE
09677129,2014,3,0,99.95,TRUE
09677131,2010,2,NA,0,TRUE
09677131,2011,2,0,0,TRUE
09677131,2012,2,0,0,TRUE
09677131,2013,3,0,0,TRUE
09677131,2014,3,0,99.92,TRUE
09677132,2010,2,NA,0,TRUE
09677132,2011,2,0,0,TRUE
09677132,2012,2,0,0,TRUE
09677132,2013,3,0,0,TRUE
09677132,2014,3,0,100,TRUE
09677133,2010,2,NA,0,TRUE
09677133,2011,2,0,0,TRUE
09677133,2012,2,0,0,TRUE
09677133,2013,3,0,0,TRUE
09677133,2014,3,0,81.83,TRUE
09677135,2010,2,NA,0,TRUE
09677135,2011,2,0,0,TRUE
09677135,2012,2,0,0,TRUE
09677135,2013,3,0,0,TRUE
09677135,2014,3,0,99.37,TRUE
09677137,2010,2,NA,0,TRUE
09677137,2011,2,0,0,TRUE
09677137,2012,2,0,0,TRUE
09677137,2013,3,0,0,TRUE
09677137,2014,3,0,96.37,TRUE
09677142,2010,2,NA,0,TRUE
09677142,2011,2,0,0,TRUE
09677142,2012,2,0,0,TRUE
09677142,2013,3,0,0,TRUE
09677142,2014,3,0,97.64,TRUE
09677146,2010,2,NA,0,TRUE
09677146,2011,2,0,0,TRUE
09677146,2012,2,0,0,TRUE
09677146,2013,3,0,0,TRUE
09677146,2014,3,0,100,TRUE
09677148,2010,2,NA,0,TRUE
09677148,2011,2,0,0,TRUE
09677148,2012,2,0,0,TRUE
09677148,2013,3,0,0,TRUE
09677148,2014,3,0,99.92,TRUE
09677149,2010,2,NA,0,TRUE
09677149,2011,2,0,0,TRUE
09677149,2012,2,0,0,TRUE
09677149,2013,3,0,0,TRUE
09677149,2014,3,0,100,TRUE
09677151,2010,2,NA,0,TRUE
09677151,2011,2,0,0,TRUE
09677151,2012,2,0,0,TRUE
09677151,2013,3,0,0,TRUE
09677151,2014,3,0,100,TRUE
09677154,2010,2,NA,0,TRUE
09677154,2011,2,0,0,TRUE
09677154,2012,2,0,0,TRUE
09677154,2013,3,0,0,TRUE
09677154,2014,3,0,100,TRUE
09677155,2010,2,NA,0,TRUE
09677155,2011,2,0,0,TRUE
09677155,2012,2,0,0,TRUE
09677155,2013,3,0,0,TRUE
09677155,2014,3,0,99.86,TRUE
09677157,2010,2,NA,0,TRUE
09677157,2011,2,0,0,TRUE
09677157,2012,2,0,0,TRUE
09677157,2013,3,0,0,TRUE
09677157,2014,3,0,100,TRUE
09677159,2010,2,NA,0,TRUE
09677159,2011,2,0,0,TRUE
09677159,2012,2,0,0,TRUE
09677159,2013,3,0,0,TRUE
09677159,2014,3,0,100,TRUE
09677164,2010,2,NA,0,TRUE
09677164,2011,2,0,0,TRUE
09677164,2012,2,0,0,TRUE
09677164,2013,3,0,0,TRUE
09677164,2014,3,0,100,TRUE
09677165,2010,2,NA,0,TRUE
09677165,2011,2,0,0,TRUE
09677165,2012,2,0,0,TRUE
09677165,2013,3,0,0,TRUE
09677165,2014,3,0,99.81,TRUE
09677166,2010,2,NA,0,TRUE
09677166,2011,2,0,0,TRUE
09677166,2012,2,0,0,TRUE
09677166,2013,3,0,0,TRUE
09677166,2014,3,0,100,TRUE
09677169,2010,2,NA,0,TRUE
09677169,2011,2,0,0,TRUE
09677169,2012,2,0,0,TRUE
09677169,2013,3,0,0,TRUE
09677169,2014,3,0,98.46,TRUE
09677170,2010,2,NA,0,TRUE
09677170,2011,2,0,0,TRUE
09677170,2012,2,0,0,TRUE
09677170,2013,3,0,0,TRUE
09677170,2014,3,0,100,TRUE
09677172,2010,2,NA,0,TRUE
09677172,2011,2,0,0,TRUE
09677172,2012,2,0,0,TRUE
09677172,2013,3,0,0,TRUE
09677172,2014,3,0,100,TRUE
09677175,2010,2,NA,0,TRUE
09677175,2011,2,0,0,TRUE
09677175,2012,2,0,0,TRUE
09677175,2013,3,0,0,TRUE
09677175,2014,3,0,100,TRUE
09677177,2010,2,NA,0,TRUE
09677177,2011,2,0,0,TRUE
09677177,2012,2,0,0,TRUE
09677177,2013,3,0,0,TRUE
09677177,2014,3,0,100,TRUE
09677178,2010,2,NA,0,TRUE
09677178,2011,2,0,0,TRUE
09677178,2012,2,0,0,TRUE
09677178,2013,3,0,0,TRUE
09677178,2014,3,0,99.54,TRUE
09677181,2010,2,NA,0,TRUE
09677181,2011,2,0,0,TRUE
09677181,2012,2,0,0,TRUE
09677181,2013,3,0,0,TRUE
09677181,2014,3,0,100,TRUE
09677182,2010,2,NA,0,TRUE
09677182,2011,2,0,0,TRUE
09677182,2012,2,0,0,TRUE
09677182,2013,3,0,0,TRUE
09677182,2014,3,0,99.5,TRUE
09677186,2010,2,NA,0,TRUE
09677186,2011,2,0,0,TRUE
09677186,2012,2,0,0,TRUE
09677186,2013,3,0,0,TRUE
09677186,2014,3,0,100,TRUE
09677189,2010,2,NA,0,TRUE
09677189,2011,2,0,0,TRUE
09677189,2012,2,0,0,TRUE
09677189,2013,3,0,0,TRUE
09677189,2014,3,0,100,TRUE
09677193,2010,2,NA,0,TRUE
09677193,2011,2,0,0,TRUE
09677193,2012,2,0,0,TRUE
09677193,2013,3,0,0,TRUE
09677193,2014,3,0,100,TRUE
09677200,2010,2,NA,0,TRUE
09677200,2011,2,0,0,TRUE
09677200,2012,2,0,0,TRUE
09677200,2013,3,0,0,TRUE
09677200,2014,3,0,99.68,TRUE
09677203,2010,2,NA,0,TRUE
09677203,2011,2,0,0,TRUE
09677203,2012,2,0,0,TRUE
09677203,2013,3,0,0,TRUE
09677203,2014,3,0,99.61,TRUE
09677444,2010,2,NA,0,TRUE
09677444,2011,2,0,0,TRUE
09677444,2012,2,0,0,TRUE
09677444,2013,3,0,0,TRUE
09677444,2014,3,0,0,TRUE
09677444,2015,3,0,60,FALSE
09677452,2021,38,66.67,NA,FALSE
09677453,2018,74,NA,0,FALSE
09677453,2019,74,0,0,FALSE
09677453,2020,38,0,0,FALSE
09677453,2021,38,0,NA,FALSE
09677454,2021,38,100,NA,FALSE
09677455,2020,38,100,0,FALSE
09677455,2021,38,0,NA,FALSE
09677456,2021,38,29,NA,FALSE
09677457,2018,74,NA,0,FALSE
09677457,2019,74,0,0,FALSE
09677457,2020,38,0,0,FALSE
09677457,2021,38,0,NA,FALSE
09677458,2018,74,NA,0,FALSE
09677458,2019,74,0,0,FALSE
09677458,2020,38,0,0,FALSE
09677458,2021,38,0,NA,FALSE
09677459,2018,74,NA,0,FALSE
09677459,2019,74,0,0,FALSE
09677459,2020,38,0,0,FALSE
09677459,2021,38,0,NA,FALSE
09677461,2018,74,NA,0,FALSE
09677461,2019,74,0,0,FALSE
09677461,2020,38,0,0,FALSE
09677461,2021,38,0,NA,FALSE
09677463,2018,74,NA,0,FALSE
09677463,2019,74,0,0,FALSE
09677463,2020,38,0,0,FALSE
09677463,2021,38,0,NA,FALSE
09678115,2010,2,NA,0,TRUE
09678115,2011,2,0,0,TRUE
09678115,2012,2,0,0,TRUE
09678115,2013,3,0,0,TRUE
09678115,2014,3,0,100,TRUE
09678122,2010,2,NA,0,TRUE
09678122,2011,2,0,0,TRUE
09678122,2012,2,0,0,TRUE
09678122,2013,3,0,0,TRUE
09678122,2014,3,0,100,TRUE
09678123,2010,2,NA,0,TRUE
09678123,2011,2,0,0,TRUE
09678123,2012,2,0,0,TRUE
09678123,2013,3,0,0,TRUE
09678123,2014,3,0,100,TRUE
09678124,2010,2,NA,0,TRUE
09678124,2011,2,0,0,TRUE
09678124,2012,2,0,0,TRUE
09678124,2013,3,0,0,TRUE
09678124,2014,3,0,100,TRUE
09678128,2010,2,NA,0,TRUE
09678128,2011,2,0,0,TRUE
09678128,2012,2,0,0,TRUE
09678128,2013,3,0,0,TRUE
09678128,2014,3,0,99.85,TRUE
09678130,2010,2,NA,0,TRUE
09678130,2011,2,0,0,TRUE
09678130,2012,2,0,0,TRUE
09678130,2013,3,0,0,TRUE
09678130,2014,3,0,100,TRUE
09678132,2010,2,NA,0,TRUE
09678132,2011,2,0,0,TRUE
09678132,2012,2,0,0,TRUE
09678132,2013,3,0,0,TRUE
09678132,2014,3,0,100,TRUE
09678134,2010,2,NA,0,TRUE
09678134,2011,2,0,0,TRUE
09678134,2012,2,0,0,TRUE
09678134,2013,3,0,0,TRUE
09678134,2014,3,0,100,TRUE
09678135,2010,2,NA,0,TRUE
09678135,2011,2,0,0,TRUE
09678135,2012,2,0,0,TRUE
09678135,2013,3,0,0,TRUE
09678135,2014,3,0,100,TRUE
09678136,2010,2,NA,0,TRUE
09678136,2011,2,0,0,TRUE
09678136,2012,2,0,0,TRUE
09678136,2013,3,0,0,TRUE
09678136,2014,3,0,100,TRUE
09678138,2010,2,NA,0,TRUE
09678138,2011,2,0,0,TRUE
09678138,2012,2,0,0,TRUE
09678138,2013,3,0,0,TRUE
09678138,2014,3,0,100,TRUE
09678150,2010,2,NA,0,TRUE
09678150,2011,2,0,0,TRUE
09678150,2012,2,0,0,TRUE
09678150,2013,3,0,0,TRUE
09678150,2014,3,0,96.35,TRUE
09678153,2010,2,NA,0,TRUE
09678153,2011,2,0,0,TRUE
09678153,2012,2,0,0,TRUE
09678153,2013,3,0,0,TRUE
09678153,2014,3,0,100,TRUE
09678157,2010,2,NA,0,TRUE
09678157,2011,2,0,0,TRUE
09678157,2012,2,0,0,TRUE
09678157,2013,3,0,0,TRUE
09678157,2014,3,0,100,TRUE
09678160,2010,2,NA,0,TRUE
09678160,2011,2,0,0,TRUE
09678160,2012,2,0,0,TRUE
09678160,2013,3,0,0,TRUE
09678160,2014,3,0,100,TRUE
09678164,2010,2,NA,0,TRUE
09678164,2011,2,0,0,TRUE
09678164,2012,2,0,0,TRUE
09678164,2013,3,0,0,TRUE
09678164,2014,3,0,100,TRUE
09678168,2010,2,NA,0,TRUE
09678168,2011,2,0,0,TRUE
09678168,2012,2,0,0,TRUE
09678168,2013,3,0,0,TRUE
09678168,2014,3,0,99.88,TRUE
09678170,2010,2,NA,0,TRUE
09678170,2011,2,0,0,TRUE
09678170,2012,2,0,0,TRUE
09678170,2013,3,0,0,TRUE
09678170,2014,3,0,100,TRUE
09678174,2010,2,NA,0,TRUE
09678174,2011,2,0,0,TRUE
09678174,2012,2,0,0,TRUE
09678174,2013,3,0,0,TRUE
09678174,2014,3,0,98.1,TRUE
09678175,2010,2,NA,0,TRUE
09678175,2011,2,0,0,TRUE
09678175,2012,2,0,0,TRUE
09678175,2013,3,0,0,TRUE
09678175,2014,3,0,100,TRUE
09678176,2010,2,NA,0,TRUE
09678176,2011,2,0,0,TRUE
09678176,2012,2,0,0,TRUE
09678176,2013,3,0,0,TRUE
09678176,2014,3,0,100,TRUE
09678178,2010,2,NA,0,TRUE
09678178,2011,2,0,0,TRUE
09678178,2012,2,0,0,TRUE
09678178,2013,3,0,0,TRUE
09678178,2014,3,0,100,TRUE
09678181,2010,2,NA,0,TRUE
09678181,2011,2,0,0,TRUE
09678181,2012,2,0,0,TRUE
09678181,2013,3,0,0,TRUE
09678181,2014,3,0,98.85,TRUE
09678183,2010,2,NA,0,TRUE
09678183,2011,2,0,0,TRUE
09678183,2012,2,0,0,TRUE
09678183,2013,3,0,0,TRUE
09678183,2014,3,0,100,TRUE
09678186,2010,2,NA,0,TRUE
09678186,2011,2,0,0,TRUE
09678186,2012,2,0,0,TRUE
09678186,2013,3,0,0,TRUE
09678186,2014,3,0,97.37,TRUE
09678190,2010,2,NA,0,TRUE
09678190,2011,2,0,0,TRUE
09678190,2012,2,0,0,TRUE
09678190,2013,3,0,0,TRUE
09678190,2014,3,0,100,TRUE
09678192,2010,2,NA,0,TRUE
09678192,2011,2,0,0,TRUE
09678192,2012,2,0,0,TRUE
09678192,2013,3,0,0,TRUE
09678192,2014,3,0,100,TRUE
09678193,2010,2,NA,0,TRUE
09678193,2011,2,0,0,TRUE
09678193,2012,2,0,0,TRUE
09678193,2013,3,0,0,TRUE
09678193,2014,3,0,100,TRUE
09678196,2010,2,NA,0,TRUE
09678196,2011,2,0,0,TRUE
09678196,2012,2,0,0,TRUE
09678196,2013,3,0,0,TRUE
09678196,2014,3,0,100,TRUE
09678444,2010,2,NA,0,TRUE
09678444,2011,2,0,0,TRUE
09678444,2012,2,0,0,TRUE
09678444,2013,3,0,0,TRUE
09678444,2014,3,0,0,TRUE
09678444,2015,3,0,100,FALSE
09678444,2018,3,100,NA,FALSE
09678451,2018,74,NA,0,FALSE
09678451,2019,74,0,0,FALSE
09678451,2020,38,0,0,FALSE
09678451,2021,38,0,NA,FALSE
09678452,2018,74,NA,0,FALSE
09678452,2019,74,0,0,FALSE
09678452,2020,38,0,0,FALSE
09678452,2021,38,0,NA,FALSE
09678453,2020,38,100,0,FALSE
09678453,2021,38,0,NA,FALSE
09678454,2018,74,NA,0,FALSE
09678454,2019,74,0,0,FALSE
09678454,2020,38,0,0,FALSE
09678454,2021,38,0,NA,FALSE
09678455,2018,74,NA,0,FALSE
09678455,2019,74,0,0,FALSE
09678455,2020,38,0,0,FALSE
09678455,2021,38,0,NA,FALSE
09678456,2018,74,NA,0,FALSE
09678456,2019,74,0,0,FALSE
09678456,2020,38,0,0,FALSE
09678456,2021,38,0,NA,FALSE
09678457,2018,74,NA,0,FALSE
09678457,2019,74,0,0,FALSE
09678457,2020,38,0,0,FALSE
09678457,2021,38,0,NA,FALSE
09679114,2010,2,NA,0,TRUE
09679114,2011,2,0,0,TRUE
09679114,2012,2,0,0,TRUE
09679114,2013,3,0,0,TRUE
09679114,2014,3,0,99.03,TRUE
09679117,2010,2,NA,0,TRUE
09679117,2011,2,0,0,TRUE
09679117,2012,2,0,0,TRUE
09679117,2013,3,0,0,TRUE
09679117,2014,3,0,100,TRUE
09679118,2010,2,NA,0,TRUE
09679118,2011,2,0,0,TRUE
09679118,2012,2,0,0,TRUE
09679118,2013,3,0,0,TRUE
09679118,2014,3,0,100,TRUE
09679122,2010,2,NA,0,TRUE
09679122,2011,2,0,0,TRUE
09679122,2012,2,0,0,TRUE
09679122,2013,3,0,0,TRUE
09679122,2014,3,0,100,TRUE
09679124,2010,2,NA,0,TRUE
09679124,2011,2,0,0,TRUE
09679124,2012,2,0,0,TRUE
09679124,2013,3,0,0,TRUE
09679124,2014,3,0,100,TRUE
09679126,2010,2,NA,0,TRUE
09679126,2011,2,0,0,TRUE
09679126,2012,2,0,0,TRUE
09679126,2013,3,0,0,TRUE
09679126,2014,3,0,100,TRUE
09679128,2010,2,NA,0,TRUE
09679128,2011,2,0,0,TRUE
09679128,2012,2,0,0,TRUE
09679128,2013,3,0,0,TRUE
09679128,2014,3,0,99.72,TRUE
09679130,2010,2,NA,0,TRUE
09679130,2011,2,0,0,TRUE
09679130,2012,2,0,0,TRUE
09679130,2013,3,0,0,TRUE
09679130,2014,3,0,100,TRUE
09679131,2010,2,NA,0,TRUE
09679131,2011,2,0,0,TRUE
09679131,2012,2,0,0,TRUE
09679131,2013,3,0,0,TRUE
09679131,2014,3,0,99.82,TRUE
09679134,2010,2,NA,0,TRUE
09679134,2011,2,0,0,TRUE
09679134,2012,2,0,0,TRUE
09679134,2013,3,0,0,TRUE
09679134,2014,3,0,99.9,TRUE
09679135,2010,2,NA,0,TRUE
09679135,2011,2,0,0,TRUE
09679135,2012,2,0,0,TRUE
09679135,2013,3,0,0,TRUE
09679135,2014,3,0,96.26,TRUE
09679136,2010,2,NA,0,TRUE
09679136,2011,2,0,0,TRUE
09679136,2012,2,0,0,TRUE
09679136,2013,3,0,0,TRUE
09679136,2014,3,0,100,TRUE
09679137,2010,2,NA,0,TRUE
09679137,2011,2,0,0,TRUE
09679137,2012,2,0,0,TRUE
09679137,2013,3,0,0,TRUE
09679137,2014,3,0,100,TRUE
09679138,2010,2,NA,0,TRUE
09679138,2011,2,0,0,TRUE
09679138,2012,2,0,0,TRUE
09679138,2013,3,0,0,TRUE
09679138,2014,3,0,99.54,TRUE
09679141,2010,2,NA,0,TRUE
09679141,2011,2,0,0,TRUE
09679141,2012,2,0,0,TRUE
09679141,2013,3,0,0,TRUE
09679141,2014,3,0,100,TRUE
09679142,2010,2,NA,0,TRUE
09679142,2011,2,0,0,TRUE
09679142,2012,2,0,0,TRUE
09679142,2013,3,0,0,TRUE
09679142,2014,3,0,100,TRUE
09679143,2010,2,NA,0,TRUE
09679143,2011,2,0,0,TRUE
09679143,2012,2,0,0,TRUE
09679143,2013,3,0,0,TRUE
09679143,2014,3,0,99.9,TRUE
09679144,2010,2,NA,0,TRUE
09679144,2011,2,0,0,TRUE
09679144,2012,2,0,0,TRUE
09679144,2013,3,0,0,TRUE
09679144,2014,3,0,100,TRUE
09679146,2010,2,NA,0,TRUE
09679146,2011,2,0,0,TRUE
09679146,2012,2,0,0,TRUE
09679146,2013,3,0,0,TRUE
09679146,2014,3,0,100,TRUE
09679147,2010,2,NA,0,TRUE
09679147,2011,2,0,0,TRUE
09679147,2012,2,0,0,TRUE
09679147,2013,3,0,0,TRUE
09679147,2014,3,0,100,TRUE
09679149,2010,2,NA,0,TRUE
09679149,2011,2,0,0,TRUE
09679149,2012,2,0,0,TRUE
09679149,2013,3,0,0,TRUE
09679149,2014,3,0,100,TRUE
09679153,2010,2,NA,0,TRUE
09679153,2011,2,0,0,TRUE
09679153,2012,2,0,0,TRUE
09679153,2013,3,0,0,TRUE
09679153,2014,3,0,99.9,TRUE
09679154,2010,2,NA,0,TRUE
09679154,2011,2,0,0,TRUE
09679154,2012,2,0,0,TRUE
09679154,2013,3,0,0,TRUE
09679154,2014,3,0,100,TRUE
09679155,2010,2,NA,0,TRUE
09679155,2011,2,0,0,TRUE
09679155,2012,2,0,0,TRUE
09679155,2013,3,0,0,TRUE
09679155,2014,3,0,100,TRUE
09679156,2010,2,NA,0,TRUE
09679156,2011,2,0,0,TRUE
09679156,2012,2,0,0,TRUE
09679156,2013,3,0,0,TRUE
09679156,2014,3,0,99.9,TRUE
09679161,2010,2,NA,0,TRUE
09679161,2011,2,0,0,TRUE
09679161,2012,2,0,0,TRUE
09679161,2013,3,0,0,TRUE
09679161,2014,3,0,100,TRUE
09679164,2010,2,NA,0,TRUE
09679164,2011,2,0,0,TRUE
09679164,2012,2,0,0,TRUE
09679164,2013,3,0,0,TRUE
09679164,2014,3,0,100,TRUE
09679165,2010,2,NA,0,TRUE
09679165,2011,2,0,0,TRUE
09679165,2012,2,0,0,TRUE
09679165,2013,3,0,0,TRUE
09679165,2014,3,0,100,TRUE
09679167,2010,2,NA,0,TRUE
09679167,2011,2,0,0,TRUE
09679167,2012,2,0,0,TRUE
09679167,2013,3,0,0,TRUE
09679167,2014,3,0,100,TRUE
09679169,2010,2,NA,0,TRUE
09679169,2011,2,0,0,TRUE
09679169,2012,2,0,0,TRUE
09679169,2013,3,0,0,TRUE
09679169,2014,3,0,100,TRUE
09679170,2010,2,NA,0,TRUE
09679170,2011,2,0,0,TRUE
09679170,2012,2,0,0,TRUE
09679170,2013,3,0,0,TRUE
09679170,2014,3,0,99.88,TRUE
09679174,2010,2,NA,0,TRUE
09679174,2011,2,0,0,TRUE
09679174,2012,2,0,0,TRUE
09679174,2013,3,0,0,TRUE
09679174,2014,3,0,100,TRUE
09679175,2010,2,NA,0,TRUE
09679175,2011,2,0,0,TRUE
09679175,2012,2,0,0,TRUE
09679175,2013,3,0,0,TRUE
09679175,2014,3,0,100,TRUE
09679176,2010,2,NA,0,TRUE
09679176,2011,2,0,0,TRUE
09679176,2012,2,0,0,TRUE
09679176,2013,3,0,0,TRUE
09679176,2014,3,0,98.79,TRUE
09679177,2010,2,NA,0,TRUE
09679177,2011,2,0,0,TRUE
09679177,2012,2,0,0,TRUE
09679177,2013,3,0,0,TRUE
09679177,2014,3,0,99.85,TRUE
09679179,2010,2,NA,0,TRUE
09679179,2011,2,0,0,TRUE
09679179,2012,2,0,0,TRUE
09679179,2013,3,0,0,TRUE
09679179,2014,3,0,99.02,TRUE
09679180,2010,2,NA,0,TRUE
09679180,2011,2,0,0,TRUE
09679180,2012,2,0,0,TRUE
09679180,2013,3,0,0,TRUE
09679180,2014,3,0,100,TRUE
09679182,2010,2,NA,0,TRUE
09679182,2011,2,0,0,TRUE
09679182,2012,2,0,0,TRUE
09679182,2013,3,0,0,TRUE
09679182,2014,3,0,100,TRUE
09679185,2010,2,NA,0,TRUE
09679185,2011,2,0,0,TRUE
09679185,2012,2,0,0,TRUE
09679185,2013,3,0,0,TRUE
09679185,2014,3,0,100,TRUE
09679187,2010,2,NA,0,TRUE
09679187,2011,2,0,0,TRUE
09679187,2012,2,0,0,TRUE
09679187,2013,3,0,0,TRUE
09679187,2014,3,0,100,TRUE
09679188,2010,2,NA,0,TRUE
09679188,2011,2,0,0,TRUE
09679188,2012,2,0,0,TRUE
09679188,2013,3,0,0,TRUE
09679188,2014,3,0,100,TRUE
09679192,2010,2,NA,0,TRUE
09679192,2011,2,0,0,TRUE
09679192,2012,2,0,0,TRUE
09679192,2013,3,0,0,TRUE
09679192,2014,3,0,100,TRUE
09679193,2010,2,NA,0,TRUE
09679193,2011,2,0,0,TRUE
09679193,2012,2,0,0,TRUE
09679193,2013,3,0,0,TRUE
09679193,2014,3,0,100,TRUE
09679194,2010,2,NA,0,TRUE
09679194,2011,2,0,0,TRUE
09679194,2012,2,0,0,TRUE
09679194,2013,3,0,0,TRUE
09679194,2014,3,0,100,TRUE
09679196,2010,2,NA,0,TRUE
09679196,2011,2,0,0,TRUE
09679196,2012,2,0,0,TRUE
09679196,2013,3,0,0,TRUE
09679196,2014,3,0,100,TRUE
09679200,2010,2,NA,0,TRUE
09679200,2011,2,0,0,TRUE
09679200,2012,2,0,0,TRUE
09679200,2013,3,0,0,TRUE
09679200,2014,3,0,100,TRUE
09679201,2010,2,NA,0,TRUE
09679201,2011,2,0,0,TRUE
09679201,2012,2,0,0,TRUE
09679201,2013,3,0,0,TRUE
09679201,2014,3,0,99.91,TRUE
09679202,2010,2,NA,0,TRUE
09679202,2011,2,0,0,TRUE
09679202,2012,2,0,0,TRUE
09679202,2013,3,0,0,TRUE
09679202,2014,3,0,100,TRUE
09679204,2010,2,NA,0,TRUE
09679204,2011,2,0,0,TRUE
09679204,2012,2,0,0,TRUE
09679204,2013,3,0,0,TRUE
09679204,2014,3,0,100,TRUE
09679205,2010,2,NA,0,TRUE
09679205,2011,2,0,0,TRUE
09679205,2012,2,0,0,TRUE
09679205,2013,3,0,0,TRUE
09679205,2014,3,0,100,TRUE
09679206,2010,2,NA,0,TRUE
09679206,2011,2,0,0,TRUE
09679206,2012,2,0,0,TRUE
09679206,2013,3,0,0,TRUE
09679206,2014,3,0,100,TRUE
09679209,2010,2,NA,0,TRUE
09679209,2011,2,0,0,TRUE
09679209,2012,2,0,0,TRUE
09679209,2013,3,0,0,TRUE
09679209,2014,3,0,100,TRUE
09679444,2010,2,NA,0,TRUE
09679444,2011,2,0,0,TRUE
09679444,2012,2,0,0,TRUE
09679444,2013,3,0,0,TRUE
09679444,2014,3,0,0,TRUE
09679444,2015,3,0,100,FALSE
09679444,2018,3,100,NA,FALSE
09679451,2018,74,NA,0,FALSE
09679451,2019,74,0,0,FALSE
09679451,2020,38,0,0,FALSE
09679451,2021,38,0,NA,FALSE
09679452,2021,38,100,NA,FALSE
09679453,2021,38,100,NA,FALSE
09761000,2010,2,NA,0,TRUE
09761000,2011,2,0,0,TRUE
09761000,2012,2,0,0,TRUE
09761000,2013,3,0,0,TRUE
09761000,2014,3,0,100,TRUE
09762000,2010,2,NA,0,TRUE
09762000,2011,2,0,0,TRUE
09762000,2012,2,0,0,TRUE
09762000,2013,3,0,0,TRUE
09762000,2014,3,0,100,TRUE
09763000,2010,2,NA,0,TRUE
09763000,2011,2,0,0,TRUE
09763000,2012,2,0,0,TRUE
09763000,2013,3,0,0,TRUE
09763000,2014,3,0,100,TRUE
09764000,2010,2,NA,0,TRUE
09764000,2011,2,0,0,TRUE
09764000,2012,2,0,0,TRUE
09764000,2013,3,0,0,TRUE
09764000,2014,3,0,99.86,TRUE
09771111,2010,2,NA,0,TRUE
09771111,2011,2,0,0,TRUE
09771111,2012,2,0,0,TRUE
09771111,2013,3,0,0,TRUE
09771111,2014,3,0,100,TRUE
09771112,2010,2,NA,0,TRUE
09771112,2011,2,0,0,TRUE
09771112,2012,2,0,0,TRUE
09771112,2013,3,0,0,TRUE
09771112,2014,3,0,99.86,TRUE
09771113,2010,2,NA,0,TRUE
09771113,2011,2,0,0,TRUE
09771113,2012,2,0,0,TRUE
09771113,2013,3,0,0,TRUE
09771113,2014,3,0,100,TRUE
09771114,2010,2,NA,0,TRUE
09771114,2011,2,0,0,TRUE
09771114,2012,2,0,0,TRUE
09771114,2013,3,0,0,TRUE
09771114,2014,3,0,98.79,TRUE
09771122,2010,2,NA,0,TRUE
09771122,2011,2,0,0,TRUE
09771122,2012,2,0,0,TRUE
09771122,2013,3,0,0,TRUE
09771122,2014,3,0,100,TRUE
09771129,2010,2,NA,0,TRUE
09771129,2011,2,0,0,TRUE
09771129,2012,2,0,0,TRUE
09771129,2013,3,0,0,TRUE
09771129,2014,3,0,99.86,TRUE
09771130,2010,2,NA,0,TRUE
09771130,2011,2,0,0,TRUE
09771130,2012,2,0,0,TRUE
09771130,2013,3,0,0,TRUE
09771130,2014,3,0,99.99,TRUE
09771140,2010,2,NA,0,TRUE
09771140,2011,2,0,0,TRUE
09771140,2012,2,0,0,TRUE
09771140,2013,3,0,0,TRUE
09771140,2014,3,0,100,TRUE
09771141,2010,2,NA,0,TRUE
09771141,2011,2,0,0,TRUE
09771141,2012,2,0,0,TRUE
09771141,2013,3,0,0,TRUE
09771141,2014,3,0,99.6,TRUE
09771142,2010,2,NA,0,TRUE
09771142,2011,2,0,0,TRUE
09771142,2012,2,0,0,TRUE
09771142,2013,3,0,0,TRUE
09771142,2014,3,0,100,TRUE
09771144,2010,2,NA,0,TRUE
09771144,2011,2,0,0,TRUE
09771144,2012,2,0,0,TRUE
09771144,2013,3,0,0,TRUE
09771144,2014,3,0,100,TRUE
09771145,2010,2,NA,0,TRUE
09771145,2011,2,0,0,TRUE
09771145,2012,2,0,0,TRUE
09771145,2013,3,0,0,TRUE
09771145,2014,3,0,100,TRUE
09771146,2010,2,NA,0,TRUE
09771146,2011,2,0,0,TRUE
09771146,2012,2,0,0,TRUE
09771146,2013,3,0,0,TRUE
09771146,2014,3,0,99.89,TRUE
09771149,2010,2,NA,0,TRUE
09771149,2011,2,0,0,TRUE
09771149,2012,2,0,0,TRUE
09771149,2013,3,0,0,TRUE
09771149,2014,3,0,98.29,TRUE
09771155,2010,2,NA,0,TRUE
09771155,2011,2,0,0,TRUE
09771155,2012,2,0,0,TRUE
09771155,2013,3,0,0,TRUE
09771155,2014,3,0,88.09,TRUE
09771156,2010,2,NA,0,TRUE
09771156,2011,2,0,0,TRUE
09771156,2012,2,0,0,TRUE
09771156,2013,3,0,0,TRUE
09771156,2014,3,0,84.52,TRUE
09771158,2010,2,NA,0,TRUE
09771158,2011,2,0,0,TRUE
09771158,2012,2,0,0,TRUE
09771158,2013,3,0,0,TRUE
09771158,2014,3,0,100,TRUE
09771160,2010,2,NA,0,TRUE
09771160,2011,2,0,0,TRUE
09771160,2012,2,0,0,TRUE
09771160,2013,3,0,0,TRUE
09771160,2014,3,0,100,TRUE
09771162,2010,2,NA,0,TRUE
09771162,2011,2,0,0,TRUE
09771162,2012,2,0,0,TRUE
09771162,2013,3,0,0,TRUE
09771162,2014,3,0,100,TRUE
09771163,2010,2,NA,0,TRUE
09771163,2011,2,0,0,TRUE
09771163,2012,2,0,0,TRUE
09771163,2013,3,0,0,TRUE
09771163,2014,3,0,100,TRUE
09771165,2010,2,NA,0,TRUE
09771165,2011,2,0,0,TRUE
09771165,2012,2,0,0,TRUE
09771165,2013,3,0,0,TRUE
09771165,2014,3,0,100,TRUE
09771168,2010,2,NA,0,TRUE
09771168,2011,2,0,0,TRUE
09771168,2012,2,0,0,TRUE
09771168,2013,3,0,0,TRUE
09771168,2014,3,0,100,TRUE
09771169,2010,2,NA,0,TRUE
09771169,2011,2,0,0,TRUE
09771169,2012,2,0,0,TRUE
09771169,2013,3,0,0,TRUE
09771169,2014,3,0,100,TRUE
09771176,2010,2,NA,0,TRUE
09771176,2011,2,0,0,TRUE
09771176,2012,2,0,0,TRUE
09771176,2013,3,0,0,TRUE
09771176,2014,3,0,100,TRUE
09772111,2010,2,NA,0,TRUE
09772111,2011,2,0,0,TRUE
09772111,2012,2,0,0,TRUE
09772111,2013,3,0,0,TRUE
09772111,2014,3,0,99.89,TRUE
09772114,2010,2,NA,0,TRUE
09772114,2011,2,0,0,TRUE
09772114,2012,2,0,0,TRUE
09772114,2013,3,0,0,TRUE
09772114,2014,3,0,99.66,TRUE
09772115,2010,2,NA,0,TRUE
09772115,2011,2,0,0,TRUE
09772115,2012,2,0,0,TRUE
09772115,2013,3,0,0,TRUE
09772115,2014,3,0,100,TRUE
09772117,2010,2,NA,0,TRUE
09772117,2011,2,0,0,TRUE
09772117,2012,2,0,0,TRUE
09772117,2013,3,0,0,TRUE
09772117,2014,3,0,100,TRUE
09772121,2010,2,NA,0,TRUE
09772121,2011,2,0,0,TRUE
09772121,2012,2,0,0,TRUE
09772121,2013,3,0,0,TRUE
09772121,2014,3,0,100,TRUE
09772125,2010,2,NA,0,TRUE
09772125,2011,2,0,0,TRUE
09772125,2012,2,0,0,TRUE
09772125,2013,3,0,0,TRUE
09772125,2014,3,0,99.89,TRUE
09772126,2010,2,NA,0,TRUE
09772126,2011,2,0,0,TRUE
09772126,2012,2,0,0,TRUE
09772126,2013,3,0,0,TRUE
09772126,2014,3,0,99.81,TRUE
09772130,2010,2,NA,0,TRUE
09772130,2011,2,0,0,TRUE
09772130,2012,2,0,0,TRUE
09772130,2013,3,0,0,TRUE
09772130,2014,3,0,97.83,TRUE
09772131,2010,2,NA,0,TRUE
09772131,2011,2,0,0,TRUE
09772131,2012,2,0,0,TRUE
09772131,2013,3,0,0,TRUE
09772131,2014,3,0,99.96,TRUE
09772134,2010,2,NA,0,TRUE
09772134,2011,2,0,0,TRUE
09772134,2012,2,0,0,TRUE
09772134,2013,3,0,0,TRUE
09772134,2014,3,0,99.5,TRUE
09772136,2010,2,NA,0,TRUE
09772136,2011,2,0,0,TRUE
09772136,2012,2,0,0,TRUE
09772136,2013,3,0,0,TRUE
09772136,2014,3,0,100,TRUE
09772137,2010,2,NA,0,TRUE
09772137,2011,2,0,0,TRUE
09772137,2012,2,0,0,TRUE
09772137,2013,3,0,0,TRUE
09772137,2014,3,0,100,TRUE
09772141,2010,2,NA,0,TRUE
09772141,2011,2,0,0,TRUE
09772141,2012,2,0,0,TRUE
09772141,2013,3,0,0,TRUE
09772141,2014,3,0,99.8,TRUE
09772145,2010,2,NA,0,TRUE
09772145,2011,2,0,0,TRUE
09772145,2012,2,0,0,TRUE
09772145,2013,3,0,0,TRUE
09772145,2014,3,0,99.9,TRUE
09772147,2010,2,NA,0,TRUE
09772147,2011,2,0,0,TRUE
09772147,2012,2,0,0,TRUE
09772147,2013,3,0,0,TRUE
09772147,2014,3,0,99.99,TRUE
09772148,2010,2,NA,0,TRUE
09772148,2011,2,0,0,TRUE
09772148,2012,2,0,0,TRUE
09772148,2013,3,0,0,TRUE
09772148,2014,3,0,99.84,TRUE
09772149,2010,2,NA,0,TRUE
09772149,2011,2,0,0,TRUE
09772149,2012,2,0,0,TRUE
09772149,2013,3,0,0,TRUE
09772149,2014,3,0,100,TRUE
09772151,2010,2,NA,0,TRUE
09772151,2011,2,0,0,TRUE
09772151,2012,2,0,0,TRUE
09772151,2013,3,0,0,TRUE
09772151,2014,3,0,100,TRUE
09772156,2010,2,NA,0,TRUE
09772156,2011,2,0,0,TRUE
09772156,2012,2,0,0,TRUE
09772156,2013,3,0,0,TRUE
09772156,2014,3,0,100,TRUE
09772157,2010,2,NA,0,TRUE
09772157,2011,2,0,0,TRUE
09772157,2012,2,0,0,TRUE
09772157,2013,3,0,0,TRUE
09772157,2014,3,0,100,TRUE
09772159,2010,2,NA,0,TRUE
09772159,2011,2,0,0,TRUE
09772159,2012,2,0,0,TRUE
09772159,2013,3,0,0,TRUE
09772159,2014,3,0,100,TRUE
09772160,2010,2,NA,0,TRUE
09772160,2011,2,0,0,TRUE
09772160,2012,2,0,0,TRUE
09772160,2013,3,0,0,TRUE
09772160,2014,3,0,100,TRUE
09772162,2010,2,NA,0,TRUE
09772162,2011,2,0,0,TRUE
09772162,2012,2,0,0,TRUE
09772162,2013,3,0,0,TRUE
09772162,2014,3,0,100,TRUE
09772163,2010,2,NA,0,TRUE
09772163,2011,2,0,0,TRUE
09772163,2012,2,0,0,TRUE
09772163,2013,3,0,0,TRUE
09772163,2014,3,0,100,TRUE
09772166,2010,2,NA,0,TRUE
09772166,2011,2,0,0,TRUE
09772166,2012,2,0,0,TRUE
09772166,2013,3,0,0,TRUE
09772166,2014,3,0,99.4,TRUE
09772167,2010,2,NA,0,TRUE
09772167,2011,2,0,0,TRUE
09772167,2012,2,0,0,TRUE
09772167,2013,3,0,0,TRUE
09772167,2014,3,0,100,TRUE
09772168,2010,2,NA,0,TRUE
09772168,2011,2,0,0,TRUE
09772168,2012,2,0,0,TRUE
09772168,2013,3,0,0,TRUE
09772168,2014,3,0,100,TRUE
09772170,2010,2,NA,0,TRUE
09772170,2011,2,0,0,TRUE
09772170,2012,2,0,0,TRUE
09772170,2013,3,0,0,TRUE
09772170,2014,3,0,100,TRUE
09772171,2010,2,NA,0,TRUE
09772171,2011,2,0,0,TRUE
09772171,2012,2,0,0,TRUE
09772171,2013,3,0,0,TRUE
09772171,2014,3,0,100,TRUE
09772177,2010,2,NA,0,TRUE
09772177,2011,2,0,0,TRUE
09772177,2012,2,0,0,TRUE
09772177,2013,3,0,0,TRUE
09772177,2014,3,0,100,TRUE
09772178,2010,2,NA,0,TRUE
09772178,2011,2,0,0,TRUE
09772178,2012,2,0,0,TRUE
09772178,2013,3,0,0,TRUE
09772178,2014,3,0,99.47,TRUE
09772179,2010,2,NA,0,TRUE
09772179,2011,2,0,0,TRUE
09772179,2012,2,0,0,TRUE
09772179,2013,3,0,0,TRUE
09772179,2014,3,0,99.77,TRUE
09772184,2010,2,NA,0,TRUE
09772184,2011,2,0,0,TRUE
09772184,2012,2,0,0,TRUE
09772184,2013,3,0,0,TRUE
09772184,2014,3,0,100,TRUE
09772185,2010,2,NA,0,TRUE
09772185,2011,2,0,0,TRUE
09772185,2012,2,0,0,TRUE
09772185,2013,3,0,0,TRUE
09772185,2014,3,0,100,TRUE
09772186,2010,2,NA,0,TRUE
09772186,2011,2,0,0,TRUE
09772186,2012,2,0,0,TRUE
09772186,2013,3,0,0,TRUE
09772186,2014,3,0,100,TRUE
09772197,2010,2,NA,0,TRUE
09772197,2011,2,0,0,TRUE
09772197,2012,2,0,0,TRUE
09772197,2013,3,0,0,TRUE
09772197,2014,3,0,97.78,TRUE
09772200,2010,2,NA,0,TRUE
09772200,2011,2,0,0,TRUE
09772200,2012,2,0,0,TRUE
09772200,2013,3,0,0,TRUE
09772200,2014,3,0,99.97,TRUE
09772202,2010,2,NA,0,TRUE
09772202,2011,2,0,0,TRUE
09772202,2012,2,0,0,TRUE
09772202,2013,3,0,0,TRUE
09772202,2014,3,0,100,TRUE
09772207,2010,2,NA,0,TRUE
09772207,2011,2,0,0,TRUE
09772207,2012,2,0,0,TRUE
09772207,2013,3,0,0,TRUE
09772207,2014,3,0,96.05,TRUE
09772209,2010,2,NA,0,TRUE
09772209,2011,2,0,0,TRUE
09772209,2012,2,0,0,TRUE
09772209,2013,3,0,0,TRUE
09772209,2014,3,0,100,TRUE
09772211,2010,2,NA,0,TRUE
09772211,2011,2,0,0,TRUE
09772211,2012,2,0,0,TRUE
09772211,2013,3,0,0,TRUE
09772211,2014,3,0,100,TRUE
09772214,2010,2,NA,0,TRUE
09772214,2011,2,0,0,TRUE
09772214,2012,2,0,0,TRUE
09772214,2013,3,0,0,TRUE
09772214,2014,3,0,98.67,TRUE
09772215,2010,2,NA,0,TRUE
09772215,2011,2,0,0,TRUE
09772215,2012,2,0,0,TRUE
09772215,2013,3,0,0,TRUE
09772215,2014,3,0,100,TRUE
09772216,2010,2,NA,0,TRUE
09772216,2011,2,0,0,TRUE
09772216,2012,2,0,0,TRUE
09772216,2013,3,0,0,TRUE
09772216,2014,3,0,99.93,TRUE
09772217,2010,2,NA,0,TRUE
09772217,2011,2,0,0,TRUE
09772217,2012,2,0,0,TRUE
09772217,2013,3,0,0,TRUE
09772217,2014,3,0,100,TRUE
09772223,2010,2,NA,0,TRUE
09772223,2011,2,0,0,TRUE
09772223,2012,2,0,0,TRUE
09772223,2013,3,0,0,TRUE
09772223,2014,3,0,99.61,TRUE
09772444,2010,2,NA,0,TRUE
09772444,2011,2,0,0,TRUE
09772444,2012,2,0,0,TRUE
09772444,2013,3,0,0,TRUE
09772444,2014,3,0,0,TRUE
09772444,2015,3,0,0,FALSE
09772444,2016,3,0,0,FALSE
09772444,2017,3,0,0,FALSE
09772444,2018,3,0,NA,FALSE
09772451,2018,74,NA,0,FALSE
09772451,2019,74,0,0,FALSE
09772451,2020,38,0,0,FALSE
09772451,2021,38,0,NA,FALSE
09773111,2010,2,NA,0,TRUE
09773111,2011,2,0,0,TRUE
09773111,2012,2,0,0,TRUE
09773111,2013,3,0,0,TRUE
09773111,2014,3,0,100,TRUE
09773112,2010,2,NA,0,TRUE
09773112,2011,2,0,0,TRUE
09773112,2012,2,0,0,TRUE
09773112,2013,3,0,0,TRUE
09773112,2014,3,0,100,TRUE
09773113,2010,2,NA,0,TRUE
09773113,2011,2,0,0,TRUE
09773113,2012,2,0,0,TRUE
09773113,2013,3,0,0,TRUE
09773113,2014,3,0,99.45,TRUE
09773116,2010,2,NA,0,TRUE
09773116,2011,2,0,0,TRUE
09773116,2012,2,0,0,TRUE
09773116,2013,3,0,0,TRUE
09773116,2014,3,0,100,TRUE
09773117,2010,2,NA,0,TRUE
09773117,2011,2,0,0,TRUE
09773117,2012,2,0,0,TRUE
09773117,2013,3,0,0,TRUE
09773117,2014,3,0,99.73,TRUE
09773119,2010,2,NA,0,TRUE
09773119,2011,2,0,0,TRUE
09773119,2012,2,0,0,TRUE
09773119,2013,3,0,0,TRUE
09773119,2014,3,0,100,TRUE
09773122,2010,2,NA,0,TRUE
09773122,2011,2,0,0,TRUE
09773122,2012,2,0,0,TRUE
09773122,2013,3,0,0,TRUE
09773122,2014,3,0,99.91,TRUE
09773125,2010,2,NA,0,TRUE
09773125,2011,2,0,0,TRUE
09773125,2012,2,0,0,TRUE
09773125,2013,3,0,0,TRUE
09773125,2014,3,0,100,TRUE
09773133,2010,2,NA,0,TRUE
09773133,2011,2,0,0,TRUE
09773133,2012,2,0,0,TRUE
09773133,2013,3,0,0,TRUE
09773133,2014,3,0,100,TRUE
09773136,2010,2,NA,0,TRUE
09773136,2011,2,0,0,TRUE
09773136,2012,2,0,0,TRUE
09773136,2013,3,0,0,TRUE
09773136,2014,3,0,100,TRUE
09773137,2010,2,NA,0,TRUE
09773137,2011,2,0,0,TRUE
09773137,2012,2,0,0,TRUE
09773137,2013,3,0,0,TRUE
09773137,2014,3,0,97.44,TRUE
09773139,2010,2,NA,0,TRUE
09773139,2011,2,0,0,TRUE
09773139,2012,2,0,0,TRUE
09773139,2013,3,0,0,TRUE
09773139,2014,3,0,100,TRUE
09773140,2010,2,NA,0,TRUE
09773140,2011,2,0,0,TRUE
09773140,2012,2,0,0,TRUE
09773140,2013,3,0,0,TRUE
09773140,2014,3,0,100,TRUE
09773143,2010,2,NA,0,TRUE
09773143,2011,2,0,0,TRUE
09773143,2012,2,0,0,TRUE
09773143,2013,3,0,0,TRUE
09773143,2014,3,0,100,TRUE
09773144,2010,2,NA,0,TRUE
09773144,2011,2,0,0,TRUE
09773144,2012,2,0,0,TRUE
09773144,2013,3,0,0,TRUE
09773144,2014,3,0,99.98,TRUE
09773146,2010,2,NA,0,TRUE
09773146,2011,2,0,0,TRUE
09773146,2012,2,0,0,TRUE
09773146,2013,3,0,0,TRUE
09773146,2014,3,0,100,TRUE
09773147,2010,2,NA,0,TRUE
09773147,2011,2,0,0,TRUE
09773147,2012,2,0,0,TRUE
09773147,2013,3,0,0,TRUE
09773147,2014,3,0,98.6,TRUE
09773150,2010,2,NA,0,TRUE
09773150,2011,2,0,0,TRUE
09773150,2012,2,0,0,TRUE
09773150,2013,3,0,0,TRUE
09773150,2014,3,0,100,TRUE
09773153,2010,2,NA,0,TRUE
09773153,2011,2,0,0,TRUE
09773153,2012,2,0,0,TRUE
09773153,2013,3,0,0,TRUE
09773153,2014,3,0,100,TRUE
09773164,2010,2,NA,0,TRUE
09773164,2011,2,0,0,TRUE
09773164,2012,2,0,0,TRUE
09773164,2013,3,0,0,TRUE
09773164,2014,3,0,99.83,TRUE
09773170,2010,2,NA,0,TRUE
09773170,2011,2,0,0,TRUE
09773170,2012,2,0,0,TRUE
09773170,2013,3,0,0,TRUE
09773170,2014,3,0,100,TRUE
09773179,2010,2,NA,0,TRUE
09773179,2011,2,0,0,TRUE
09773179,2012,2,0,0,TRUE
09773179,2013,3,0,0,TRUE
09773179,2014,3,0,99.8,TRUE
09773182,2010,2,NA,0,TRUE
09773182,2011,2,0,0,TRUE
09773182,2012,2,0,0,TRUE
09773182,2013,3,0,0,TRUE
09773182,2014,3,0,100,TRUE
09773183,2010,2,NA,0,TRUE
09773183,2011,2,0,0,TRUE
09773183,2012,2,0,0,TRUE
09773183,2013,3,0,0,TRUE
09773183,2014,3,0,99,TRUE
09773186,2010,2,NA,0,TRUE
09773186,2011,2,0,0,TRUE
09773186,2012,2,0,0,TRUE
09773186,2013,3,0,0,TRUE
09773186,2014,3,0,87.53,TRUE
09773187,2010,2,NA,0,TRUE
09773187,2011,2,0,0,TRUE
09773187,2012,2,0,0,TRUE
09773187,2013,3,0,0,TRUE
09773187,2014,3,0,100,TRUE
09773188,2010,2,NA,0,TRUE
09773188,2011,2,0,0,TRUE
09773188,2012,2,0,0,TRUE
09773188,2013,3,0,0,TRUE
09773188,2014,3,0,100,TRUE
09774111,2010,2,NA,0,TRUE
09774111,2011,2,0,0,TRUE
09774111,2012,2,0,0,TRUE
09774111,2013,3,0,0,TRUE
09774111,2014,3,0,99.16,TRUE
09774115,2010,2,NA,0,TRUE
09774115,2011,2,0,0,TRUE
09774115,2012,2,0,0,TRUE
09774115,2013,3,0,0,TRUE
09774115,2014,3,0,100,TRUE
09774116,2010,2,NA,0,TRUE
09774116,2011,2,0,0,TRUE
09774116,2012,2,0,0,TRUE
09774116,2013,3,0,0,TRUE
09774116,2014,3,0,99.74,TRUE
09774117,2010,2,NA,0,TRUE
09774117,2011,2,0,0,TRUE
09774117,2012,2,0,0,TRUE
09774117,2013,3,0,0,TRUE
09774117,2014,3,0,94.97,TRUE
09774118,2010,2,NA,0,TRUE
09774118,2011,2,0,0,TRUE
09774118,2012,2,0,0,TRUE
09774118,2013,3,0,0,TRUE
09774118,2014,3,0,100,TRUE
09774119,2010,2,NA,0,TRUE
09774119,2011,2,0,0,TRUE
09774119,2012,2,0,0,TRUE
09774119,2013,3,0,0,TRUE
09774119,2014,3,0,99.8,TRUE
09774121,2010,2,NA,0,TRUE
09774121,2011,2,0,0,TRUE
09774121,2012,2,0,0,TRUE
09774121,2013,3,0,0,TRUE
09774121,2014,3,0,100,TRUE
09774122,2010,2,NA,0,TRUE
09774122,2011,2,0,0,TRUE
09774122,2012,2,0,0,TRUE
09774122,2013,3,0,0,TRUE
09774122,2014,3,0,100,TRUE
09774124,2010,2,NA,0,TRUE
09774124,2011,2,0,0,TRUE
09774124,2012,2,0,0,TRUE
09774124,2013,3,0,0,TRUE
09774124,2014,3,0,100,TRUE
09774127,2010,2,NA,0,TRUE
09774127,2011,2,0,0,TRUE
09774127,2012,2,0,0,TRUE
09774127,2013,3,0,0,TRUE
09774127,2014,3,0,100,TRUE
09774129,2010,2,NA,0,TRUE
09774129,2011,2,0,0,TRUE
09774129,2012,2,0,0,TRUE
09774129,2013,3,0,0,TRUE
09774129,2014,3,0,86.31,TRUE
09774133,2010,2,NA,0,TRUE
09774133,2011,2,0,0,TRUE
09774133,2012,2,0,0,TRUE
09774133,2013,3,0,0,TRUE
09774133,2014,3,0,95.41,TRUE
09774135,2010,2,NA,0,TRUE
09774135,2011,2,0,0,TRUE
09774135,2012,2,0,0,TRUE
09774135,2013,3,0,0,TRUE
09774135,2014,3,0,99.63,TRUE
09774136,2010,2,NA,0,TRUE
09774136,2011,2,0,0,TRUE
09774136,2012,2,0,0,TRUE
09774136,2013,3,0,0,TRUE
09774136,2014,3,0,100,TRUE
09774140,2010,2,NA,0,TRUE
09774140,2011,2,0,0,TRUE
09774140,2012,2,0,0,TRUE
09774140,2013,3,0,0,TRUE
09774140,2014,3,0,100,TRUE
09774143,2010,2,NA,0,TRUE
09774143,2011,2,0,0,TRUE
09774143,2012,2,0,0,TRUE
09774143,2013,3,0,0,TRUE
09774143,2014,3,0,100,TRUE
09774144,2010,2,NA,0,TRUE
09774144,2011,2,0,0,TRUE
09774144,2012,2,0,0,TRUE
09774144,2013,3,0,0,TRUE
09774144,2014,3,0,99.76,TRUE
09774145,2010,2,NA,0,TRUE
09774145,2011,2,0,0,TRUE
09774145,2012,2,0,0,TRUE
09774145,2013,3,0,0,TRUE
09774145,2014,3,0,99.14,TRUE
09774148,2010,2,NA,0,TRUE
09774148,2011,2,0,0,TRUE
09774148,2012,2,0,0,TRUE
09774148,2013,3,0,0,TRUE
09774148,2014,3,0,100,TRUE
09774150,2010,2,NA,0,TRUE
09774150,2011,2,0,0,TRUE
09774150,2012,2,0,0,TRUE
09774150,2013,3,0,0,TRUE
09774150,2014,3,0,99.6,TRUE
09774151,2010,2,NA,0,TRUE
09774151,2011,2,0,0,TRUE
09774151,2012,2,0,0,TRUE
09774151,2013,3,0,0,TRUE
09774151,2014,3,0,100,TRUE
09774155,2010,2,NA,0,TRUE
09774155,2011,2,0,0,TRUE
09774155,2012,2,0,0,TRUE
09774155,2013,3,0,0,TRUE
09774155,2014,3,0,99.97,TRUE
09774160,2010,2,NA,0,TRUE
09774160,2011,2,0,0,TRUE
09774160,2012,2,0,0,TRUE
09774160,2013,3,0,0,TRUE
09774160,2014,3,0,100,TRUE
09774162,2010,2,NA,0,TRUE
09774162,2011,2,0,0,TRUE
09774162,2012,2,0,0,TRUE
09774162,2013,3,0,0,TRUE
09774162,2014,3,0,99.26,TRUE
09774166,2010,2,NA,0,TRUE
09774166,2011,2,0,0,TRUE
09774166,2012,2,0,0,TRUE
09774166,2013,3,0,0,TRUE
09774166,2014,3,0,100,TRUE
09774171,2010,2,NA,0,TRUE
09774171,2011,2,0,0,TRUE
09774171,2012,2,0,0,TRUE
09774171,2013,3,0,0,TRUE
09774171,2014,3,0,100,TRUE
09774174,2010,2,NA,0,TRUE
09774174,2011,2,0,0,TRUE
09774174,2012,2,0,0,TRUE
09774174,2013,3,0,0,TRUE
09774174,2014,3,0,100,TRUE
09774178,2010,2,NA,0,TRUE
09774178,2011,2,0,0,TRUE
09774178,2012,2,0,0,TRUE
09774178,2013,3,0,0,TRUE
09774178,2014,3,0,100,TRUE
09774185,2010,2,NA,0,TRUE
09774185,2011,2,0,0,TRUE
09774185,2012,2,0,0,TRUE
09774185,2013,3,0,0,TRUE
09774185,2014,3,0,100,TRUE
09774189,2010,2,NA,0,TRUE
09774189,2011,2,0,0,TRUE
09774189,2012,2,0,0,TRUE
09774189,2013,3,0,0,TRUE
09774189,2014,3,0,100,TRUE
09774191,2010,2,NA,0,TRUE
09774191,2011,2,0,0,TRUE
09774191,2012,2,0,0,TRUE
09774191,2013,3,0,0,TRUE
09774191,2014,3,0,100,TRUE
09774192,2010,2,NA,0,TRUE
09774192,2011,2,0,0,TRUE
09774192,2012,2,0,0,TRUE
09774192,2013,3,0,0,TRUE
09774192,2014,3,0,87.66,TRUE
09774196,2010,2,NA,0,TRUE
09774196,2011,2,0,0,TRUE
09774196,2012,2,0,0,TRUE
09774196,2013,3,0,0,TRUE
09774196,2014,3,0,100,TRUE
09774198,2010,2,NA,0,TRUE
09774198,2011,2,0,0,TRUE
09774198,2012,2,0,0,TRUE
09774198,2013,3,0,0,TRUE
09774198,2014,3,0,99.92,TRUE
09774444,2010,2,NA,0,TRUE
09774444,2011,2,0,0,TRUE
09774444,2012,2,0,0,TRUE
09774444,2013,3,0,0,TRUE
09774444,2014,3,0,0,TRUE
09774444,2015,3,0,0,FALSE
09774444,2016,3,0,0,FALSE
09774444,2017,3,0,0,FALSE
09774444,2018,3,0,NA,FALSE
09774451,2018,74,NA,0,FALSE
09774451,2019,74,0,0,FALSE
09774451,2020,38,0,0,FALSE
09774451,2021,38,0,NA,FALSE
09774452,2018,74,NA,0,FALSE
09774452,2019,74,0,0,FALSE
09774452,2020,38,0,0,FALSE
09774452,2021,38,0,NA,FALSE
09775111,2010,2,NA,0,TRUE
09775111,2011,2,0,0,TRUE
09775111,2012,2,0,0,TRUE
09775111,2013,3,0,0,TRUE
09775111,2014,3,0,98.47,TRUE
09775115,2010,2,NA,0,TRUE
09775115,2011,2,0,0,TRUE
09775115,2012,2,0,0,TRUE
09775115,2013,3,0,0,TRUE
09775115,2014,3,0,100,TRUE
09775118,2010,2,NA,0,TRUE
09775118,2011,2,0,0,TRUE
09775118,2012,2,0,0,TRUE
09775118,2013,3,0,0,TRUE
09775118,2014,3,0,99.81,TRUE
09775126,2010,2,NA,0,TRUE
09775126,2011,2,0,0,TRUE
09775126,2012,2,0,0,TRUE
09775126,2013,3,0,0,TRUE
09775126,2014,3,0,99.05,TRUE
09775129,2010,2,NA,0,TRUE
09775129,2011,2,0,0,TRUE
09775129,2012,2,0,0,TRUE
09775129,2013,3,0,0,TRUE
09775129,2014,3,0,99.99,TRUE
09775132,2010,2,NA,0,TRUE
09775132,2011,2,0,0,TRUE
09775132,2012,2,0,0,TRUE
09775132,2013,3,0,0,TRUE
09775132,2014,3,0,100,TRUE
09775134,2010,2,NA,0,TRUE
09775134,2011,2,0,0,TRUE
09775134,2012,2,0,0,TRUE
09775134,2013,3,0,0,TRUE
09775134,2014,3,0,100,TRUE
09775135,2010,2,NA,0,TRUE
09775135,2011,2,0,0,TRUE
09775135,2012,2,0,0,TRUE
09775135,2013,3,0,0,TRUE
09775135,2014,3,0,99.99,TRUE
09775139,2010,2,NA,0,TRUE
09775139,2011,2,0,0,TRUE
09775139,2012,2,0,0,TRUE
09775139,2013,3,0,0,TRUE
09775139,2014,3,0,100,TRUE
09775141,2010,2,NA,0,TRUE
09775141,2011,2,0,0,TRUE
09775141,2012,2,0,0,TRUE
09775141,2013,3,0,0,TRUE
09775141,2014,3,0,100,TRUE
09775142,2010,2,NA,0,TRUE
09775142,2011,2,0,0,TRUE
09775142,2012,2,0,0,TRUE
09775142,2013,3,0,0,TRUE
09775142,2014,3,0,100,TRUE
09775143,2010,2,NA,0,TRUE
09775143,2011,2,0,0,TRUE
09775143,2012,2,0,0,TRUE
09775143,2013,3,0,0,TRUE
09775143,2014,3,0,99.97,TRUE
09775149,2010,2,NA,0,TRUE
09775149,2011,2,0,0,TRUE
09775149,2012,2,0,0,TRUE
09775149,2013,3,0,0,TRUE
09775149,2014,3,0,100,TRUE
09775152,2010,2,NA,0,TRUE
09775152,2011,2,0,0,TRUE
09775152,2012,2,0,0,TRUE
09775152,2013,3,0,0,TRUE
09775152,2014,3,0,100,TRUE
09775161,2010,2,NA,0,TRUE
09775161,2011,2,0,0,TRUE
09775161,2012,2,0,0,TRUE
09775161,2013,3,0,0,TRUE
09775161,2014,3,0,100,TRUE
09775162,2010,2,NA,0,TRUE
09775162,2011,2,0,0,TRUE
09775162,2012,2,0,0,TRUE
09775162,2013,3,0,0,TRUE
09775162,2014,3,0,99.95,TRUE
09775164,2010,2,NA,0,TRUE
09775164,2011,2,0,0,TRUE
09775164,2012,2,0,0,TRUE
09775164,2013,3,0,0,TRUE
09775164,2014,3,0,100,TRUE
09775444,2010,2,NA,0,TRUE
09775444,2011,2,0,0,TRUE
09775444,2012,2,0,0,TRUE
09775444,2013,3,0,0,TRUE
09775444,2014,3,0,0,TRUE
09775444,2015,3,0,100,FALSE
09775451,2021,38,97.56,NA,FALSE
09775452,2018,74,NA,0,FALSE
09775452,2019,74,0,0,FALSE
09775452,2020,38,0,0,FALSE
09775452,2021,38,0,NA,FALSE
09775454,2018,74,NA,0,FALSE
09775454,2019,74,0,0,FALSE
09775454,2020,38,0,0,FALSE
09775454,2021,38,0,NA,FALSE
09775455,2018,74,NA,0,FALSE
09775455,2019,74,0,0,FALSE
09775455,2020,38,0,0,FALSE
09775455,2021,38,0,NA,FALSE
09776111,2010,2,NA,0,TRUE
09776111,2011,2,0,0,TRUE
09776111,2012,2,0,0,TRUE
09776111,2013,3,0,0,TRUE
09776111,2014,3,0,100,TRUE
09776112,2010,2,NA,0,TRUE
09776112,2011,2,0,0,TRUE
09776112,2012,2,0,0,TRUE
09776112,2013,3,0,0,TRUE
09776112,2014,3,0,98.56,TRUE
09776113,2010,2,NA,0,TRUE
09776113,2011,2,0,0,TRUE
09776113,2012,2,0,0,TRUE
09776113,2013,3,0,0,TRUE
09776113,2014,3,0,99.65,TRUE
09776114,2010,2,NA,0,TRUE
09776114,2011,2,0,0,TRUE
09776114,2012,2,0,0,TRUE
09776114,2013,3,0,0,TRUE
09776114,2014,3,0,99.87,TRUE
09776115,2010,2,NA,0,TRUE
09776115,2011,2,0,0,TRUE
09776115,2012,2,0,0,TRUE
09776115,2013,3,0,0,TRUE
09776115,2014,3,0,99.86,TRUE
09776116,2010,2,NA,0,TRUE
09776116,2011,2,0,0,TRUE
09776116,2012,2,0,0,TRUE
09776116,2013,3,0,0,TRUE
09776116,2014,3,0,99.32,TRUE
09776117,2010,2,NA,0,TRUE
09776117,2011,2,0,0,TRUE
09776117,2012,2,0,0,TRUE
09776117,2013,3,0,0,TRUE
09776117,2014,3,0,100,TRUE
09776118,2010,2,NA,0,TRUE
09776118,2011,2,0,0,TRUE
09776118,2012,2,0,0,TRUE
09776118,2013,3,0,0,TRUE
09776118,2014,3,0,100,TRUE
09776120,2010,2,NA,0,TRUE
09776120,2011,2,0,0,TRUE
09776120,2012,2,0,0,TRUE
09776120,2013,3,0,0,TRUE
09776120,2014,3,0,99.73,TRUE
09776121,2010,2,NA,0,TRUE
09776121,2011,2,0,0,TRUE
09776121,2012,2,0,0,TRUE
09776121,2013,3,0,0,TRUE
09776121,2014,3,0,90.66,TRUE
09776122,2010,2,NA,0,TRUE
09776122,2011,2,0,0,TRUE
09776122,2012,2,0,0,TRUE
09776122,2013,3,0,0,TRUE
09776122,2014,3,0,97.65,TRUE
09776124,2010,2,NA,0,TRUE
09776124,2011,2,0,0,TRUE
09776124,2012,2,0,0,TRUE
09776124,2013,3,0,0,TRUE
09776124,2014,3,0,98.82,TRUE
09776125,2010,2,NA,0,TRUE
09776125,2011,2,0,0,TRUE
09776125,2012,2,0,0,TRUE
09776125,2013,3,0,0,TRUE
09776125,2014,3,0,90.4,TRUE
09776126,2010,2,NA,0,TRUE
09776126,2011,2,0,0,TRUE
09776126,2012,2,0,0,TRUE
09776126,2013,3,0,0,TRUE
09776126,2014,3,0,93.26,TRUE
09776127,2010,2,NA,0,TRUE
09776127,2011,2,0,0,TRUE
09776127,2012,2,0,0,TRUE
09776127,2013,3,0,0,TRUE
09776127,2014,3,0,92.46,TRUE
09776128,2010,2,NA,0,TRUE
09776128,2011,2,0,0,TRUE
09776128,2012,2,0,0,TRUE
09776128,2013,3,0,0,TRUE
09776128,2014,3,0,99.93,TRUE
09776129,2010,2,NA,0,TRUE
09776129,2011,2,0,0,TRUE
09776129,2012,2,0,0,TRUE
09776129,2013,3,0,0,TRUE
09776129,2014,3,0,99.32,TRUE
09776130,2010,2,NA,0,TRUE
09776130,2011,2,0,0,TRUE
09776130,2012,2,0,0,TRUE
09776130,2013,3,0,0,TRUE
09776130,2014,3,0,99.84,TRUE
09776131,2010,2,NA,0,TRUE
09776131,2011,2,0,0,TRUE
09776131,2012,2,0,0,TRUE
09776131,2013,3,0,0,TRUE
09776131,2014,3,0,93.81,TRUE
09777111,2010,2,NA,0,TRUE
09777111,2011,2,0,0,TRUE
09777111,2012,2,0,0,TRUE
09777111,2013,3,0,0,TRUE
09777111,2014,3,0,99.53,TRUE
09777112,2010,2,NA,0,TRUE
09777112,2011,2,0,0,TRUE
09777112,2012,2,0,0,TRUE
09777112,2013,3,0,0,TRUE
09777112,2014,3,0,100,TRUE
09777114,2010,2,NA,0,TRUE
09777114,2011,2,0,0,TRUE
09777114,2012,2,0,0,TRUE
09777114,2013,3,0,0,TRUE
09777114,2014,3,0,99.61,TRUE
09777118,2010,2,NA,0,TRUE
09777118,2011,2,0,0,TRUE
09777118,2012,2,0,0,TRUE
09777118,2013,3,0,0,TRUE
09777118,2014,3,0,97.81,TRUE
09777121,2010,2,NA,0,TRUE
09777121,2011,2,0,0,TRUE
09777121,2012,2,0,0,TRUE
09777121,2013,3,0,0,TRUE
09777121,2014,3,0,99.98,TRUE
09777124,2010,2,NA,0,TRUE
09777124,2011,2,0,0,TRUE
09777124,2012,2,0,0,TRUE
09777124,2013,3,0,0,TRUE
09777124,2014,3,0,96.15,TRUE
09777125,2010,2,NA,0,TRUE
09777125,2011,2,0,0,TRUE
09777125,2012,2,0,0,TRUE
09777125,2013,3,0,0,TRUE
09777125,2014,3,0,99.81,TRUE
09777128,2010,2,NA,0,TRUE
09777128,2011,2,0,0,TRUE
09777128,2012,2,0,0,TRUE
09777128,2013,3,0,0,TRUE
09777128,2014,3,0,99.34,TRUE
09777129,2010,2,NA,0,TRUE
09777129,2011,2,0,0,TRUE
09777129,2012,2,0,0,TRUE
09777129,2013,3,0,0,TRUE
09777129,2014,3,0,99.88,TRUE
09777130,2010,2,NA,0,TRUE
09777130,2011,2,0,0,TRUE
09777130,2012,2,0,0,TRUE
09777130,2013,3,0,0,TRUE
09777130,2014,3,0,100,TRUE
09777131,2010,2,NA,0,TRUE
09777131,2011,2,0,0,TRUE
09777131,2012,2,0,0,TRUE
09777131,2013,3,0,0,TRUE
09777131,2014,3,0,99.63,TRUE
09777135,2010,2,NA,0,TRUE
09777135,2011,2,0,0,TRUE
09777135,2012,2,0,0,TRUE
09777135,2013,3,0,0,TRUE
09777135,2014,3,0,99.6,TRUE
09777138,2010,2,NA,0,TRUE
09777138,2011,2,0,0,TRUE
09777138,2012,2,0,0,TRUE
09777138,2013,3,0,0,TRUE
09777138,2014,3,0,99.51,TRUE
09777139,2010,2,NA,0,TRUE
09777139,2011,2,0,0,TRUE
09777139,2012,2,0,0,TRUE
09777139,2013,3,0,0,TRUE
09777139,2014,3,0,99.16,TRUE
09777140,2010,2,NA,0,TRUE
09777140,2011,2,0,0,TRUE
09777140,2012,2,0,0,TRUE
09777140,2013,3,0,0,TRUE
09777140,2014,3,0,99.9,TRUE
09777141,2010,2,NA,0,TRUE
09777141,2011,2,0,0,TRUE
09777141,2012,2,0,0,TRUE
09777141,2013,3,0,0,TRUE
09777141,2014,3,0,97.57,TRUE
09777144,2010,2,NA,0,TRUE
09777144,2011,2,0,0,TRUE
09777144,2012,2,0,0,TRUE
09777144,2013,3,0,0,TRUE
09777144,2014,3,0,98.32,TRUE
09777145,2010,2,NA,0,TRUE
09777145,2011,2,0,0,TRUE
09777145,2012,2,0,0,TRUE
09777145,2013,3,0,0,TRUE
09777145,2014,3,0,99.86,TRUE
09777147,2010,2,NA,0,TRUE
09777147,2011,2,0,0,TRUE
09777147,2012,2,0,0,TRUE
09777147,2013,3,0,0,TRUE
09777147,2014,3,0,99.56,TRUE
09777149,2010,2,NA,0,TRUE
09777149,2011,2,0,0,TRUE
09777149,2012,2,0,0,TRUE
09777149,2013,3,0,0,TRUE
09777149,2014,3,0,99.45,TRUE
09777151,2010,2,NA,0,TRUE
09777151,2011,2,0,0,TRUE
09777151,2012,2,0,0,TRUE
09777151,2013,3,0,0,TRUE
09777151,2014,3,0,99.45,TRUE
09777152,2010,2,NA,0,TRUE
09777152,2011,2,0,0,TRUE
09777152,2012,2,0,0,TRUE
09777152,2013,3,0,0,TRUE
09777152,2014,3,0,99.43,TRUE
09777153,2010,2,NA,0,TRUE
09777153,2011,2,0,0,TRUE
09777153,2012,2,0,0,TRUE
09777153,2013,3,0,0,TRUE
09777153,2014,3,0,99.94,TRUE
09777154,2010,2,NA,0,TRUE
09777154,2011,2,0,0,TRUE
09777154,2012,2,0,0,TRUE
09777154,2013,3,0,0,TRUE
09777154,2014,3,0,99.96,TRUE
09777155,2010,2,NA,0,TRUE
09777155,2011,2,0,0,TRUE
09777155,2012,2,0,0,TRUE
09777155,2013,3,0,0,TRUE
09777155,2014,3,0,99.42,TRUE
09777157,2010,2,NA,0,TRUE
09777157,2011,2,0,0,TRUE
09777157,2012,2,0,0,TRUE
09777157,2013,3,0,0,TRUE
09777157,2014,3,0,98.58,TRUE
09777158,2010,2,NA,0,TRUE
09777158,2011,2,0,0,TRUE
09777158,2012,2,0,0,TRUE
09777158,2013,3,0,0,TRUE
09777158,2014,3,0,99.46,TRUE
09777159,2010,2,NA,0,TRUE
09777159,2011,2,0,0,TRUE
09777159,2012,2,0,0,TRUE
09777159,2013,3,0,0,TRUE
09777159,2014,3,0,99.89,TRUE
09777163,2010,2,NA,0,TRUE
09777163,2011,2,0,0,TRUE
09777163,2012,2,0,0,TRUE
09777163,2013,3,0,0,TRUE
09777163,2014,3,0,96.17,TRUE
09777164,2010,2,NA,0,TRUE
09777164,2011,2,0,0,TRUE
09777164,2012,2,0,0,TRUE
09777164,2013,3,0,0,TRUE
09777164,2014,3,0,100,TRUE
09777165,2010,2,NA,0,TRUE
09777165,2011,2,0,0,TRUE
09777165,2012,2,0,0,TRUE
09777165,2013,3,0,0,TRUE
09777165,2014,3,0,100,TRUE
09777166,2010,2,NA,0,TRUE
09777166,2011,2,0,0,TRUE
09777166,2012,2,0,0,TRUE
09777166,2013,3,0,0,TRUE
09777166,2014,3,0,99.57,TRUE
09777167,2010,2,NA,0,TRUE
09777167,2011,2,0,0,TRUE
09777167,2012,2,0,0,TRUE
09777167,2013,3,0,0,TRUE
09777167,2014,3,0,99.86,TRUE
09777168,2010,2,NA,0,TRUE
09777168,2011,2,0,0,TRUE
09777168,2012,2,0,0,TRUE
09777168,2013,3,0,0,TRUE
09777168,2014,3,0,98.46,TRUE
09777169,2010,2,NA,0,TRUE
09777169,2011,2,0,0,TRUE
09777169,2012,2,0,0,TRUE
09777169,2013,3,0,0,TRUE
09777169,2014,3,0,99.8,TRUE
09777170,2010,2,NA,0,TRUE
09777170,2011,2,0,0,TRUE
09777170,2012,2,0,0,TRUE
09777170,2013,3,0,0,TRUE
09777170,2014,3,0,99.19,TRUE
09777171,2010,2,NA,0,TRUE
09777171,2011,2,0,0,TRUE
09777171,2012,2,0,0,TRUE
09777171,2013,3,0,0,TRUE
09777171,2014,3,0,93.33,TRUE
09777172,2010,2,NA,0,TRUE
09777172,2011,2,0,0,TRUE
09777172,2012,2,0,0,TRUE
09777172,2013,3,0,0,TRUE
09777172,2014,3,0,99.2,TRUE
09777173,2010,2,NA,0,TRUE
09777173,2011,2,0,0,TRUE
09777173,2012,2,0,0,TRUE
09777173,2013,3,0,0,TRUE
09777173,2014,3,0,99.8,TRUE
09777175,2010,2,NA,0,TRUE
09777175,2011,2,0,0,TRUE
09777175,2012,2,0,0,TRUE
09777175,2013,3,0,0,TRUE
09777175,2014,3,0,99.53,TRUE
09777176,2010,2,NA,0,TRUE
09777176,2011,2,0,0,TRUE
09777176,2012,2,0,0,TRUE
09777176,2013,3,0,0,TRUE
09777176,2014,3,0,99.84,TRUE
09777177,2010,2,NA,0,TRUE
09777177,2011,2,0,0,TRUE
09777177,2012,2,0,0,TRUE
09777177,2013,3,0,0,TRUE
09777177,2014,3,0,100,TRUE
09777179,2010,2,NA,0,TRUE
09777179,2011,2,0,0,TRUE
09777179,2012,2,0,0,TRUE
09777179,2013,3,0,0,TRUE
09777179,2014,3,0,100,TRUE
09777182,2010,2,NA,0,TRUE
09777182,2011,2,0,0,TRUE
09777182,2012,2,0,0,TRUE
09777182,2013,3,0,0,TRUE
09777182,2014,3,0,100,TRUE
09777183,2010,2,NA,0,TRUE
09777183,2011,2,0,0,TRUE
09777183,2012,2,0,0,TRUE
09777183,2013,3,0,0,TRUE
09777183,2014,3,0,100,TRUE
09778111,2010,2,NA,0,TRUE
09778111,2011,2,0,0,TRUE
09778111,2012,2,0,0,TRUE
09778111,2013,3,0,0,TRUE
09778111,2014,3,0,100,TRUE
09778113,2010,2,NA,0,TRUE
09778113,2011,2,0,0,TRUE
09778113,2012,2,0,0,TRUE
09778113,2013,3,0,0,TRUE
09778113,2014,3,0,97.5,TRUE
09778115,2010,2,NA,0,TRUE
09778115,2011,2,0,0,TRUE
09778115,2012,2,0,0,TRUE
09778115,2013,3,0,0,TRUE
09778115,2014,3,0,99.91,TRUE
09778116,2010,2,NA,0,TRUE
09778116,2011,2,0,0,TRUE
09778116,2012,2,0,0,TRUE
09778116,2013,3,0,0,TRUE
09778116,2014,3,0,99.86,TRUE
09778118,2010,2,NA,0,TRUE
09778118,2011,2,0,0,TRUE
09778118,2012,2,0,0,TRUE
09778118,2013,3,0,0,TRUE
09778118,2014,3,0,100,TRUE
09778119,2010,2,NA,0,TRUE
09778119,2011,2,0,0,TRUE
09778119,2012,2,0,0,TRUE
09778119,2013,3,0,0,TRUE
09778119,2014,3,0,100,TRUE
09778120,2010,2,NA,0,TRUE
09778120,2011,2,0,0,TRUE
09778120,2012,2,0,0,TRUE
09778120,2013,3,0,0,TRUE
09778120,2014,3,0,100,TRUE
09778121,2010,2,NA,0,TRUE
09778121,2011,2,0,0,TRUE
09778121,2012,2,0,0,TRUE
09778121,2013,3,0,0,TRUE
09778121,2014,3,0,99.49,TRUE
09778123,2010,2,NA,0,TRUE
09778123,2011,2,0,0,TRUE
09778123,2012,2,0,0,TRUE
09778123,2013,3,0,0,TRUE
09778123,2014,3,0,100,TRUE
09778127,2010,2,NA,0,TRUE
09778127,2011,2,0,0,TRUE
09778127,2012,2,0,0,TRUE
09778127,2013,3,0,0,TRUE
09778127,2014,3,0,99.89,TRUE
09778130,2010,2,NA,0,TRUE
09778130,2011,2,0,0,TRUE
09778130,2012,2,0,0,TRUE
09778130,2013,3,0,0,TRUE
09778130,2014,3,0,100,TRUE
09778134,2010,2,NA,0,TRUE
09778134,2011,2,0,0,TRUE
09778134,2012,2,0,0,TRUE
09778134,2013,3,0,0,TRUE
09778134,2014,3,0,97.28,TRUE
09778136,2010,2,NA,0,TRUE
09778136,2011,2,0,0,TRUE
09778136,2012,2,0,0,TRUE
09778136,2013,3,0,0,TRUE
09778136,2014,3,0,99.52,TRUE
09778137,2010,2,NA,0,TRUE
09778137,2011,2,0,0,TRUE
09778137,2012,2,0,0,TRUE
09778137,2013,3,0,0,TRUE
09778137,2014,3,0,92.29,TRUE
09778139,2010,2,NA,0,TRUE
09778139,2011,2,0,0,TRUE
09778139,2012,2,0,0,TRUE
09778139,2013,3,0,0,TRUE
09778139,2014,3,0,100,TRUE
09778144,2010,2,NA,0,TRUE
09778144,2011,2,0,0,TRUE
09778144,2012,2,0,0,TRUE
09778144,2013,3,0,0,TRUE
09778144,2014,3,0,98.97,TRUE
09778149,2010,2,NA,0,TRUE
09778149,2011,2,0,0,TRUE
09778149,2012,2,0,0,TRUE
09778149,2013,3,0,0,TRUE
09778149,2014,3,0,100,TRUE
09778150,2010,2,NA,0,TRUE
09778150,2011,2,0,0,TRUE
09778150,2012,2,0,0,TRUE
09778150,2013,3,0,0,TRUE
09778150,2014,3,0,99.86,TRUE
09778151,2010,2,NA,0,TRUE
09778151,2011,2,0,0,TRUE
09778151,2012,2,0,0,TRUE
09778151,2013,3,0,0,TRUE
09778151,2014,3,0,99.8,TRUE
09778157,2010,2,NA,0,TRUE
09778157,2011,2,0,0,TRUE
09778157,2012,2,0,0,TRUE
09778157,2013,3,0,0,TRUE
09778157,2014,3,0,93.36,TRUE
09778158,2010,2,NA,0,TRUE
09778158,2011,2,0,0,TRUE
09778158,2012,2,0,0,TRUE
09778158,2013,3,0,0,TRUE
09778158,2014,3,0,99.34,TRUE
09778161,2010,2,NA,0,TRUE
09778161,2011,2,0,0,TRUE
09778161,2012,2,0,0,TRUE
09778161,2013,3,0,0,TRUE
09778161,2014,3,0,98.64,TRUE
09778162,2010,2,NA,0,TRUE
09778162,2011,2,0,0,TRUE
09778162,2012,2,0,0,TRUE
09778162,2013,3,0,0,TRUE
09778162,2014,3,0,90.96,TRUE
09778163,2010,2,NA,0,TRUE
09778163,2011,2,0,0,TRUE
09778163,2012,2,0,0,TRUE
09778163,2013,3,0,0,TRUE
09778163,2014,3,0,87.22,TRUE
09778164,2010,2,NA,0,TRUE
09778164,2011,2,0,0,TRUE
09778164,2012,2,0,0,TRUE
09778164,2013,3,0,0,TRUE
09778164,2014,3,0,99.76,TRUE
09778165,2010,2,NA,0,TRUE
09778165,2011,2,0,0,TRUE
09778165,2012,2,0,0,TRUE
09778165,2013,3,0,0,TRUE
09778165,2014,3,0,98.62,TRUE
09778168,2010,2,NA,0,TRUE
09778168,2011,2,0,0,TRUE
09778168,2012,2,0,0,TRUE
09778168,2013,3,0,0,TRUE
09778168,2014,3,0,99.13,TRUE
09778169,2010,2,NA,0,TRUE
09778169,2011,2,0,0,TRUE
09778169,2012,2,0,0,TRUE
09778169,2013,3,0,0,TRUE
09778169,2014,3,0,98.79,TRUE
09778171,2010,2,NA,0,TRUE
09778171,2011,2,0,0,TRUE
09778171,2012,2,0,0,TRUE
09778171,2013,3,0,0,TRUE
09778171,2014,3,0,100,TRUE
09778173,2010,2,NA,0,TRUE
09778173,2011,2,0,0,TRUE
09778173,2012,2,0,0,TRUE
09778173,2013,3,0,0,TRUE
09778173,2014,3,0,99.69,TRUE
09778177,2010,2,NA,0,TRUE
09778177,2011,2,0,0,TRUE
09778177,2012,2,0,0,TRUE
09778177,2013,3,0,0,TRUE
09778177,2014,3,0,99.64,TRUE
09778180,2010,2,NA,0,TRUE
09778180,2011,2,0,0,TRUE
09778180,2012,2,0,0,TRUE
09778180,2013,3,0,0,TRUE
09778180,2014,3,0,99.87,TRUE
09778183,2010,2,NA,0,TRUE
09778183,2011,2,0,0,TRUE
09778183,2012,2,0,0,TRUE
09778183,2013,3,0,0,TRUE
09778183,2014,3,0,98.69,TRUE
09778184,2010,2,NA,0,TRUE
09778184,2011,2,0,0,TRUE
09778184,2012,2,0,0,TRUE
09778184,2013,3,0,0,TRUE
09778184,2014,3,0,99.74,TRUE
09778186,2010,2,NA,0,TRUE
09778186,2011,2,0,0,TRUE
09778186,2012,2,0,0,TRUE
09778186,2013,3,0,0,TRUE
09778186,2014,3,0,99.5,TRUE
09778187,2010,2,NA,0,TRUE
09778187,2011,2,0,0,TRUE
09778187,2012,2,0,0,TRUE
09778187,2013,3,0,0,TRUE
09778187,2014,3,0,99.5,TRUE
09778188,2010,2,NA,0,TRUE
09778188,2011,2,0,0,TRUE
09778188,2012,2,0,0,TRUE
09778188,2013,3,0,0,TRUE
09778188,2014,3,0,100,TRUE
09778190,2010,2,NA,0,TRUE
09778190,2011,2,0,0,TRUE
09778190,2012,2,0,0,TRUE
09778190,2013,3,0,0,TRUE
09778190,2014,3,0,99.5,TRUE
09778196,2010,2,NA,0,TRUE
09778196,2011,2,0,0,TRUE
09778196,2012,2,0,0,TRUE
09778196,2013,3,0,0,TRUE
09778196,2014,3,0,97.96,TRUE
09778199,2010,2,NA,0,TRUE
09778199,2011,2,0,0,TRUE
09778199,2012,2,0,0,TRUE
09778199,2013,3,0,0,TRUE
09778199,2014,3,0,99.46,TRUE
09778202,2010,2,NA,0,TRUE
09778202,2011,2,0,0,TRUE
09778202,2012,2,0,0,TRUE
09778202,2013,3,0,0,TRUE
09778202,2014,3,0,99.61,TRUE
09778203,2010,2,NA,0,TRUE
09778203,2011,2,0,0,TRUE
09778203,2012,2,0,0,TRUE
09778203,2013,3,0,0,TRUE
09778203,2014,3,0,100,TRUE
09778204,2010,2,NA,0,TRUE
09778204,2011,2,0,0,TRUE
09778204,2012,2,0,0,TRUE
09778204,2013,3,0,0,TRUE
09778204,2014,3,0,99.02,TRUE
09778205,2010,2,NA,0,TRUE
09778205,2011,2,0,0,TRUE
09778205,2012,2,0,0,TRUE
09778205,2013,3,0,0,TRUE
09778205,2014,3,0,100,TRUE
09778207,2010,2,NA,0,TRUE
09778207,2011,2,0,0,TRUE
09778207,2012,2,0,0,TRUE
09778207,2013,3,0,0,TRUE
09778207,2014,3,0,100,TRUE
09778209,2010,2,NA,0,TRUE
09778209,2011,2,0,0,TRUE
09778209,2012,2,0,0,TRUE
09778209,2013,3,0,0,TRUE
09778209,2014,3,0,100,TRUE
09778214,2010,2,NA,0,TRUE
09778214,2011,2,0,0,TRUE
09778214,2012,2,0,0,TRUE
09778214,2013,3,0,0,TRUE
09778214,2014,3,0,99.76,TRUE
09778216,2010,2,NA,0,TRUE
09778216,2011,2,0,0,TRUE
09778216,2012,2,0,0,TRUE
09778216,2013,3,0,0,TRUE
09778216,2014,3,0,100,TRUE
09778217,2010,2,NA,0,TRUE
09778217,2011,2,0,0,TRUE
09778217,2012,2,0,0,TRUE
09778217,2013,3,0,0,TRUE
09778217,2014,3,0,100,TRUE
09778218,2010,2,NA,0,TRUE
09778218,2011,2,0,0,TRUE
09778218,2012,2,0,0,TRUE
09778218,2013,3,0,0,TRUE
09778218,2014,3,0,98.84,TRUE
09778219,2010,2,NA,0,TRUE
09778219,2011,2,0,0,TRUE
09778219,2012,2,0,0,TRUE
09778219,2013,3,0,0,TRUE
09778219,2014,3,0,99.21,TRUE
09778221,2010,2,NA,0,TRUE
09778221,2011,2,0,0,TRUE
09778221,2012,2,0,0,TRUE
09778221,2013,3,0,0,TRUE
09778221,2014,3,0,96.7,TRUE
09778444,2010,2,NA,0,TRUE
09778444,2011,2,0,0,TRUE
09778444,2012,2,0,0,TRUE
09778444,2013,3,0,0,TRUE
09778444,2014,3,0,0,TRUE
09778444,2015,3,0,0,FALSE
09778444,2016,3,0,0,FALSE
09778444,2017,3,0,0,FALSE
09778444,2018,3,0,NA,FALSE
09778451,2018,74,NA,0,FALSE
09778451,2019,74,0,0,FALSE
09778451,2020,38,0,0,FALSE
09778451,2021,38,0,NA,FALSE
09779111,2010,2,NA,0,TRUE
09779111,2011,2,0,0,TRUE
09779111,2012,2,0,0,TRUE
09779111,2013,3,0,0,TRUE
09779111,2014,3,0,96.97,TRUE
09779112,2010,2,NA,0,TRUE
09779112,2011,2,0,0,TRUE
09779112,2012,2,0,0,TRUE
09779112,2013,3,0,0,TRUE
09779112,2014,3,0,98.44,TRUE
09779115,2010,2,NA,0,TRUE
09779115,2011,2,0,0,TRUE
09779115,2012,2,0,0,TRUE
09779115,2013,3,0,0,TRUE
09779115,2014,3,0,100,TRUE
09779117,2010,2,NA,0,TRUE
09779117,2011,2,0,0,TRUE
09779117,2012,2,0,0,TRUE
09779117,2013,3,0,0,TRUE
09779117,2014,3,0,99.16,TRUE
09779126,2010,2,NA,0,TRUE
09779126,2011,2,0,0,TRUE
09779126,2012,2,0,0,TRUE
09779126,2013,3,0,0,TRUE
09779126,2014,3,0,100,TRUE
09779129,2010,2,NA,0,TRUE
09779129,2011,2,0,0,TRUE
09779129,2012,2,0,0,TRUE
09779129,2013,3,0,0,TRUE
09779129,2014,3,0,99.67,TRUE
09779130,2010,2,NA,0,TRUE
09779130,2011,2,0,0,TRUE
09779130,2012,2,0,0,TRUE
09779130,2013,3,0,0,TRUE
09779130,2014,3,0,99.05,TRUE
09779131,2010,2,NA,0,TRUE
09779131,2011,2,0,0,TRUE
09779131,2012,2,0,0,TRUE
09779131,2013,3,0,0,TRUE
09779131,2014,3,0,99.77,TRUE
09779136,2010,2,NA,0,TRUE
09779136,2011,2,0,0,TRUE
09779136,2012,2,0,0,TRUE
09779136,2013,3,0,0,TRUE
09779136,2014,3,0,100,TRUE
09779138,2010,2,NA,0,TRUE
09779138,2011,2,0,0,TRUE
09779138,2012,2,0,0,TRUE
09779138,2013,3,0,0,TRUE
09779138,2014,3,0,99.66,TRUE
09779146,2010,2,NA,0,TRUE
09779146,2011,2,0,0,TRUE
09779146,2012,2,0,0,TRUE
09779146,2013,3,0,0,TRUE
09779146,2014,3,0,100,TRUE
09779147,2010,2,NA,0,TRUE
09779147,2011,2,0,0,TRUE
09779147,2012,2,0,0,TRUE
09779147,2013,3,0,0,TRUE
09779147,2014,3,0,93.83,TRUE
09779148,2010,2,NA,0,TRUE
09779148,2011,2,0,0,TRUE
09779148,2012,2,0,0,TRUE
09779148,2013,3,0,0,TRUE
09779148,2014,3,0,100,TRUE
09779149,2010,2,NA,0,TRUE
09779149,2011,2,0,0,TRUE
09779149,2012,2,0,0,TRUE
09779149,2013,3,0,0,TRUE
09779149,2014,3,0,100,TRUE
09779154,2010,2,NA,0,TRUE
09779154,2011,2,0,0,TRUE
09779154,2012,2,0,0,TRUE
09779154,2013,3,0,0,TRUE
09779154,2014,3,0,98.98,TRUE
09779155,2010,2,NA,0,TRUE
09779155,2011,2,0,0,TRUE
09779155,2012,2,0,0,TRUE
09779155,2013,3,0,0,TRUE
09779155,2014,3,0,99.87,TRUE
09779162,2010,2,NA,0,TRUE
09779162,2011,2,0,0,TRUE
09779162,2012,2,0,0,TRUE
09779162,2013,3,0,0,TRUE
09779162,2014,3,0,100,TRUE
09779163,2010,2,NA,0,TRUE
09779163,2011,2,0,0,TRUE
09779163,2012,2,0,0,TRUE
09779163,2013,3,0,0,TRUE
09779163,2014,3,0,100,TRUE
09779167,2010,2,NA,0,TRUE
09779167,2011,2,0,0,TRUE
09779167,2012,2,0,0,TRUE
09779167,2013,3,0,0,TRUE
09779167,2014,3,0,100,TRUE
09779169,2010,2,NA,0,TRUE
09779169,2011,2,0,0,TRUE
09779169,2012,2,0,0,TRUE
09779169,2013,3,0,0,TRUE
09779169,2014,3,0,98.97,TRUE
09779176,2010,2,NA,0,TRUE
09779176,2011,2,0,0,TRUE
09779176,2012,2,0,0,TRUE
09779176,2013,3,0,0,TRUE
09779176,2014,3,0,98.19,TRUE
09779177,2010,2,NA,0,TRUE
09779177,2011,2,0,0,TRUE
09779177,2012,2,0,0,TRUE
09779177,2013,3,0,0,TRUE
09779177,2014,3,0,99.8,TRUE
09779178,2010,2,NA,0,TRUE
09779178,2011,2,0,0,TRUE
09779178,2012,2,0,0,TRUE
09779178,2013,3,0,0,TRUE
09779178,2014,3,0,99.66,TRUE
09779180,2010,2,NA,0,TRUE
09779180,2011,2,0,0,TRUE
09779180,2012,2,0,0,TRUE
09779180,2013,3,0,0,TRUE
09779180,2014,3,0,96.72,TRUE
09779181,2010,2,NA,0,TRUE
09779181,2011,2,0,0,TRUE
09779181,2012,2,0,0,TRUE
09779181,2013,3,0,0,TRUE
09779181,2014,3,0,99.94,TRUE
09779184,2010,2,NA,0,TRUE
09779184,2011,2,0,0,TRUE
09779184,2012,2,0,0,TRUE
09779184,2013,3,0,0,TRUE
09779184,2014,3,0,94.82,TRUE
09779185,2010,2,NA,0,TRUE
09779185,2011,2,0,0,TRUE
09779185,2012,2,0,0,TRUE
09779185,2013,3,0,0,TRUE
09779185,2014,3,0,100,TRUE
09779186,2010,2,NA,0,TRUE
09779186,2011,2,0,0,TRUE
09779186,2012,2,0,0,TRUE
09779186,2013,3,0,0,TRUE
09779186,2014,3,0,99.02,TRUE
09779187,2010,2,NA,0,TRUE
09779187,2011,2,0,0,TRUE
09779187,2012,2,0,0,TRUE
09779187,2013,3,0,0,TRUE
09779187,2014,3,0,100,TRUE
09779188,2010,2,NA,0,TRUE
09779188,2011,2,0,0,TRUE
09779188,2012,2,0,0,TRUE
09779188,2013,3,0,0,TRUE
09779188,2014,3,0,97.35,TRUE
09779192,2010,2,NA,0,TRUE
09779192,2011,2,0,0,TRUE
09779192,2012,2,0,0,TRUE
09779192,2013,3,0,0,TRUE
09779192,2014,3,0,100,TRUE
09779194,2010,2,NA,0,TRUE
09779194,2011,2,0,0,TRUE
09779194,2012,2,0,0,TRUE
09779194,2013,3,0,0,TRUE
09779194,2014,3,0,99.45,TRUE
09779196,2010,2,NA,0,TRUE
09779196,2011,2,0,0,TRUE
09779196,2012,2,0,0,TRUE
09779196,2013,3,0,0,TRUE
09779196,2014,3,0,100,TRUE
09779197,2010,2,NA,0,TRUE
09779197,2011,2,0,0,TRUE
09779197,2012,2,0,0,TRUE
09779197,2013,3,0,0,TRUE
09779197,2014,3,0,99.96,TRUE
09779198,2010,2,NA,0,TRUE
09779198,2011,2,0,0,TRUE
09779198,2012,2,0,0,TRUE
09779198,2013,3,0,0,TRUE
09779198,2014,3,0,100,TRUE
09779201,2010,2,NA,0,TRUE
09779201,2011,2,0,0,TRUE
09779201,2012,2,0,0,TRUE
09779201,2013,3,0,0,TRUE
09779201,2014,3,0,96.52,TRUE
09779203,2010,2,NA,0,TRUE
09779203,2011,2,0,0,TRUE
09779203,2012,2,0,0,TRUE
09779203,2013,3,0,0,TRUE
09779203,2014,3,0,99.62,TRUE
09779206,2010,2,NA,0,TRUE
09779206,2011,2,0,0,TRUE
09779206,2012,2,0,0,TRUE
09779206,2013,3,0,0,TRUE
09779206,2014,3,0,100,TRUE
09779217,2010,2,NA,0,TRUE
09779217,2011,2,0,0,TRUE
09779217,2012,2,0,0,TRUE
09779217,2013,3,0,0,TRUE
09779217,2014,3,0,99.77,TRUE
09779218,2010,2,NA,0,TRUE
09779218,2011,2,0,0,TRUE
09779218,2012,2,0,0,TRUE
09779218,2013,3,0,0,TRUE
09779218,2014,3,0,99.82,TRUE
09779224,2010,2,NA,0,TRUE
09779224,2011,2,0,0,TRUE
09779224,2012,2,0,0,TRUE
09779224,2013,3,0,0,TRUE
09779224,2014,3,0,100,TRUE
09779226,2010,2,NA,0,TRUE
09779226,2011,2,0,0,TRUE
09779226,2012,2,0,0,TRUE
09779226,2013,3,0,0,TRUE
09779226,2014,3,0,100,TRUE
09779228,2010,2,NA,0,TRUE
09779228,2011,2,0,0,TRUE
09779228,2012,2,0,0,TRUE
09779228,2013,3,0,0,TRUE
09779228,2014,3,0,100,TRUE
09779231,2010,2,NA,0,TRUE
09779231,2011,2,0,0,TRUE
09779231,2012,2,0,0,TRUE
09779231,2013,3,0,0,TRUE
09779231,2014,3,0,100,TRUE
09779444,2010,2,NA,0,TRUE
09779444,2011,2,0,0,TRUE
09779444,2012,2,0,0,TRUE
09779444,2013,3,0,0,TRUE
09779444,2014,3,0,0,TRUE
09779444,2015,3,0,0,FALSE
09779444,2016,3,0,0,FALSE
09779444,2017,3,0,0,FALSE
09779444,2018,3,0,NA,FALSE
09779452,2018,74,NA,0,FALSE
09779452,2019,74,0,0,FALSE
09779452,2020,38,0,0,FALSE
09779452,2021,38,0,NA,FALSE
09779453,2018,74,NA,0,FALSE
09779453,2019,74,0,0,FALSE
09779453,2020,38,0,0,FALSE
09779453,2021,38,0,NA,FALSE
09780112,2010,2,NA,0,TRUE
09780112,2011,2,0,0,TRUE
09780112,2012,2,0,0,TRUE
09780112,2013,3,0,0,TRUE
09780112,2014,3,0,99.32,TRUE
09780113,2010,2,NA,0,TRUE
09780113,2011,2,0,0,TRUE
09780113,2012,2,0,0,TRUE
09780113,2013,3,0,0,TRUE
09780113,2014,3,0,97.22,TRUE
09780114,2010,2,NA,0,TRUE
09780114,2011,2,0,0,TRUE
09780114,2012,2,0,0,TRUE
09780114,2013,3,0,0,TRUE
09780114,2014,3,0,98.69,TRUE
09780115,2010,2,NA,0,TRUE
09780115,2011,2,0,0,TRUE
09780115,2012,2,0,0,TRUE
09780115,2013,3,0,0,TRUE
09780115,2014,3,0,100,TRUE
09780116,2010,2,NA,0,TRUE
09780116,2011,2,0,0,TRUE
09780116,2012,2,0,0,TRUE
09780116,2013,3,0,0,TRUE
09780116,2014,3,0,99.78,TRUE
09780117,2010,2,NA,0,TRUE
09780117,2011,2,0,0,TRUE
09780117,2012,2,0,0,TRUE
09780117,2013,3,0,0,TRUE
09780117,2014,3,0,98.19,TRUE
09780118,2010,2,NA,0,TRUE
09780118,2011,2,0,0,TRUE
09780118,2012,2,0,0,TRUE
09780118,2013,3,0,0,TRUE
09780118,2014,3,0,100,TRUE
09780119,2010,2,NA,0,TRUE
09780119,2011,2,0,0,TRUE
09780119,2012,2,0,0,TRUE
09780119,2013,3,0,0,TRUE
09780119,2014,3,0,99.26,TRUE
09780120,2010,2,NA,0,TRUE
09780120,2011,2,0,0,TRUE
09780120,2012,2,0,0,TRUE
09780120,2013,3,0,0,TRUE
09780120,2014,3,0,100,TRUE
09780121,2010,2,NA,0,TRUE
09780121,2011,2,0,0,TRUE
09780121,2012,2,0,0,TRUE
09780121,2013,3,0,0,TRUE
09780121,2014,3,0,100,TRUE
09780122,2010,2,NA,0,TRUE
09780122,2011,2,0,0,TRUE
09780122,2012,2,0,0,TRUE
09780122,2013,3,0,0,TRUE
09780122,2014,3,0,100,TRUE
09780123,2010,2,NA,0,TRUE
09780123,2011,2,0,0,TRUE
09780123,2012,2,0,0,TRUE
09780123,2013,3,0,0,TRUE
09780123,2014,3,0,93.1,TRUE
09780124,2010,2,NA,0,TRUE
09780124,2011,2,0,0,TRUE
09780124,2012,2,0,0,TRUE
09780124,2013,3,0,0,TRUE
09780124,2014,3,0,99.85,TRUE
09780125,2010,2,NA,0,TRUE
09780125,2011,2,0,0,TRUE
09780125,2012,2,0,0,TRUE
09780125,2013,3,0,0,TRUE
09780125,2014,3,0,100,TRUE
09780127,2010,2,NA,0,TRUE
09780127,2011,2,0,0,TRUE
09780127,2012,2,0,0,TRUE
09780127,2013,3,0,0,TRUE
09780127,2014,3,0,100,TRUE
09780128,2010,2,NA,0,TRUE
09780128,2011,2,0,0,TRUE
09780128,2012,2,0,0,TRUE
09780128,2013,3,0,0,TRUE
09780128,2014,3,0,99.89,TRUE
09780131,2010,2,NA,0,TRUE
09780131,2011,2,0,0,TRUE
09780131,2012,2,0,0,TRUE
09780131,2013,3,0,0,TRUE
09780131,2014,3,0,99.76,TRUE
09780132,2010,2,NA,0,TRUE
09780132,2011,2,0,0,TRUE
09780132,2012,2,0,0,TRUE
09780132,2013,3,0,0,TRUE
09780132,2014,3,0,95.6,TRUE
09780133,2010,2,NA,0,TRUE
09780133,2011,2,0,0,TRUE
09780133,2012,2,0,0,TRUE
09780133,2013,3,0,0,TRUE
09780133,2014,3,0,97.14,TRUE
09780134,2010,2,NA,0,TRUE
09780134,2011,2,0,0,TRUE
09780134,2012,2,0,0,TRUE
09780134,2013,3,0,0,TRUE
09780134,2014,3,0,100,TRUE
09780137,2010,2,NA,0,TRUE
09780137,2011,2,0,0,TRUE
09780137,2012,2,0,0,TRUE
09780137,2013,3,0,0,TRUE
09780137,2014,3,0,97.83,TRUE
09780139,2010,2,NA,0,TRUE
09780139,2011,2,0,0,TRUE
09780139,2012,2,0,0,TRUE
09780139,2013,3,0,0,TRUE
09780139,2014,3,0,100,TRUE
09780140,2010,2,NA,0,TRUE
09780140,2011,2,0,0,TRUE
09780140,2012,2,0,0,TRUE
09780140,2013,3,0,0,TRUE
09780140,2014,3,0,100,TRUE
09780143,2010,2,NA,0,TRUE
09780143,2011,2,0,0,TRUE
09780143,2012,2,0,0,TRUE
09780143,2013,3,0,0,TRUE
09780143,2014,3,0,99.9,TRUE
09780144,2010,2,NA,0,TRUE
09780144,2011,2,0,0,TRUE
09780144,2012,2,0,0,TRUE
09780144,2013,3,0,0,TRUE
09780144,2014,3,0,99.91,TRUE
09780145,2010,2,NA,0,TRUE
09780145,2011,2,0,0,TRUE
09780145,2012,2,0,0,TRUE
09780145,2013,3,0,0,TRUE
09780145,2014,3,0,100,TRUE
09780146,2010,2,NA,0,TRUE
09780146,2011,2,0,0,TRUE
09780146,2012,2,0,0,TRUE
09780146,2013,3,0,0,TRUE
09780146,2014,3,0,99.85,TRUE
09780147,2010,2,NA,0,TRUE
09780147,2011,2,0,0,TRUE
09780147,2012,2,0,0,TRUE
09780147,2013,3,0,0,TRUE
09780147,2014,3,0,99.91,TRUE
09780444,2010,2,NA,0,TRUE
09780444,2011,2,0,0,TRUE
09780444,2012,2,0,0,TRUE
09780444,2013,3,0,0,TRUE
09780444,2014,3,0,0,TRUE
09780444,2015,3,0,0,FALSE
09780444,2016,3,0,0,FALSE
09780444,2017,3,0,0,FALSE
09780444,2018,3,0,NA,FALSE
09780451,2018,74,NA,0,FALSE
09780451,2019,74,0,0,FALSE
09780451,2020,38,0,0,FALSE
09780451,2021,38,0,NA,FALSE
10041100,2010,2,NA,0,TRUE
10041100,2011,2,0,0,TRUE
10041100,2012,2,0,0,TRUE
10041100,2013,3,0,0,TRUE
10041100,2014,3,0,99.95,TRUE
10041511,2010,2,NA,0,TRUE
10041511,2011,2,0,0,TRUE
10041511,2012,2,0,0,TRUE
10041511,2013,3,0,0,TRUE
10041511,2014,3,0,100,TRUE
10041512,2010,2,NA,0,TRUE
10041512,2011,2,0,0,TRUE
10041512,2012,2,0,0,TRUE
10041512,2013,3,0,0,TRUE
10041512,2014,3,0,95.92,TRUE
10041513,2010,2,NA,0,TRUE
10041513,2011,2,0,0,TRUE
10041513,2012,2,0,0,TRUE
10041513,2013,3,0,0,TRUE
10041513,2014,3,0,99.96,TRUE
10041514,2010,2,NA,0,TRUE
10041514,2011,2,0,0,TRUE
10041514,2012,2,0,0,TRUE
10041514,2013,3,0,0,TRUE
10041514,2014,3,0,99.83,TRUE
10041515,2010,2,NA,0,TRUE
10041515,2011,2,0,0,TRUE
10041515,2012,2,0,0,TRUE
10041515,2013,3,0,0,TRUE
10041515,2014,3,0,99.98,TRUE
10041516,2010,2,NA,0,TRUE
10041516,2011,2,0,0,TRUE
10041516,2012,2,0,0,TRUE
10041516,2013,3,0,0,TRUE
10041516,2014,3,0,99.99,TRUE
10041517,2010,2,NA,0,TRUE
10041517,2011,2,0,0,TRUE
10041517,2012,2,0,0,TRUE
10041517,2013,3,0,0,TRUE
10041517,2014,3,0,100,TRUE
10041518,2010,2,NA,0,TRUE
10041518,2011,2,0,0,TRUE
10041518,2012,2,0,0,TRUE
10041518,2013,3,0,0,TRUE
10041518,2014,3,0,100,TRUE
10041519,2010,2,NA,0,TRUE
10041519,2011,2,0,0,TRUE
10041519,2012,2,0,0,TRUE
10041519,2013,3,0,0,TRUE
10041519,2014,3,0,99.99,TRUE
10042111,2010,2,NA,0,TRUE
10042111,2011,2,0,0,TRUE
10042111,2012,2,0,0,TRUE
10042111,2013,3,0,0,TRUE
10042111,2014,3,0,100,TRUE
10042112,2010,2,NA,0,TRUE
10042112,2011,2,0,0,TRUE
10042112,2012,2,0,0,TRUE
10042112,2013,3,0,0,TRUE
10042112,2014,3,0,99.61,TRUE
10042113,2010,2,NA,0,TRUE
10042113,2011,2,0,0,TRUE
10042113,2012,2,0,0,TRUE
10042113,2013,3,0,0,TRUE
10042113,2014,3,0,99.86,TRUE
10042114,2010,2,NA,0,TRUE
10042114,2011,2,0,0,TRUE
10042114,2012,2,0,0,TRUE
10042114,2013,3,0,0,TRUE
10042114,2014,3,0,99.21,TRUE
10042115,2010,2,NA,0,TRUE
10042115,2011,2,0,0,TRUE
10042115,2012,2,0,0,TRUE
10042115,2013,3,0,0,TRUE
10042115,2014,3,0,98.45,TRUE
10042116,2010,2,NA,0,TRUE
10042116,2011,2,0,0,TRUE
10042116,2012,2,0,0,TRUE
10042116,2013,3,0,0,TRUE
10042116,2014,3,0,99.6,TRUE
10042117,2010,2,NA,0,TRUE
10042117,2011,2,0,0,TRUE
10042117,2012,2,0,0,TRUE
10042117,2013,3,0,0,TRUE
10042117,2014,3,0,99.96,TRUE
10043111,2010,2,NA,0,TRUE
10043111,2011,2,0,0,TRUE
10043111,2012,2,0,0,TRUE
10043111,2013,3,0,0,TRUE
10043111,2014,3,0,99.73,TRUE
10043112,2010,2,NA,0,TRUE
10043112,2011,2,0,0,TRUE
10043112,2012,2,0,0,TRUE
10043112,2013,3,0,0,TRUE
10043112,2014,3,0,99.99,TRUE
10043113,2010,2,NA,0,TRUE
10043113,2011,2,0,0,TRUE
10043113,2012,2,0,0,TRUE
10043113,2013,3,0,0,TRUE
10043113,2014,3,0,100,TRUE
10043114,2010,2,NA,0,TRUE
10043114,2011,2,0,0,TRUE
10043114,2012,2,0,0,TRUE
10043114,2013,3,0,0,TRUE
10043114,2014,3,0,100,TRUE
10043115,2010,2,NA,0,TRUE
10043115,2011,2,0,0,TRUE
10043115,2012,2,0,0,TRUE
10043115,2013,3,0,0,TRUE
10043115,2014,3,0,99.96,TRUE
10043116,2010,2,NA,0,TRUE
10043116,2011,2,0,0,TRUE
10043116,2012,2,0,0,TRUE
10043116,2013,3,0,0,TRUE
10043116,2014,3,0,99.99,TRUE
10043117,2010,2,NA,0,TRUE
10043117,2011,2,0,0,TRUE
10043117,2012,2,0,0,TRUE
10043117,2013,3,0,0,TRUE
10043117,2014,3,0,100,TRUE
10044111,2010,2,NA,0,TRUE
10044111,2011,2,0,0,TRUE
10044111,2012,2,0,0,TRUE
10044111,2013,3,0,0,TRUE
10044111,2014,3,0,100,TRUE
10044112,2010,2,NA,0,TRUE
10044112,2011,2,0,0,TRUE
10044112,2012,2,0,0,TRUE
10044112,2013,3,0,0,TRUE
10044112,2014,3,0,99.97,TRUE
10044113,2010,2,NA,0,TRUE
10044113,2011,2,0,0,TRUE
10044113,2012,2,0,0,TRUE
10044113,2013,3,0,0,TRUE
10044113,2014,3,0,100,TRUE
10044114,2010,2,NA,0,TRUE
10044114,2011,2,0,0,TRUE
10044114,2012,2,0,0,TRUE
10044114,2013,3,0,0,TRUE
10044114,2014,3,0,98.71,TRUE
10044115,2010,2,NA,0,TRUE
10044115,2011,2,0,0,TRUE
10044115,2012,2,0,0,TRUE
10044115,2013,3,0,0,TRUE
10044115,2014,3,0,100,TRUE
10044116,2010,2,NA,0,TRUE
10044116,2011,2,0,0,TRUE
10044116,2012,2,0,0,TRUE
10044116,2013,3,0,0,TRUE
10044116,2014,3,0,99.96,TRUE
10044117,2010,2,NA,0,TRUE
10044117,2011,2,0,0,TRUE
10044117,2012,2,0,0,TRUE
10044117,2013,3,0,0,TRUE
10044117,2014,3,0,99.91,TRUE
10044118,2010,2,NA,0,TRUE
10044118,2011,2,0,0,TRUE
10044118,2012,2,0,0,TRUE
10044118,2013,3,0,0,TRUE
10044118,2014,3,0,100,TRUE
10044119,2010,2,NA,0,TRUE
10044119,2011,2,0,0,TRUE
10044119,2012,2,0,0,TRUE
10044119,2013,3,0,0,TRUE
10044119,2014,3,0,99.94,TRUE
10044120,2010,2,NA,0,TRUE
10044120,2011,2,0,0,TRUE
10044120,2012,2,0,0,TRUE
10044120,2013,3,0,0,TRUE
10044120,2014,3,0,99.98,TRUE
10044121,2010,2,NA,0,TRUE
10044121,2011,2,0,0,TRUE
10044121,2012,2,0,0,TRUE
10044121,2013,3,0,0,TRUE
10044121,2014,3,0,99.86,TRUE
10044122,2010,2,NA,0,TRUE
10044122,2011,2,0,0,TRUE
10044122,2012,2,0,0,TRUE
10044122,2013,3,0,0,TRUE
10044122,2014,3,0,100,TRUE
10044123,2010,2,NA,0,TRUE
10044123,2011,2,0,0,TRUE
10044123,2012,2,0,0,TRUE
10044123,2013,3,0,0,TRUE
10044123,2014,3,0,100,TRUE
10045111,2010,2,NA,0,TRUE
10045111,2011,2,0,0,TRUE
10045111,2012,2,0,0,TRUE
10045111,2013,3,0,0,TRUE
10045111,2014,3,0,100,TRUE
10045112,2010,2,NA,0,TRUE
10045112,2011,2,0,0,TRUE
10045112,2012,2,0,0,TRUE
10045112,2013,3,0,0,TRUE
10045112,2014,3,0,98.42,TRUE
10045113,2010,2,NA,0,TRUE
10045113,2011,2,0,0,TRUE
10045113,2012,2,0,0,TRUE
10045113,2013,3,0,0,TRUE
10045113,2014,3,0,98.06,TRUE
10045114,2010,2,NA,0,TRUE
10045114,2011,2,0,0,TRUE
10045114,2012,2,0,0,TRUE
10045114,2013,3,0,0,TRUE
10045114,2014,3,0,99.95,TRUE
10045115,2010,2,NA,0,TRUE
10045115,2011,2,0,0,TRUE
10045115,2012,2,0,0,TRUE
10045115,2013,3,0,0,TRUE
10045115,2014,3,0,100,TRUE
10045116,2010,2,NA,0,TRUE
10045116,2011,2,0,0,TRUE
10045116,2012,2,0,0,TRUE
10045116,2013,3,0,0,TRUE
10045116,2014,3,0,99.86,TRUE
10045117,2010,2,NA,0,TRUE
10045117,2011,2,0,0,TRUE
10045117,2012,2,0,0,TRUE
10045117,2013,3,0,0,TRUE
10045117,2014,3,0,99.99,TRUE
10046111,2010,2,NA,0,TRUE
10046111,2011,2,0,0,TRUE
10046111,2012,2,0,0,TRUE
10046111,2013,3,0,0,TRUE
10046111,2014,3,0,100,TRUE
10046112,2010,2,NA,0,TRUE
10046112,2011,2,0,0,TRUE
10046112,2012,2,0,0,TRUE
10046112,2013,3,0,0,TRUE
10046112,2014,3,0,99.73,TRUE
10046113,2010,2,NA,0,TRUE
10046113,2011,2,0,0,TRUE
10046113,2012,2,0,0,TRUE
10046113,2013,3,0,0,TRUE
10046113,2014,3,0,100,TRUE
10046114,2010,2,NA,0,TRUE
10046114,2011,2,0,0,TRUE
10046114,2012,2,0,0,TRUE
10046114,2013,3,0,0,TRUE
10046114,2014,3,0,100,TRUE
10046115,2010,2,NA,0,TRUE
10046115,2011,2,0,0,TRUE
10046115,2012,2,0,0,TRUE
10046115,2013,3,0,0,TRUE
10046115,2014,3,0,99.71,TRUE
10046116,2010,2,NA,0,TRUE
10046116,2011,2,0,0,TRUE
10046116,2012,2,0,0,TRUE
10046116,2013,3,0,0,TRUE
10046116,2014,3,0,100,TRUE
10046117,2010,2,NA,0,TRUE
10046117,2011,2,0,0,TRUE
10046117,2012,2,0,0,TRUE
10046117,2013,3,0,0,TRUE
10046117,2014,3,0,99.42,TRUE
10046118,2010,2,NA,0,TRUE
10046118,2011,2,0,0,TRUE
10046118,2012,2,0,0,TRUE
10046118,2013,3,0,0,TRUE
10046118,2014,3,0,99.98,TRUE
10942115,2018,42,NA,0,FALSE
10942115,2019,42,0,NA,FALSE
11000000,2010,2,NA,0,TRUE
11000000,2011,2,0,0,TRUE
11000000,2012,2,0,0,TRUE
11000000,2013,3,0,0,TRUE
11000000,2014,3,0,100,TRUE
12051000,2010,2,NA,0,TRUE
12051000,2011,2,0,0,TRUE
12051000,2012,2,0,0,TRUE
12051000,2013,3,0,0,TRUE
12051000,2014,3,0,99.94,TRUE
12052000,2010,2,NA,0,TRUE
12052000,2011,2,0,0,TRUE
12052000,2012,2,0,0,TRUE
12052000,2013,3,0,0,TRUE
12052000,2014,3,0,99.98,TRUE
12053000,2010,2,NA,0,TRUE
12053000,2011,2,0,0,TRUE
12053000,2012,2,0,0,TRUE
12053000,2013,3,0,0,TRUE
12053000,2014,3,0,99.64,TRUE
12054000,2010,2,NA,0,TRUE
12054000,2011,2,0,0,TRUE
12054000,2012,2,0,0,TRUE
12054000,2013,3,0,0,TRUE
12054000,2014,3,0,100,TRUE
12060005,2010,2,NA,0,TRUE
12060005,2011,2,0,0,TRUE
12060005,2012,2,0,0,TRUE
12060005,2013,3,0,0,TRUE
12060005,2014,3,0,100,TRUE
12060012,2010,2,NA,0,TRUE
12060012,2011,2,0,0,TRUE
12060012,2012,2,0,0,TRUE
12060012,2013,3,0,0,TRUE
12060012,2014,3,0,99.74,TRUE
12060020,2010,2,NA,0,TRUE
12060020,2011,2,0,0,TRUE
12060020,2012,2,0,0,TRUE
12060020,2013,3,0,0,TRUE
12060020,2014,3,0,99.99,TRUE
12060024,2010,2,NA,0,TRUE
12060024,2011,2,0,0,TRUE
12060024,2012,2,0,0,TRUE
12060024,2013,3,0,0,TRUE
12060024,2014,3,0,100,TRUE
12060034,2010,2,NA,0,TRUE
12060034,2011,2,0,0,TRUE
12060034,2012,2,0,0,TRUE
12060034,2013,3,0,0,TRUE
12060034,2014,3,0,99.74,TRUE
12060036,2010,2,NA,0,TRUE
12060036,2011,2,0,0,TRUE
12060036,2012,2,0,0,TRUE
12060036,2013,3,0,0,TRUE
12060036,2014,3,0,99.71,TRUE
12060045,2010,2,NA,0,TRUE
12060045,2011,2,0,0,TRUE
12060045,2012,2,0,0,TRUE
12060045,2013,3,0,0,TRUE
12060045,2014,3,0,61.77,TRUE
12060052,2010,2,NA,0,TRUE
12060052,2011,2,0,0,TRUE
12060052,2012,2,0,0,TRUE
12060052,2013,3,0,0,TRUE
12060052,2014,3,0,99.99,TRUE
12060068,2010,2,NA,0,TRUE
12060068,2011,2,0,0,TRUE
12060068,2012,2,0,0,TRUE
12060068,2013,3,0,0,TRUE
12060068,2014,3,0,96.46,TRUE
12060092,2010,2,NA,0,TRUE
12060092,2011,2,0,0,TRUE
12060092,2012,2,0,0,TRUE
12060092,2013,3,0,0,TRUE
12060092,2014,3,0,99,TRUE
12060100,2010,2,NA,0,TRUE
12060100,2011,2,0,0,TRUE
12060100,2012,2,0,0,TRUE
12060100,2013,3,0,0,TRUE
12060100,2014,3,0,98.26,TRUE
12060128,2010,2,NA,0,TRUE
12060128,2011,2,0,0,TRUE
12060128,2012,2,0,0,TRUE
12060128,2013,3,0,0,TRUE
12060128,2014,3,0,99.73,TRUE
12060149,2010,2,NA,0,TRUE
12060149,2011,2,0,0,TRUE
12060149,2012,2,0,0,TRUE
12060149,2013,3,0,0,TRUE
12060149,2014,3,0,8.73,TRUE
12060154,2010,2,NA,0,TRUE
12060154,2011,2,0,0,TRUE
12060154,2012,2,0,0,TRUE
12060154,2013,3,0,0,TRUE
12060154,2014,3,0,94.96,TRUE
12060161,2010,2,NA,0,TRUE
12060161,2011,2,0,0,TRUE
12060161,2012,2,0,0,TRUE
12060161,2013,3,0,0,TRUE
12060161,2014,3,0,99.74,TRUE
12060172,2010,2,NA,0,TRUE
12060172,2011,2,0,0,TRUE
12060172,2012,2,0,0,TRUE
12060172,2013,3,0,0,TRUE
12060172,2014,3,0,97.93,TRUE
12060176,2010,2,NA,0,TRUE
12060176,2011,2,0,0,TRUE
12060176,2012,2,0,0,TRUE
12060176,2013,3,0,0,TRUE
12060176,2014,3,0,99.65,TRUE
12060181,2010,2,NA,0,TRUE
12060181,2011,2,0,0,TRUE
12060181,2012,2,0,0,TRUE
12060181,2013,3,0,0,TRUE
12060181,2014,3,0,100,TRUE
12060185,2010,2,NA,0,TRUE
12060185,2011,2,0,0,TRUE
12060185,2012,2,0,0,TRUE
12060185,2013,3,0,0,TRUE
12060185,2014,3,0,48.48,TRUE
12060192,2010,2,NA,0,TRUE
12060192,2011,2,0,0,TRUE
12060192,2012,2,0,0,TRUE
12060192,2013,3,0,0,TRUE
12060192,2014,3,0,100,TRUE
12060198,2010,2,NA,0,TRUE
12060198,2011,2,0,0,TRUE
12060198,2012,2,0,0,TRUE
12060198,2013,3,0,0,TRUE
12060198,2014,3,0,99.62,TRUE
12060250,2010,2,NA,0,TRUE
12060250,2011,2,0,0,TRUE
12060250,2012,2,0,0,TRUE
12060250,2013,3,0,0,TRUE
12060250,2014,3,0,100,TRUE
12060269,2010,2,NA,0,TRUE
12060269,2011,2,0,0,TRUE
12060269,2012,2,0,0,TRUE
12060269,2013,3,0,0,TRUE
12060269,2014,3,0,99.99,TRUE
12060280,2010,2,NA,0,TRUE
12060280,2011,2,0,0,TRUE
12060280,2012,2,0,0,TRUE
12060280,2013,3,0,0,TRUE
12060280,2014,3,0,94.92,TRUE
12060296,2010,2,NA,0,TRUE
12060296,2011,2,0,0,TRUE
12060296,2012,2,0,0,TRUE
12060296,2013,3,0,0,TRUE
12060296,2014,3,0,85.33,TRUE
12061005,2010,2,NA,0,TRUE
12061005,2011,2,0,0,TRUE
12061005,2012,2,0,0,TRUE
12061005,2013,3,0,0,TRUE
12061005,2014,3,0,94.81,TRUE
12061017,2010,2,NA,0,TRUE
12061017,2011,2,0,0,TRUE
12061017,2012,2,0,0,TRUE
12061017,2013,3,0,0,TRUE
12061017,2014,3,0,98.38,TRUE
12061020,2010,2,NA,0,TRUE
12061020,2011,2,0,0,TRUE
12061020,2012,2,0,0,TRUE
12061020,2013,3,0,0,TRUE
12061020,2014,3,0,100,TRUE
12061061,2010,2,NA,0,TRUE
12061061,2011,2,0,0,TRUE
12061061,2012,2,0,0,TRUE
12061061,2013,3,0,0,TRUE
12061061,2014,3,0,84.18,TRUE
12061097,2010,2,NA,0,TRUE
12061097,2011,2,0,0,TRUE
12061097,2012,2,0,0,TRUE
12061097,2013,3,0,0,TRUE
12061097,2014,3,0,100,TRUE
12061112,2010,2,NA,0,TRUE
12061112,2011,2,0,0,TRUE
12061112,2012,2,0,0,TRUE
12061112,2013,3,0,0,TRUE
12061112,2014,3,0,100,TRUE
12061164,2010,2,NA,0,TRUE
12061164,2011,2,0,0,TRUE
12061164,2012,2,0,0,TRUE
12061164,2013,3,0,0,TRUE
12061164,2014,3,0,99.75,TRUE
12061192,2010,2,NA,0,TRUE
12061192,2011,2,0,0,TRUE
12061192,2012,2,0,0,TRUE
12061192,2013,3,0,0,TRUE
12061192,2014,3,0,100,TRUE
12061216,2010,2,NA,0,TRUE
12061216,2011,2,0,0,TRUE
12061216,2012,2,0,0,TRUE
12061216,2013,3,0,0,TRUE
12061216,2014,3,0,93.33,TRUE
12061217,2010,2,NA,0,TRUE
12061217,2011,2,0,0,TRUE
12061217,2012,2,0,0,TRUE
12061217,2013,3,0,0,TRUE
12061217,2014,3,0,100,TRUE
12061219,2010,2,NA,0,TRUE
12061219,2011,2,0,0,TRUE
12061219,2012,2,0,0,TRUE
12061219,2013,3,0,0,TRUE
12061219,2014,3,0,99.84,TRUE
12061224,2010,2,NA,0,TRUE
12061224,2011,2,0,0,TRUE
12061224,2012,2,0,0,TRUE
12061224,2013,3,0,0,TRUE
12061224,2014,3,0,77.55,TRUE
12061244,2010,2,NA,0,TRUE
12061244,2011,2,0,0,TRUE
12061244,2012,2,0,0,TRUE
12061244,2013,3,0,0,TRUE
12061244,2014,3,0,96.46,TRUE
12061260,2010,2,NA,0,TRUE
12061260,2011,2,0,0,TRUE
12061260,2012,2,0,0,TRUE
12061260,2013,3,0,0,TRUE
12061260,2014,3,0,100,TRUE
12061265,2010,2,NA,0,TRUE
12061265,2011,2,0,0,TRUE
12061265,2012,2,0,0,TRUE
12061265,2013,3,0,0,TRUE
12061265,2014,3,0,71.53,TRUE
12061308,2010,2,NA,0,TRUE
12061308,2011,2,0,0,TRUE
12061308,2012,2,0,0,TRUE
12061308,2013,3,0,0,TRUE
12061308,2014,3,0,99.03,TRUE
12061316,2010,2,NA,0,TRUE
12061316,2011,2,0,0,TRUE
12061316,2012,2,0,0,TRUE
12061316,2013,3,0,0,TRUE
12061316,2014,3,0,100,TRUE
12061320,2010,2,NA,0,TRUE
12061320,2011,2,0,0,TRUE
12061320,2012,2,0,0,TRUE
12061320,2013,3,0,0,TRUE
12061320,2014,3,0,100,TRUE
12061328,2010,2,NA,0,TRUE
12061328,2011,2,0,0,TRUE
12061328,2012,2,0,0,TRUE
12061328,2013,3,0,0,TRUE
12061328,2014,3,0,92.86,TRUE
12061329,2010,2,NA,0,TRUE
12061329,2011,2,0,0,TRUE
12061329,2012,2,0,0,TRUE
12061329,2013,3,0,0,TRUE
12061329,2014,3,0,83.65,TRUE
12061332,2010,2,NA,0,TRUE
12061332,2011,2,0,0,TRUE
12061332,2012,2,0,0,TRUE
12061332,2013,3,0,0,TRUE
12061332,2014,3,0,99.98,TRUE
12061344,2010,2,NA,0,TRUE
12061344,2011,2,0,0,TRUE
12061344,2012,2,0,0,TRUE
12061344,2013,3,0,0,TRUE
12061344,2014,3,0,93.7,TRUE
12061352,2010,2,NA,0,TRUE
12061352,2011,2,0,0,TRUE
12061352,2012,2,0,0,TRUE
12061352,2013,3,0,0,TRUE
12061352,2014,3,0,95.63,TRUE
12061405,2010,2,NA,0,TRUE
12061405,2011,2,0,0,TRUE
12061405,2012,2,0,0,TRUE
12061405,2013,3,0,0,TRUE
12061405,2014,3,0,100,TRUE
12061428,2010,2,NA,0,TRUE
12061428,2011,2,0,0,TRUE
12061428,2012,2,0,0,TRUE
12061428,2013,3,0,0,TRUE
12061428,2014,3,0,100,TRUE
12061433,2010,2,NA,0,TRUE
12061433,2011,2,0,0,TRUE
12061433,2012,2,0,0,TRUE
12061433,2013,3,0,0,TRUE
12061433,2014,3,0,100,TRUE
12061435,2010,2,NA,0,TRUE
12061435,2011,2,0,0,TRUE
12061435,2012,2,0,0,TRUE
12061435,2013,3,0,0,TRUE
12061435,2014,3,0,99.65,TRUE
12061444,2010,2,NA,0,TRUE
12061444,2011,2,0,0,TRUE
12061444,2012,2,0,0,TRUE
12061444,2013,3,0,0,TRUE
12061444,2014,3,0,100,TRUE
12061448,2010,2,NA,0,TRUE
12061448,2011,2,0,0,TRUE
12061448,2012,2,0,0,TRUE
12061448,2013,3,0,0,TRUE
12061448,2014,3,0,100,TRUE
12061450,2010,2,NA,0,TRUE
12061450,2011,2,0,0,TRUE
12061450,2012,2,0,0,TRUE
12061450,2013,3,0,0,TRUE
12061450,2014,3,0,97.81,TRUE
12061470,2010,2,NA,0,TRUE
12061470,2011,2,0,0,TRUE
12061470,2012,2,0,0,TRUE
12061470,2013,3,0,0,TRUE
12061470,2014,3,0,89.8,TRUE
12061471,2010,2,NA,0,TRUE
12061471,2011,2,0,0,TRUE
12061471,2012,2,0,0,TRUE
12061471,2013,3,0,0,TRUE
12061471,2014,3,0,99.29,TRUE
12061476,2010,2,NA,0,TRUE
12061476,2011,2,0,0,TRUE
12061476,2012,2,0,0,TRUE
12061476,2013,3,0,0,TRUE
12061476,2014,3,0,100,TRUE
12061492,2010,2,NA,0,TRUE
12061492,2011,2,0,0,TRUE
12061492,2012,2,0,0,TRUE
12061492,2013,3,0,0,TRUE
12061492,2014,3,0,99.9,TRUE
12061510,2010,2,NA,0,TRUE
12061510,2011,2,0,0,TRUE
12061510,2012,2,0,0,TRUE
12061510,2013,3,0,0,TRUE
12061510,2014,3,0,80.58,TRUE
12061540,2010,2,NA,0,TRUE
12061540,2011,2,0,0,TRUE
12061540,2012,2,0,0,TRUE
12061540,2013,3,0,0,TRUE
12061540,2014,3,0,100,TRUE
12061572,2010,2,NA,0,TRUE
12061572,2011,2,0,0,TRUE
12061572,2012,2,0,0,TRUE
12061572,2013,3,0,0,TRUE
12061572,2014,3,0,100,TRUE
12062024,2010,2,NA,0,TRUE
12062024,2011,2,0,0,TRUE
12062024,2012,2,0,0,TRUE
12062024,2013,3,0,0,TRUE
12062024,2014,3,0,99.82,TRUE
12062088,2010,2,NA,0,TRUE
12062088,2011,2,0,0,TRUE
12062088,2012,2,0,0,TRUE
12062088,2013,3,0,0,TRUE
12062088,2014,3,0,99.84,TRUE
12062092,2010,2,NA,0,TRUE
12062092,2011,2,0,0,TRUE
12062092,2012,2,0,0,TRUE
12062092,2013,3,0,0,TRUE
12062092,2014,3,0,99.86,TRUE
12062124,2010,2,NA,0,TRUE
12062124,2011,2,0,0,TRUE
12062124,2012,2,0,0,TRUE
12062124,2013,3,0,0,TRUE
12062124,2014,3,0,100,TRUE
12062128,2010,2,NA,0,TRUE
12062128,2011,2,0,0,TRUE
12062128,2012,2,0,0,TRUE
12062128,2013,3,0,0,TRUE
12062128,2014,3,0,99.75,TRUE
12062134,2010,2,NA,0,TRUE
12062134,2011,2,0,0,TRUE
12062134,2012,2,0,0,TRUE
12062134,2013,3,0,0,TRUE
12062134,2014,3,0,100,TRUE
12062140,2010,2,NA,0,TRUE
12062140,2011,2,0,0,TRUE
12062140,2012,2,0,0,TRUE
12062140,2013,3,0,0,TRUE
12062140,2014,3,0,99.93,TRUE
12062177,2010,2,NA,0,TRUE
12062177,2011,2,0,0,TRUE
12062177,2012,2,0,0,TRUE
12062177,2013,3,0,0,TRUE
12062177,2014,3,0,99.8,TRUE
12062196,2010,2,NA,0,TRUE
12062196,2011,2,0,0,TRUE
12062196,2012,2,0,0,TRUE
12062196,2013,3,0,0,TRUE
12062196,2014,3,0,100,TRUE
12062208,2010,2,NA,0,TRUE
12062208,2011,2,0,0,TRUE
12062208,2012,2,0,0,TRUE
12062208,2013,3,0,0,TRUE
12062208,2014,3,0,100,TRUE
12062219,2010,2,NA,0,TRUE
12062219,2011,2,0,0,TRUE
12062219,2012,2,0,0,TRUE
12062219,2013,3,0,0,TRUE
12062219,2014,3,0,98.23,TRUE
12062224,2010,2,NA,0,TRUE
12062224,2011,2,0,0,TRUE
12062224,2012,2,0,0,TRUE
12062224,2013,3,0,0,TRUE
12062224,2014,3,0,99.47,TRUE
12062232,2010,2,NA,0,TRUE
12062232,2011,2,0,0,TRUE
12062232,2012,2,0,0,TRUE
12062232,2013,3,0,0,TRUE
12062232,2014,3,0,100,TRUE
12062237,2010,2,NA,0,TRUE
12062237,2011,2,0,0,TRUE
12062237,2012,2,0,0,TRUE
12062237,2013,3,0,0,TRUE
12062237,2014,3,0,100,TRUE
12062240,2010,2,NA,0,TRUE
12062240,2011,2,0,0,TRUE
12062240,2012,2,0,0,TRUE
12062240,2013,3,0,0,TRUE
12062240,2014,3,0,100,TRUE
12062282,2010,2,NA,0,TRUE
12062282,2011,2,0,0,TRUE
12062282,2012,2,0,0,TRUE
12062282,2013,3,0,0,TRUE
12062282,2014,3,0,100,TRUE
12062289,2010,2,NA,0,TRUE
12062289,2011,2,0,0,TRUE
12062289,2012,2,0,0,TRUE
12062289,2013,3,0,0,TRUE
12062289,2014,3,0,100,TRUE
12062293,2010,2,NA,0,TRUE
12062293,2011,2,0,0,TRUE
12062293,2012,2,0,0,TRUE
12062293,2013,3,0,0,TRUE
12062293,2014,3,0,98.59,TRUE
12062333,2010,2,NA,0,TRUE
12062333,2011,2,0,0,TRUE
12062333,2012,2,0,0,TRUE
12062333,2013,3,0,0,TRUE
12062333,2014,3,0,99.71,TRUE
12062336,2010,2,NA,0,TRUE
12062336,2011,2,0,0,TRUE
12062336,2012,2,0,0,TRUE
12062336,2013,3,0,0,TRUE
12062336,2014,3,0,100,TRUE
12062341,2010,2,NA,0,TRUE
12062341,2011,2,0,0,TRUE
12062341,2012,2,0,0,TRUE
12062341,2013,3,0,0,TRUE
12062341,2014,3,0,99.95,TRUE
12062372,2010,2,NA,0,TRUE
12062372,2011,2,0,0,TRUE
12062372,2012,2,0,0,TRUE
12062372,2013,3,0,0,TRUE
12062372,2014,3,0,99.93,TRUE
12062410,2010,2,NA,0,TRUE
12062410,2011,2,0,0,TRUE
12062410,2012,2,0,0,TRUE
12062410,2013,3,0,0,TRUE
12062410,2014,3,0,100,TRUE
12062417,2010,2,NA,0,TRUE
12062417,2011,2,0,0,TRUE
12062417,2012,2,0,0,TRUE
12062417,2013,3,0,0,TRUE
12062417,2014,3,0,100,TRUE
12062425,2010,2,NA,0,TRUE
12062425,2011,2,0,0,TRUE
12062425,2012,2,0,0,TRUE
12062425,2013,3,0,0,TRUE
12062425,2014,3,0,97.91,TRUE
12062440,2010,2,NA,0,TRUE
12062440,2011,2,0,0,TRUE
12062440,2012,2,0,0,TRUE
12062440,2013,3,0,0,TRUE
12062440,2014,3,0,98.77,TRUE
12062445,2010,2,NA,0,TRUE
12062445,2011,2,0,0,TRUE
12062445,2012,2,0,0,TRUE
12062445,2013,3,0,0,TRUE
12062445,2014,3,0,100,TRUE
12062453,2010,2,NA,0,TRUE
12062453,2011,2,0,0,TRUE
12062453,2012,2,0,0,TRUE
12062453,2013,3,0,0,TRUE
12062453,2014,3,0,98.76,TRUE
12062461,2010,2,NA,0,TRUE
12062461,2011,2,0,0,TRUE
12062461,2012,2,0,0,TRUE
12062461,2013,3,0,0,TRUE
12062461,2014,3,0,96.71,TRUE
12062464,2010,2,NA,0,TRUE
12062464,2011,2,0,0,TRUE
12062464,2012,2,0,0,TRUE
12062464,2013,3,0,0,TRUE
12062464,2014,3,0,99.6,TRUE
12062469,2010,2,NA,0,TRUE
12062469,2011,2,0,0,TRUE
12062469,2012,2,0,0,TRUE
12062469,2013,3,0,0,TRUE
12062469,2014,3,0,99.82,TRUE
12062492,2010,2,NA,0,TRUE
12062492,2011,2,0,0,TRUE
12062492,2012,2,0,0,TRUE
12062492,2013,3,0,0,TRUE
12062492,2014,3,0,100,TRUE
12062500,2010,2,NA,0,TRUE
12062500,2011,2,0,0,TRUE
12062500,2012,2,0,0,TRUE
12062500,2013,3,0,0,TRUE
12062500,2014,3,0,98.35,TRUE
12063036,2010,2,NA,0,TRUE
12063036,2011,2,0,0,TRUE
12063036,2012,2,0,0,TRUE
12063036,2013,3,0,0,TRUE
12063036,2014,3,0,100,TRUE
12063056,2010,2,NA,0,TRUE
12063056,2011,2,0,0,TRUE
12063056,2012,2,0,0,TRUE
12063056,2013,3,0,0,TRUE
12063056,2014,3,0,100,TRUE
12063080,2010,2,NA,0,TRUE
12063080,2011,2,0,0,TRUE
12063080,2012,2,0,0,TRUE
12063080,2013,3,0,0,TRUE
12063080,2014,3,0,99.99,TRUE
12063088,2010,2,NA,0,TRUE
12063088,2011,2,0,0,TRUE
12063088,2012,2,0,0,TRUE
12063088,2013,3,0,0,TRUE
12063088,2014,3,0,99.44,TRUE
12063094,2010,2,NA,0,TRUE
12063094,2011,2,0,0,TRUE
12063094,2012,2,0,0,TRUE
12063094,2013,3,0,0,TRUE
12063094,2014,3,0,93.43,TRUE
12063112,2010,2,NA,0,TRUE
12063112,2011,2,0,0,TRUE
12063112,2012,2,0,0,TRUE
12063112,2013,3,0,0,TRUE
12063112,2014,3,0,97.67,TRUE
12063134,2010,2,NA,0,TRUE
12063134,2011,2,0,0,TRUE
12063134,2012,2,0,0,TRUE
12063134,2013,3,0,0,TRUE
12063134,2014,3,0,83.27,TRUE
12063142,2010,2,NA,0,TRUE
12063142,2011,2,0,0,TRUE
12063142,2012,2,0,0,TRUE
12063142,2013,3,0,0,TRUE
12063142,2014,3,0,100,TRUE
12063148,2010,2,NA,0,TRUE
12063148,2011,2,0,0,TRUE
12063148,2012,2,0,0,TRUE
12063148,2013,3,0,0,TRUE
12063148,2014,3,0,99.9,TRUE
12063161,2010,2,NA,0,TRUE
12063161,2011,2,0,0,TRUE
12063161,2012,2,0,0,TRUE
12063161,2013,3,0,0,TRUE
12063161,2014,3,0,60,TRUE
12063165,2010,2,NA,0,TRUE
12063165,2011,2,0,0,TRUE
12063165,2012,2,0,0,TRUE
12063165,2013,3,0,0,TRUE
12063165,2014,3,0,100,TRUE
12063186,2010,2,NA,0,TRUE
12063186,2011,2,0,0,TRUE
12063186,2012,2,0,0,TRUE
12063186,2013,3,0,0,TRUE
12063186,2014,3,0,90.32,TRUE
12063189,2010,2,NA,0,TRUE
12063189,2011,2,0,0,TRUE
12063189,2012,2,0,0,TRUE
12063189,2013,3,0,0,TRUE
12063189,2014,3,0,92.39,TRUE
12063202,2010,2,NA,0,TRUE
12063202,2011,2,0,0,TRUE
12063202,2012,2,0,0,TRUE
12063202,2013,3,0,0,TRUE
12063202,2014,3,0,100,TRUE
12063208,2010,2,NA,0,TRUE
12063208,2011,2,0,0,TRUE
12063208,2012,2,0,0,TRUE
12063208,2013,3,0,0,TRUE
12063208,2014,3,0,99.95,TRUE
12063212,2010,2,NA,0,TRUE
12063212,2011,2,0,0,TRUE
12063212,2012,2,0,0,TRUE
12063212,2013,3,0,0,TRUE
12063212,2014,3,0,94.29,TRUE
12063228,2010,2,NA,0,TRUE
12063228,2011,2,0,0,TRUE
12063228,2012,2,0,0,TRUE
12063228,2013,3,0,0,TRUE
12063228,2014,3,0,100,TRUE
12063240,2010,2,NA,0,TRUE
12063240,2011,2,0,0,TRUE
12063240,2012,2,0,0,TRUE
12063240,2013,3,0,0,TRUE
12063240,2014,3,0,100,TRUE
12063244,2010,2,NA,0,TRUE
12063244,2011,2,0,0,TRUE
12063244,2012,2,0,0,TRUE
12063244,2013,3,0,0,TRUE
12063244,2014,3,0,99.98,TRUE
12063252,2010,2,NA,0,TRUE
12063252,2011,2,0,0,TRUE
12063252,2012,2,0,0,TRUE
12063252,2013,3,0,0,TRUE
12063252,2014,3,0,99.99,TRUE
12063256,2010,2,NA,0,TRUE
12063256,2011,2,0,0,TRUE
12063256,2012,2,0,0,TRUE
12063256,2013,3,0,0,TRUE
12063256,2014,3,0,100,TRUE
12063260,2010,2,NA,0,TRUE
12063260,2011,2,0,0,TRUE
12063260,2012,2,0,0,TRUE
12063260,2013,3,0,0,TRUE
12063260,2014,3,0,100,TRUE
12063273,2010,2,NA,0,TRUE
12063273,2011,2,0,0,TRUE
12063273,2012,2,0,0,TRUE
12063273,2013,3,0,0,TRUE
12063273,2014,3,0,99.65,TRUE
12063274,2010,2,NA,0,TRUE
12063274,2011,2,0,0,TRUE
12063274,2012,2,0,0,TRUE
12063274,2013,3,0,0,TRUE
12063274,2014,3,0,99.76,TRUE
12063293,2010,2,NA,0,TRUE
12063293,2011,2,0,0,TRUE
12063293,2012,2,0,0,TRUE
12063293,2013,3,0,0,TRUE
12063293,2014,3,0,100,TRUE
12063357,2010,2,NA,0,TRUE
12063357,2011,2,0,0,TRUE
12063357,2012,2,0,0,TRUE
12063357,2013,3,0,0,TRUE
12063357,2014,3,0,100,TRUE
12064009,2010,2,NA,0,TRUE
12064009,2011,2,0,0,TRUE
12064009,2012,2,0,0,TRUE
12064009,2013,3,0,0,TRUE
12064009,2014,3,0,86.7,TRUE
12064029,2010,2,NA,0,TRUE
12064029,2011,2,0,0,TRUE
12064029,2012,2,0,0,TRUE
12064029,2013,3,0,0,TRUE
12064029,2014,3,0,100,TRUE
12064044,2010,2,NA,0,TRUE
12064044,2011,2,0,0,TRUE
12064044,2012,2,0,0,TRUE
12064044,2013,3,0,0,TRUE
12064044,2014,3,0,98.95,TRUE
12064053,2010,2,NA,0,TRUE
12064053,2011,2,0,0,TRUE
12064053,2012,2,0,0,TRUE
12064053,2013,3,0,0,TRUE
12064053,2014,3,0,100,TRUE
12064057,2010,2,NA,0,TRUE
12064057,2011,2,0,0,TRUE
12064057,2012,2,0,0,TRUE
12064057,2013,3,0,0,TRUE
12064057,2014,3,0,96.71,TRUE
12064061,2010,2,NA,0,TRUE
12064061,2011,2,0,0,TRUE
12064061,2012,2,0,0,TRUE
12064061,2013,3,0,0,TRUE
12064061,2014,3,0,99.2,TRUE
12064084,2010,2,NA,0,TRUE
12064084,2011,2,0,0,TRUE
12064084,2012,2,0,0,TRUE
12064084,2013,3,0,0,TRUE
12064084,2014,3,0,97.64,TRUE
12064125,2010,2,NA,0,TRUE
12064125,2011,2,0,0,TRUE
12064125,2012,2,0,0,TRUE
12064125,2013,3,0,0,TRUE
12064125,2014,3,0,99.24,TRUE
12064128,2010,2,NA,0,TRUE
12064128,2011,2,0,0,TRUE
12064128,2012,2,0,0,TRUE
12064128,2013,3,0,0,TRUE
12064128,2014,3,0,100,TRUE
12064130,2010,2,NA,0,TRUE
12064130,2011,2,0,0,TRUE
12064130,2012,2,0,0,TRUE
12064130,2013,3,0,0,TRUE
12064130,2014,3,0,99.3,TRUE
12064136,2010,2,NA,0,TRUE
12064136,2011,2,0,0,TRUE
12064136,2012,2,0,0,TRUE
12064136,2013,3,0,0,TRUE
12064136,2014,3,0,100,TRUE
12064153,2010,2,NA,0,TRUE
12064153,2011,2,0,0,TRUE
12064153,2012,2,0,0,TRUE
12064153,2013,3,0,0,TRUE
12064153,2014,3,0,99.35,TRUE
12064172,2010,2,NA,0,TRUE
12064172,2011,2,0,0,TRUE
12064172,2012,2,0,0,TRUE
12064172,2013,3,0,0,TRUE
12064172,2014,3,0,99.53,TRUE
12064190,2010,2,NA,0,TRUE
12064190,2011,2,0,0,TRUE
12064190,2012,2,0,0,TRUE
12064190,2013,3,0,0,TRUE
12064190,2014,3,0,77.54,TRUE
12064205,2010,2,NA,0,TRUE
12064205,2011,2,0,0,TRUE
12064205,2012,2,0,0,TRUE
12064205,2013,3,0,0,TRUE
12064205,2014,3,0,99.47,TRUE
12064222,2010,2,NA,0,TRUE
12064222,2011,2,0,0,TRUE
12064222,2012,2,0,0,TRUE
12064222,2013,3,0,0,TRUE
12064222,2014,3,0,99.04,TRUE
12064227,2010,2,NA,0,TRUE
12064227,2011,2,0,0,TRUE
12064227,2012,2,0,0,TRUE
12064227,2013,3,0,0,TRUE
12064227,2014,3,0,100,TRUE
12064266,2010,2,NA,0,TRUE
12064266,2011,2,0,0,TRUE
12064266,2012,2,0,0,TRUE
12064266,2013,3,0,0,TRUE
12064266,2014,3,0,93.14,TRUE
12064268,2010,2,NA,0,TRUE
12064268,2011,2,0,0,TRUE
12064268,2012,2,0,0,TRUE
12064268,2013,3,0,0,TRUE
12064268,2014,3,0,99.45,TRUE
12064274,2010,2,NA,0,TRUE
12064274,2011,2,0,0,TRUE
12064274,2012,2,0,0,TRUE
12064274,2013,3,0,0,TRUE
12064274,2014,3,0,91.27,TRUE
12064288,2010,2,NA,0,TRUE
12064288,2011,2,0,0,TRUE
12064288,2012,2,0,0,TRUE
12064288,2013,3,0,0,TRUE
12064288,2014,3,0,100,TRUE
12064290,2010,2,NA,0,TRUE
12064290,2011,2,0,0,TRUE
12064290,2012,2,0,0,TRUE
12064290,2013,3,0,0,TRUE
12064290,2014,3,0,99.72,TRUE
12064303,2010,2,NA,0,TRUE
12064303,2011,2,0,0,TRUE
12064303,2012,2,0,0,TRUE
12064303,2013,3,0,0,TRUE
12064303,2014,3,0,98.99,TRUE
12064317,2010,2,NA,0,TRUE
12064317,2011,2,0,0,TRUE
12064317,2012,2,0,0,TRUE
12064317,2013,3,0,0,TRUE
12064317,2014,3,0,99.17,TRUE
12064336,2010,2,NA,0,TRUE
12064336,2011,2,0,0,TRUE
12064336,2012,2,0,0,TRUE
12064336,2013,3,0,0,TRUE
12064336,2014,3,0,100,TRUE
12064340,2010,2,NA,0,TRUE
12064340,2011,2,0,0,TRUE
12064340,2012,2,0,0,TRUE
12064340,2013,3,0,0,TRUE
12064340,2014,3,0,99.85,TRUE
12064349,2010,2,NA,0,TRUE
12064349,2011,2,0,0,TRUE
12064349,2012,2,0,0,TRUE
12064349,2013,3,0,0,TRUE
12064349,2014,3,0,69.51,TRUE
12064365,2010,2,NA,0,TRUE
12064365,2011,2,0,0,TRUE
12064365,2012,2,0,0,TRUE
12064365,2013,3,0,0,TRUE
12064365,2014,3,0,98.19,TRUE
12064370,2010,2,NA,0,TRUE
12064370,2011,2,0,0,TRUE
12064370,2012,2,0,0,TRUE
12064370,2013,3,0,0,TRUE
12064370,2014,3,0,92.79,TRUE
12064371,2010,2,NA,0,TRUE
12064371,2011,2,0,0,TRUE
12064371,2012,2,0,0,TRUE
12064371,2013,3,0,0,TRUE
12064371,2014,3,0,88.35,TRUE
12064380,2010,2,NA,0,TRUE
12064380,2011,2,0,0,TRUE
12064380,2012,2,0,0,TRUE
12064380,2013,3,0,0,TRUE
12064380,2014,3,0,100,TRUE
12064388,2010,2,NA,0,TRUE
12064388,2011,2,0,0,TRUE
12064388,2012,2,0,0,TRUE
12064388,2013,3,0,0,TRUE
12064388,2014,3,0,99.79,TRUE
12064393,2010,2,NA,0,TRUE
12064393,2011,2,0,0,TRUE
12064393,2012,2,0,0,TRUE
12064393,2013,3,0,0,TRUE
12064393,2014,3,0,92.32,TRUE
12064408,2010,2,NA,0,TRUE
12064408,2011,2,0,0,TRUE
12064408,2012,2,0,0,TRUE
12064408,2013,3,0,0,TRUE
12064408,2014,3,0,99.96,TRUE
12064417,2010,2,NA,0,TRUE
12064417,2011,2,0,0,TRUE
12064417,2012,2,0,0,TRUE
12064417,2013,3,0,0,TRUE
12064417,2014,3,0,97.15,TRUE
12064420,2010,2,NA,0,TRUE
12064420,2011,2,0,0,TRUE
12064420,2012,2,0,0,TRUE
12064420,2013,3,0,0,TRUE
12064420,2014,3,0,98.72,TRUE
12064428,2010,2,NA,0,TRUE
12064428,2011,2,0,0,TRUE
12064428,2012,2,0,0,TRUE
12064428,2013,3,0,0,TRUE
12064428,2014,3,0,99.67,TRUE
12064448,2010,2,NA,0,TRUE
12064448,2011,2,0,0,TRUE
12064448,2012,2,0,0,TRUE
12064448,2013,3,0,0,TRUE
12064448,2014,3,0,99.96,TRUE
12064472,2010,2,NA,0,TRUE
12064472,2011,2,0,0,TRUE
12064472,2012,2,0,0,TRUE
12064472,2013,3,0,0,TRUE
12064472,2014,3,0,99.53,TRUE
12064480,2010,2,NA,0,TRUE
12064480,2011,2,0,0,TRUE
12064480,2012,2,0,0,TRUE
12064480,2013,3,0,0,TRUE
12064480,2014,3,0,100,TRUE
12064482,2010,2,NA,0,TRUE
12064482,2011,2,0,0,TRUE
12064482,2012,2,0,0,TRUE
12064482,2013,3,0,0,TRUE
12064482,2014,3,0,99.61,TRUE
12064484,2010,2,NA,0,TRUE
12064484,2011,2,0,0,TRUE
12064484,2012,2,0,0,TRUE
12064484,2013,3,0,0,TRUE
12064484,2014,3,0,99.55,TRUE
12064512,2010,2,NA,0,TRUE
12064512,2011,2,0,0,TRUE
12064512,2012,2,0,0,TRUE
12064512,2013,3,0,0,TRUE
12064512,2014,3,0,98.29,TRUE
12064538,2010,2,NA,0,TRUE
12064538,2011,2,0,0,TRUE
12064538,2012,2,0,0,TRUE
12064538,2013,3,0,0,TRUE
12064538,2014,3,0,99.15,TRUE
12064539,2010,2,NA,0,TRUE
12064539,2011,2,0,0,TRUE
12064539,2012,2,0,0,TRUE
12064539,2013,3,0,0,TRUE
12064539,2014,3,0,99.86,TRUE
12065036,2010,2,NA,0,TRUE
12065036,2011,2,0,0,TRUE
12065036,2012,2,0,0,TRUE
12065036,2013,3,0,0,TRUE
12065036,2014,3,0,100,TRUE
12065084,2010,2,NA,0,TRUE
12065084,2011,2,0,0,TRUE
12065084,2012,2,0,0,TRUE
12065084,2013,3,0,0,TRUE
12065084,2014,3,0,99.53,TRUE
12065096,2010,2,NA,0,TRUE
12065096,2011,2,0,0,TRUE
12065096,2012,2,0,0,TRUE
12065096,2013,3,0,0,TRUE
12065096,2014,3,0,100,TRUE
12065100,2010,2,NA,0,TRUE
12065100,2011,2,0,0,TRUE
12065100,2012,2,0,0,TRUE
12065100,2013,3,0,0,TRUE
12065100,2014,3,0,100,TRUE
12065117,2010,2,NA,0,TRUE
12065117,2011,2,0,0,TRUE
12065117,2012,2,0,0,TRUE
12065117,2013,3,0,0,TRUE
12065117,2014,3,0,99.37,TRUE
12065136,2010,2,NA,0,TRUE
12065136,2011,2,0,0,TRUE
12065136,2012,2,0,0,TRUE
12065136,2013,3,0,0,TRUE
12065136,2014,3,0,100,TRUE
12065144,2010,2,NA,0,TRUE
12065144,2011,2,0,0,TRUE
12065144,2012,2,0,0,TRUE
12065144,2013,3,0,0,TRUE
12065144,2014,3,0,100,TRUE
12065165,2010,2,NA,0,TRUE
12065165,2011,2,0,0,TRUE
12065165,2012,2,0,0,TRUE
12065165,2013,3,0,0,TRUE
12065165,2014,3,0,99.15,TRUE
12065180,2010,2,NA,0,TRUE
12065180,2011,2,0,0,TRUE
12065180,2012,2,0,0,TRUE
12065180,2013,3,0,0,TRUE
12065180,2014,3,0,100,TRUE
12065193,2010,2,NA,0,TRUE
12065193,2011,2,0,0,TRUE
12065193,2012,2,0,0,TRUE
12065193,2013,3,0,0,TRUE
12065193,2014,3,0,99.03,TRUE
12065198,2010,2,NA,0,TRUE
12065198,2011,2,0,0,TRUE
12065198,2012,2,0,0,TRUE
12065198,2013,3,0,0,TRUE
12065198,2014,3,0,99.42,TRUE
12065225,2010,2,NA,0,TRUE
12065225,2011,2,0,0,TRUE
12065225,2012,2,0,0,TRUE
12065225,2013,3,0,0,TRUE
12065225,2014,3,0,100,TRUE
12065251,2010,2,NA,0,TRUE
12065251,2011,2,0,0,TRUE
12065251,2012,2,0,0,TRUE
12065251,2013,3,0,0,TRUE
12065251,2014,3,0,100,TRUE
12065256,2010,2,NA,0,TRUE
12065256,2011,2,0,0,TRUE
12065256,2012,2,0,0,TRUE
12065256,2013,3,0,0,TRUE
12065256,2014,3,0,99.86,TRUE
12065276,2010,2,NA,0,TRUE
12065276,2011,2,0,0,TRUE
12065276,2012,2,0,0,TRUE
12065276,2013,3,0,0,TRUE
12065276,2014,3,0,100,TRUE
12065301,2010,2,NA,0,TRUE
12065301,2011,2,0,0,TRUE
12065301,2012,2,0,0,TRUE
12065301,2013,3,0,0,TRUE
12065301,2014,3,0,100,TRUE
12065310,2010,2,NA,0,TRUE
12065310,2011,2,0,0,TRUE
12065310,2012,2,0,0,TRUE
12065310,2013,3,0,0,TRUE
12065310,2014,3,0,99.24,TRUE
12065332,2010,2,NA,0,TRUE
12065332,2011,2,0,0,TRUE
12065332,2012,2,0,0,TRUE
12065332,2013,3,0,0,TRUE
12065332,2014,3,0,100,TRUE
12065356,2010,2,NA,0,TRUE
12065356,2011,2,0,0,TRUE
12065356,2012,2,0,0,TRUE
12065356,2013,3,0,0,TRUE
12065356,2014,3,0,99.55,TRUE
12066008,2010,2,NA,0,TRUE
12066008,2011,2,0,0,TRUE
12066008,2012,2,0,0,TRUE
12066008,2013,3,0,0,TRUE
12066008,2014,3,0,98.65,TRUE
12066041,2010,2,NA,0,TRUE
12066041,2011,2,0,0,TRUE
12066041,2012,2,0,0,TRUE
12066041,2013,3,0,0,TRUE
12066041,2014,3,0,99.67,TRUE
12066052,2010,2,NA,0,TRUE
12066052,2011,2,0,0,TRUE
12066052,2012,2,0,0,TRUE
12066052,2013,3,0,0,TRUE
12066052,2014,3,0,99.88,TRUE
12066064,2010,2,NA,0,TRUE
12066064,2011,2,0,0,TRUE
12066064,2012,2,0,0,TRUE
12066064,2013,3,0,0,TRUE
12066064,2014,3,0,100,TRUE
12066104,2010,2,NA,0,TRUE
12066104,2011,2,0,0,TRUE
12066104,2012,2,0,0,TRUE
12066104,2013,3,0,0,TRUE
12066104,2014,3,0,100,TRUE
12066112,2010,2,NA,0,TRUE
12066112,2011,2,0,0,TRUE
12066112,2012,2,0,0,TRUE
12066112,2013,3,0,0,TRUE
12066112,2014,3,0,99.98,TRUE
12066116,2010,2,NA,0,TRUE
12066116,2011,2,0,0,TRUE
12066116,2012,2,0,0,TRUE
12066116,2013,3,0,0,TRUE
12066116,2014,3,0,99.65,TRUE
12066120,2010,2,NA,0,TRUE
12066120,2011,2,0,0,TRUE
12066120,2012,2,0,0,TRUE
12066120,2013,3,0,0,TRUE
12066120,2014,3,0,100,TRUE
12066124,2010,2,NA,0,TRUE
12066124,2011,2,0,0,TRUE
12066124,2012,2,0,0,TRUE
12066124,2013,3,0,0,TRUE
12066124,2014,3,0,96.77,TRUE
12066132,2010,2,NA,0,TRUE
12066132,2011,2,0,0,TRUE
12066132,2012,2,0,0,TRUE
12066132,2013,3,0,0,TRUE
12066132,2014,3,0,99.42,TRUE
12066168,2010,2,NA,0,TRUE
12066168,2011,2,0,0,TRUE
12066168,2012,2,0,0,TRUE
12066168,2013,3,0,0,TRUE
12066168,2014,3,0,100,TRUE
12066176,2010,2,NA,0,TRUE
12066176,2011,2,0,0,TRUE
12066176,2012,2,0,0,TRUE
12066176,2013,3,0,0,TRUE
12066176,2014,3,0,100,TRUE
12066188,2010,2,NA,0,TRUE
12066188,2011,2,0,0,TRUE
12066188,2012,2,0,0,TRUE
12066188,2013,3,0,0,TRUE
12066188,2014,3,0,100,TRUE
12066196,2010,2,NA,0,TRUE
12066196,2011,2,0,0,TRUE
12066196,2012,2,0,0,TRUE
12066196,2013,3,0,0,TRUE
12066196,2014,3,0,98.49,TRUE
12066202,2010,2,NA,0,TRUE
12066202,2011,2,0,0,TRUE
12066202,2012,2,0,0,TRUE
12066202,2013,3,0,0,TRUE
12066202,2014,3,0,98.6,TRUE
12066226,2010,2,NA,0,TRUE
12066226,2011,2,0,0,TRUE
12066226,2012,2,0,0,TRUE
12066226,2013,3,0,0,TRUE
12066226,2014,3,0,99.15,TRUE
12066228,2010,2,NA,0,TRUE
12066228,2011,2,0,0,TRUE
12066228,2012,2,0,0,TRUE
12066228,2013,3,0,0,TRUE
12066228,2014,3,0,97.43,TRUE
12066240,2010,2,NA,0,TRUE
12066240,2011,2,0,0,TRUE
12066240,2012,2,0,0,TRUE
12066240,2013,3,0,0,TRUE
12066240,2014,3,0,100,TRUE
12066272,2010,2,NA,0,TRUE
12066272,2011,2,0,0,TRUE
12066272,2012,2,0,0,TRUE
12066272,2013,3,0,0,TRUE
12066272,2014,3,0,100,TRUE
12066285,2010,2,NA,0,TRUE
12066285,2011,2,0,0,TRUE
12066285,2012,2,0,0,TRUE
12066285,2013,3,0,0,TRUE
12066285,2014,3,0,100,TRUE
12066292,2010,2,NA,0,TRUE
12066292,2011,2,0,0,TRUE
12066292,2012,2,0,0,TRUE
12066292,2013,3,0,0,TRUE
12066292,2014,3,0,100,TRUE
12066296,2010,2,NA,0,TRUE
12066296,2011,2,0,0,TRUE
12066296,2012,2,0,0,TRUE
12066296,2013,3,0,0,TRUE
12066296,2014,3,0,100,TRUE
12066304,2010,2,NA,0,TRUE
12066304,2011,2,0,0,TRUE
12066304,2012,2,0,0,TRUE
12066304,2013,3,0,0,TRUE
12066304,2014,3,0,99.88,TRUE
12066316,2010,2,NA,0,TRUE
12066316,2011,2,0,0,TRUE
12066316,2012,2,0,0,TRUE
12066316,2013,3,0,0,TRUE
12066316,2014,3,0,100,TRUE
12066320,2010,2,NA,0,TRUE
12066320,2011,2,0,0,TRUE
12066320,2012,2,0,0,TRUE
12066320,2013,3,0,0,TRUE
12066320,2014,3,0,99.05,TRUE
12067024,2010,2,NA,0,TRUE
12067024,2011,2,0,0,TRUE
12067024,2012,2,0,0,TRUE
12067024,2013,3,0,0,TRUE
12067024,2014,3,0,100,TRUE
12067036,2010,2,NA,0,TRUE
12067036,2011,2,0,0,TRUE
12067036,2012,2,0,0,TRUE
12067036,2013,3,0,0,TRUE
12067036,2014,3,0,99.5,TRUE
12067040,2010,2,NA,0,TRUE
12067040,2011,2,0,0,TRUE
12067040,2012,2,0,0,TRUE
12067040,2013,3,0,0,TRUE
12067040,2014,3,0,100,TRUE
12067072,2010,2,NA,0,TRUE
12067072,2011,2,0,0,TRUE
12067072,2012,2,0,0,TRUE
12067072,2013,3,0,0,TRUE
12067072,2014,3,0,98.76,TRUE
12067076,2010,2,NA,0,TRUE
12067076,2011,2,0,0,TRUE
12067076,2012,2,0,0,TRUE
12067076,2013,3,0,0,TRUE
12067076,2014,3,0,99.92,TRUE
12067112,2010,2,NA,0,TRUE
12067112,2011,2,0,0,TRUE
12067112,2012,2,0,0,TRUE
12067112,2013,3,0,0,TRUE
12067112,2014,3,0,100,TRUE
12067120,2010,2,NA,0,TRUE
12067120,2011,2,0,0,TRUE
12067120,2012,2,0,0,TRUE
12067120,2013,3,0,0,TRUE
12067120,2014,3,0,93.67,TRUE
12067124,2010,2,NA,0,TRUE
12067124,2011,2,0,0,TRUE
12067124,2012,2,0,0,TRUE
12067124,2013,3,0,0,TRUE
12067124,2014,3,0,100,TRUE
12067137,2010,2,NA,0,TRUE
12067137,2011,2,0,0,TRUE
12067137,2012,2,0,0,TRUE
12067137,2013,3,0,0,TRUE
12067137,2014,3,0,99.22,TRUE
12067144,2010,2,NA,0,TRUE
12067144,2011,2,0,0,TRUE
12067144,2012,2,0,0,TRUE
12067144,2013,3,0,0,TRUE
12067144,2014,3,0,99.99,TRUE
12067173,2010,2,NA,0,TRUE
12067173,2011,2,0,0,TRUE
12067173,2012,2,0,0,TRUE
12067173,2013,3,0,0,TRUE
12067173,2014,3,0,100,TRUE
12067180,2010,2,NA,0,TRUE
12067180,2011,2,0,0,TRUE
12067180,2012,2,0,0,TRUE
12067180,2013,3,0,0,TRUE
12067180,2014,3,0,100,TRUE
12067201,2010,2,NA,0,TRUE
12067201,2011,2,0,0,TRUE
12067201,2012,2,0,0,TRUE
12067201,2013,3,0,0,TRUE
12067201,2014,3,0,99.23,TRUE
12067205,2010,2,NA,0,TRUE
12067205,2011,2,0,0,TRUE
12067205,2012,2,0,0,TRUE
12067205,2013,3,0,0,TRUE
12067205,2014,3,0,98.97,TRUE
12067237,2010,2,NA,0,TRUE
12067237,2011,2,0,0,TRUE
12067237,2012,2,0,0,TRUE
12067237,2013,3,0,0,TRUE
12067237,2014,3,0,99.01,TRUE
12067288,2010,2,NA,0,TRUE
12067288,2011,2,0,0,TRUE
12067288,2012,2,0,0,TRUE
12067288,2013,3,0,0,TRUE
12067288,2014,3,0,99.74,TRUE
12067292,2010,2,NA,0,TRUE
12067292,2011,2,0,0,TRUE
12067292,2012,2,0,0,TRUE
12067292,2013,3,0,0,TRUE
12067292,2014,3,0,100,TRUE
12067324,2010,2,NA,0,TRUE
12067324,2011,2,0,0,TRUE
12067324,2012,2,0,0,TRUE
12067324,2013,3,0,0,TRUE
12067324,2014,3,0,99.78,TRUE
12067336,2010,2,NA,0,TRUE
12067336,2011,2,0,0,TRUE
12067336,2012,2,0,0,TRUE
12067336,2013,3,0,0,TRUE
12067336,2014,3,0,99.44,TRUE
12067338,2010,2,NA,0,TRUE
12067338,2011,2,0,0,TRUE
12067338,2012,2,0,0,TRUE
12067338,2013,3,0,0,TRUE
12067338,2014,3,0,99.76,TRUE
12067357,2010,2,NA,0,TRUE
12067357,2011,2,0,0,TRUE
12067357,2012,2,0,0,TRUE
12067357,2013,3,0,0,TRUE
12067357,2014,3,0,99.53,TRUE
12067397,2010,2,NA,0,TRUE
12067397,2011,2,0,0,TRUE
12067397,2012,2,0,0,TRUE
12067397,2013,3,0,0,TRUE
12067397,2014,3,0,99.58,TRUE
12067408,2010,2,NA,0,TRUE
12067408,2011,2,0,0,TRUE
12067408,2012,2,0,0,TRUE
12067408,2013,3,0,0,TRUE
12067408,2014,3,0,99.24,TRUE
12067413,2010,2,NA,0,TRUE
12067413,2011,2,0,0,TRUE
12067413,2012,2,0,0,TRUE
12067413,2013,3,0,0,TRUE
12067413,2014,3,0,100,TRUE
12067426,2010,2,NA,0,TRUE
12067426,2011,2,0,0,TRUE
12067426,2012,2,0,0,TRUE
12067426,2013,3,0,0,TRUE
12067426,2014,3,0,99.8,TRUE
12067438,2010,2,NA,0,TRUE
12067438,2011,2,0,0,TRUE
12067438,2012,2,0,0,TRUE
12067438,2013,3,0,0,TRUE
12067438,2014,3,0,98.79,TRUE
12067440,2010,2,NA,0,TRUE
12067440,2011,2,0,0,TRUE
12067440,2012,2,0,0,TRUE
12067440,2013,3,0,0,TRUE
12067440,2014,3,0,100,TRUE
12067458,2010,2,NA,0,TRUE
12067458,2011,2,0,0,TRUE
12067458,2012,2,0,0,TRUE
12067458,2013,3,0,0,TRUE
12067458,2014,3,0,99.38,TRUE
12067469,2010,2,NA,0,TRUE
12067469,2011,2,0,0,TRUE
12067469,2012,2,0,0,TRUE
12067469,2013,3,0,0,TRUE
12067469,2014,3,0,100,TRUE
12067473,2010,2,NA,0,TRUE
12067473,2011,2,0,0,TRUE
12067473,2012,2,0,0,TRUE
12067473,2013,3,0,0,TRUE
12067473,2014,3,0,99.3,TRUE
12067481,2010,2,NA,0,TRUE
12067481,2011,2,0,0,TRUE
12067481,2012,2,0,0,TRUE
12067481,2013,3,0,0,TRUE
12067481,2014,3,0,93.26,TRUE
12067493,2010,2,NA,0,TRUE
12067493,2011,2,0,0,TRUE
12067493,2012,2,0,0,TRUE
12067493,2013,3,0,0,TRUE
12067493,2014,3,0,99.73,TRUE
12067508,2010,2,NA,0,TRUE
12067508,2011,2,0,0,TRUE
12067508,2012,2,0,0,TRUE
12067508,2013,3,0,0,TRUE
12067508,2014,3,0,99.74,TRUE
12067520,2010,2,NA,0,TRUE
12067520,2011,2,0,0,TRUE
12067520,2012,2,0,0,TRUE
12067520,2013,3,0,0,TRUE
12067520,2014,3,0,99.85,TRUE
12067528,2010,2,NA,0,TRUE
12067528,2011,2,0,0,TRUE
12067528,2012,2,0,0,TRUE
12067528,2013,3,0,0,TRUE
12067528,2014,3,0,99.39,TRUE
12067544,2010,2,NA,0,TRUE
12067544,2011,2,0,0,TRUE
12067544,2012,2,0,0,TRUE
12067544,2013,3,0,0,TRUE
12067544,2014,3,0,100,TRUE
12067552,2010,2,NA,0,TRUE
12067552,2011,2,0,0,TRUE
12067552,2012,2,0,0,TRUE
12067552,2013,3,0,0,TRUE
12067552,2014,3,0,99.47,TRUE
12068052,2010,2,NA,0,TRUE
12068052,2011,2,0,0,TRUE
12068052,2012,2,0,0,TRUE
12068052,2013,3,0,0,TRUE
12068052,2014,3,0,99.19,TRUE
12068072,2010,2,NA,0,TRUE
12068072,2011,2,0,0,TRUE
12068072,2012,2,0,0,TRUE
12068072,2013,3,0,0,TRUE
12068072,2014,3,0,100,TRUE
12068109,2010,2,NA,0,TRUE
12068109,2011,2,0,0,TRUE
12068109,2012,2,0,0,TRUE
12068109,2013,3,0,0,TRUE
12068109,2014,3,0,99.3,TRUE
12068117,2010,2,NA,0,TRUE
12068117,2011,2,0,0,TRUE
12068117,2012,2,0,0,TRUE
12068117,2013,3,0,0,TRUE
12068117,2014,3,0,99.86,TRUE
12068181,2010,2,NA,0,TRUE
12068181,2011,2,0,0,TRUE
12068181,2012,2,0,0,TRUE
12068181,2013,3,0,0,TRUE
12068181,2014,3,0,99.47,TRUE
12068188,2010,2,NA,0,TRUE
12068188,2011,2,0,0,TRUE
12068188,2012,2,0,0,TRUE
12068188,2013,3,0,0,TRUE
12068188,2014,3,0,100,TRUE
12068264,2010,2,NA,0,TRUE
12068264,2011,2,0,0,TRUE
12068264,2012,2,0,0,TRUE
12068264,2013,3,0,0,TRUE
12068264,2014,3,0,99.59,TRUE
12068280,2010,2,NA,0,TRUE
12068280,2011,2,0,0,TRUE
12068280,2012,2,0,0,TRUE
12068280,2013,3,0,0,TRUE
12068280,2014,3,0,99.8,TRUE
12068306,2010,2,NA,0,TRUE
12068306,2011,2,0,0,TRUE
12068306,2012,2,0,0,TRUE
12068306,2013,3,0,0,TRUE
12068306,2014,3,0,99.83,TRUE
12068320,2010,2,NA,0,TRUE
12068320,2011,2,0,0,TRUE
12068320,2012,2,0,0,TRUE
12068320,2013,3,0,0,TRUE
12068320,2014,3,0,99.88,TRUE
12068324,2010,2,NA,0,TRUE
12068324,2011,2,0,0,TRUE
12068324,2012,2,0,0,TRUE
12068324,2013,3,0,0,TRUE
12068324,2014,3,0,99.83,TRUE
12068353,2010,2,NA,0,TRUE
12068353,2011,2,0,0,TRUE
12068353,2012,2,0,0,TRUE
12068353,2013,3,0,0,TRUE
12068353,2014,3,0,96.7,TRUE
12068372,2010,2,NA,0,TRUE
12068372,2011,2,0,0,TRUE
12068372,2012,2,0,0,TRUE
12068372,2013,3,0,0,TRUE
12068372,2014,3,0,99.57,TRUE
12068409,2010,2,NA,0,TRUE
12068409,2011,2,0,0,TRUE
12068409,2012,2,0,0,TRUE
12068409,2013,3,0,0,TRUE
12068409,2014,3,0,100,TRUE
12068413,2010,2,NA,0,TRUE
12068413,2011,2,0,0,TRUE
12068413,2012,2,0,0,TRUE
12068413,2013,3,0,0,TRUE
12068413,2014,3,0,100,TRUE
12068417,2010,2,NA,0,TRUE
12068417,2011,2,0,0,TRUE
12068417,2012,2,0,0,TRUE
12068417,2013,3,0,0,TRUE
12068417,2014,3,0,99.67,TRUE
12068425,2010,2,NA,0,TRUE
12068425,2011,2,0,0,TRUE
12068425,2012,2,0,0,TRUE
12068425,2013,3,0,0,TRUE
12068425,2014,3,0,99.74,TRUE
12068426,2010,2,NA,0,TRUE
12068426,2011,2,0,0,TRUE
12068426,2012,2,0,0,TRUE
12068426,2013,3,0,0,TRUE
12068426,2014,3,0,98.11,TRUE
12068437,2010,2,NA,0,TRUE
12068437,2011,2,0,0,TRUE
12068437,2012,2,0,0,TRUE
12068437,2013,3,0,0,TRUE
12068437,2014,3,0,99.27,TRUE
12068452,2010,2,NA,0,TRUE
12068452,2011,2,0,0,TRUE
12068452,2012,2,0,0,TRUE
12068452,2013,3,0,0,TRUE
12068452,2014,3,0,100,TRUE
12068468,2010,2,NA,0,TRUE
12068468,2011,2,0,0,TRUE
12068468,2012,2,0,0,TRUE
12068468,2013,3,0,0,TRUE
12068468,2014,3,0,99.81,TRUE
12068477,2010,2,NA,0,TRUE
12068477,2011,2,0,0,TRUE
12068477,2012,2,0,0,TRUE
12068477,2013,3,0,0,TRUE
12068477,2014,3,0,99.67,TRUE
12068501,2010,2,NA,0,TRUE
12068501,2011,2,0,0,TRUE
12068501,2012,2,0,0,TRUE
12068501,2013,3,0,0,TRUE
12068501,2014,3,0,99.57,TRUE
12069017,2010,2,NA,0,TRUE
12069017,2011,2,0,0,TRUE
12069017,2012,2,0,0,TRUE
12069017,2013,3,0,0,TRUE
12069017,2014,3,0,100,TRUE
12069018,2010,2,NA,0,TRUE
12069018,2011,2,0,0,TRUE
12069018,2012,2,0,0,TRUE
12069018,2013,3,0,0,TRUE
12069018,2014,3,0,100,TRUE
12069019,2010,2,NA,0,TRUE
12069019,2011,2,0,0,TRUE
12069019,2012,2,0,0,TRUE
12069019,2013,3,0,0,TRUE
12069019,2014,3,0,98.82,TRUE
12069020,2010,2,NA,0,TRUE
12069020,2011,2,0,0,TRUE
12069020,2012,2,0,0,TRUE
12069020,2013,3,0,0,TRUE
12069020,2014,3,0,99.93,TRUE
12069028,2010,2,NA,0,TRUE
12069028,2011,2,0,0,TRUE
12069028,2012,2,0,0,TRUE
12069028,2013,3,0,0,TRUE
12069028,2014,3,0,99.84,TRUE
12069052,2010,2,NA,0,TRUE
12069052,2011,2,0,0,TRUE
12069052,2012,2,0,0,TRUE
12069052,2013,3,0,0,TRUE
12069052,2014,3,0,100,TRUE
12069056,2010,2,NA,0,TRUE
12069056,2011,2,0,0,TRUE
12069056,2012,2,0,0,TRUE
12069056,2013,3,0,0,TRUE
12069056,2014,3,0,100,TRUE
12069076,2010,2,NA,0,TRUE
12069076,2011,2,0,0,TRUE
12069076,2012,2,0,0,TRUE
12069076,2013,3,0,0,TRUE
12069076,2014,3,0,100,TRUE
12069089,2010,2,NA,0,TRUE
12069089,2011,2,0,0,TRUE
12069089,2012,2,0,0,TRUE
12069089,2013,3,0,0,TRUE
12069089,2014,3,0,72.93,TRUE
12069216,2010,2,NA,0,TRUE
12069216,2011,2,0,0,TRUE
12069216,2012,2,0,0,TRUE
12069216,2013,3,0,0,TRUE
12069216,2014,3,0,100,TRUE
12069224,2010,2,NA,0,TRUE
12069224,2011,2,0,0,TRUE
12069224,2012,2,0,0,TRUE
12069224,2013,3,0,0,TRUE
12069224,2014,3,0,94.61,TRUE
12069232,2010,2,NA,0,TRUE
12069232,2011,2,0,0,TRUE
12069232,2012,2,0,0,TRUE
12069232,2013,3,0,0,TRUE
12069232,2014,3,0,72.9,TRUE
12069249,2010,2,NA,0,TRUE
12069249,2011,2,0,0,TRUE
12069249,2012,2,0,0,TRUE
12069249,2013,3,0,0,TRUE
12069249,2014,3,0,99.82,TRUE
12069270,2010,2,NA,0,TRUE
12069270,2011,2,0,0,TRUE
12069270,2012,2,0,0,TRUE
12069270,2013,3,0,0,TRUE
12069270,2014,3,0,94.23,TRUE
12069304,2010,2,NA,0,TRUE
12069304,2011,2,0,0,TRUE
12069304,2012,2,0,0,TRUE
12069304,2013,3,0,0,TRUE
12069304,2014,3,0,100,TRUE
12069306,2010,2,NA,0,TRUE
12069306,2011,2,0,0,TRUE
12069306,2012,2,0,0,TRUE
12069306,2013,3,0,0,TRUE
12069306,2014,3,0,100,TRUE
12069345,2010,2,NA,0,TRUE
12069345,2011,2,0,0,TRUE
12069345,2012,2,0,0,TRUE
12069345,2013,3,0,0,TRUE
12069345,2014,3,0,100,TRUE
12069397,2010,2,NA,0,TRUE
12069397,2011,2,0,0,TRUE
12069397,2012,2,0,0,TRUE
12069397,2013,3,0,0,TRUE
12069397,2014,3,0,100,TRUE
12069402,2010,2,NA,0,TRUE
12069402,2011,2,0,0,TRUE
12069402,2012,2,0,0,TRUE
12069402,2013,3,0,0,TRUE
12069402,2014,3,0,99.78,TRUE
12069448,2010,2,NA,0,TRUE
12069448,2011,2,0,0,TRUE
12069448,2012,2,0,0,TRUE
12069448,2013,3,0,0,TRUE
12069448,2014,3,0,100,TRUE
12069454,2010,2,NA,0,TRUE
12069454,2011,2,0,0,TRUE
12069454,2012,2,0,0,TRUE
12069454,2013,3,0,0,TRUE
12069454,2014,3,0,100,TRUE
12069460,2010,2,NA,0,TRUE
12069460,2011,2,0,0,TRUE
12069460,2012,2,0,0,TRUE
12069460,2013,3,0,0,TRUE
12069460,2014,3,0,87.32,TRUE
12069470,2010,2,NA,0,TRUE
12069470,2011,2,0,0,TRUE
12069470,2012,2,0,0,TRUE
12069470,2013,3,0,0,TRUE
12069470,2014,3,0,100,TRUE
12069474,2010,2,NA,0,TRUE
12069474,2011,2,0,0,TRUE
12069474,2012,2,0,0,TRUE
12069474,2013,3,0,0,TRUE
12069474,2014,3,0,100,TRUE
12069485,2010,2,NA,0,TRUE
12069485,2011,2,0,0,TRUE
12069485,2012,2,0,0,TRUE
12069485,2013,3,0,0,TRUE
12069485,2014,3,0,99.55,TRUE
12069537,2010,2,NA,0,TRUE
12069537,2011,2,0,0,TRUE
12069537,2012,2,0,0,TRUE
12069537,2013,3,0,0,TRUE
12069537,2014,3,0,99.2,TRUE
12069541,2010,2,NA,0,TRUE
12069541,2011,2,0,0,TRUE
12069541,2012,2,0,0,TRUE
12069541,2013,3,0,0,TRUE
12069541,2014,3,0,95.97,TRUE
12069590,2010,2,NA,0,TRUE
12069590,2011,2,0,0,TRUE
12069590,2012,2,0,0,TRUE
12069590,2013,3,0,0,TRUE
12069590,2014,3,0,100,TRUE
12069596,2010,2,NA,0,TRUE
12069596,2011,2,0,0,TRUE
12069596,2012,2,0,0,TRUE
12069596,2013,3,0,0,TRUE
12069596,2014,3,0,100,TRUE
12069604,2010,2,NA,0,TRUE
12069604,2011,2,0,0,TRUE
12069604,2012,2,0,0,TRUE
12069604,2013,3,0,0,TRUE
12069604,2014,3,0,100,TRUE
12069616,2010,2,NA,0,TRUE
12069616,2011,2,0,0,TRUE
12069616,2012,2,0,0,TRUE
12069616,2013,3,0,0,TRUE
12069616,2014,3,0,100,TRUE
12069632,2010,2,NA,0,TRUE
12069632,2011,2,0,0,TRUE
12069632,2012,2,0,0,TRUE
12069632,2013,3,0,0,TRUE
12069632,2014,3,0,98.1,TRUE
12069648,2010,2,NA,0,TRUE
12069648,2011,2,0,0,TRUE
12069648,2012,2,0,0,TRUE
12069648,2013,3,0,0,TRUE
12069648,2014,3,0,95.29,TRUE
12069656,2010,2,NA,0,TRUE
12069656,2011,2,0,0,TRUE
12069656,2012,2,0,0,TRUE
12069656,2013,3,0,0,TRUE
12069656,2014,3,0,99.83,TRUE
12069665,2010,2,NA,0,TRUE
12069665,2011,2,0,0,TRUE
12069665,2012,2,0,0,TRUE
12069665,2013,3,0,0,TRUE
12069665,2014,3,0,91.5,TRUE
12069680,2010,2,NA,0,TRUE
12069680,2011,2,0,0,TRUE
12069680,2012,2,0,0,TRUE
12069680,2013,3,0,0,TRUE
12069680,2014,3,0,100,TRUE
12069688,2010,2,NA,0,TRUE
12069688,2011,2,0,0,TRUE
12069688,2012,2,0,0,TRUE
12069688,2013,3,0,0,TRUE
12069688,2014,3,0,100,TRUE
12069696,2010,2,NA,0,TRUE
12069696,2011,2,0,0,TRUE
12069696,2012,2,0,0,TRUE
12069696,2013,3,0,0,TRUE
12069696,2014,3,0,99.92,TRUE
12070008,2010,2,NA,0,TRUE
12070008,2011,2,0,0,TRUE
12070008,2012,2,0,0,TRUE
12070008,2013,3,0,0,TRUE
12070008,2014,3,0,99.83,TRUE
12070028,2010,2,NA,0,TRUE
12070028,2011,2,0,0,TRUE
12070028,2012,2,0,0,TRUE
12070028,2013,3,0,0,TRUE
12070028,2014,3,0,98.22,TRUE
12070052,2010,2,NA,0,TRUE
12070052,2011,2,0,0,TRUE
12070052,2012,2,0,0,TRUE
12070052,2013,3,0,0,TRUE
12070052,2014,3,0,100,TRUE
12070060,2010,2,NA,0,TRUE
12070060,2011,2,0,0,TRUE
12070060,2012,2,0,0,TRUE
12070060,2013,3,0,0,TRUE
12070060,2014,3,0,100,TRUE
12070096,2010,2,NA,0,TRUE
12070096,2011,2,0,0,TRUE
12070096,2012,2,0,0,TRUE
12070096,2013,3,0,0,TRUE
12070096,2014,3,0,100,TRUE
12070125,2010,2,NA,0,TRUE
12070125,2011,2,0,0,TRUE
12070125,2012,2,0,0,TRUE
12070125,2013,3,0,0,TRUE
12070125,2014,3,0,97.26,TRUE
12070145,2010,2,NA,0,TRUE
12070145,2011,2,0,0,TRUE
12070145,2012,2,0,0,TRUE
12070145,2013,3,0,0,TRUE
12070145,2014,3,0,100,TRUE
12070149,2010,2,NA,0,TRUE
12070149,2011,2,0,0,TRUE
12070149,2012,2,0,0,TRUE
12070149,2013,3,0,0,TRUE
12070149,2014,3,0,97.78,TRUE
12070153,2010,2,NA,0,TRUE
12070153,2011,2,0,0,TRUE
12070153,2012,2,0,0,TRUE
12070153,2013,3,0,0,TRUE
12070153,2014,3,0,99.05,TRUE
12070173,2010,2,NA,0,TRUE
12070173,2011,2,0,0,TRUE
12070173,2012,2,0,0,TRUE
12070173,2013,3,0,0,TRUE
12070173,2014,3,0,98.53,TRUE
12070222,2010,2,NA,0,TRUE
12070222,2011,2,0,0,TRUE
12070222,2012,2,0,0,TRUE
12070222,2013,3,0,0,TRUE
12070222,2014,3,0,99.48,TRUE
12070236,2010,2,NA,0,TRUE
12070236,2011,2,0,0,TRUE
12070236,2012,2,0,0,TRUE
12070236,2013,3,0,0,TRUE
12070236,2014,3,0,100,TRUE
12070241,2010,2,NA,0,TRUE
12070241,2011,2,0,0,TRUE
12070241,2012,2,0,0,TRUE
12070241,2013,3,0,0,TRUE
12070241,2014,3,0,99.4,TRUE
12070244,2010,2,NA,0,TRUE
12070244,2011,2,0,0,TRUE
12070244,2012,2,0,0,TRUE
12070244,2013,3,0,0,TRUE
12070244,2014,3,0,99.17,TRUE
12070246,2010,2,NA,0,TRUE
12070246,2011,2,0,0,TRUE
12070246,2012,2,0,0,TRUE
12070246,2013,3,0,0,TRUE
12070246,2014,3,0,100,TRUE
12070266,2010,2,NA,0,TRUE
12070266,2011,2,0,0,TRUE
12070266,2012,2,0,0,TRUE
12070266,2013,3,0,0,TRUE
12070266,2014,3,0,97.14,TRUE
12070280,2010,2,NA,0,TRUE
12070280,2011,2,0,0,TRUE
12070280,2012,2,0,0,TRUE
12070280,2013,3,0,0,TRUE
12070280,2014,3,0,100,TRUE
12070296,2010,2,NA,0,TRUE
12070296,2011,2,0,0,TRUE
12070296,2012,2,0,0,TRUE
12070296,2013,3,0,0,TRUE
12070296,2014,3,0,99.83,TRUE
12070300,2010,2,NA,0,TRUE
12070300,2011,2,0,0,TRUE
12070300,2012,2,0,0,TRUE
12070300,2013,3,0,0,TRUE
12070300,2014,3,0,99.6,TRUE
12070302,2010,2,NA,0,TRUE
12070302,2011,2,0,0,TRUE
12070302,2012,2,0,0,TRUE
12070302,2013,3,0,0,TRUE
12070302,2014,3,0,99.89,TRUE
12070316,2010,2,NA,0,TRUE
12070316,2011,2,0,0,TRUE
12070316,2012,2,0,0,TRUE
12070316,2013,3,0,0,TRUE
12070316,2014,3,0,99.73,TRUE
12070325,2010,2,NA,0,TRUE
12070325,2011,2,0,0,TRUE
12070325,2012,2,0,0,TRUE
12070325,2013,3,0,0,TRUE
12070325,2014,3,0,100,TRUE
12070348,2010,2,NA,0,TRUE
12070348,2011,2,0,0,TRUE
12070348,2012,2,0,0,TRUE
12070348,2013,3,0,0,TRUE
12070348,2014,3,0,100,TRUE
12070393,2010,2,NA,0,TRUE
12070393,2011,2,0,0,TRUE
12070393,2012,2,0,0,TRUE
12070393,2013,3,0,0,TRUE
12070393,2014,3,0,100,TRUE
12070416,2010,2,NA,0,TRUE
12070416,2011,2,0,0,TRUE
12070416,2012,2,0,0,TRUE
12070416,2013,3,0,0,TRUE
12070416,2014,3,0,97.18,TRUE
12070424,2010,2,NA,0,TRUE
12070424,2011,2,0,0,TRUE
12070424,2012,2,0,0,TRUE
12070424,2013,3,0,0,TRUE
12070424,2014,3,0,99.99,TRUE
12071028,2010,2,NA,0,TRUE
12071028,2011,2,0,0,TRUE
12071028,2012,2,0,0,TRUE
12071028,2013,3,0,0,TRUE
12071028,2014,3,0,100,TRUE
12071032,2010,2,NA,0,TRUE
12071032,2011,2,0,0,TRUE
12071032,2012,2,0,0,TRUE
12071032,2013,3,0,0,TRUE
12071032,2014,3,0,97.28,TRUE
12071041,2010,2,NA,0,TRUE
12071041,2011,2,0,0,TRUE
12071041,2012,2,0,0,TRUE
12071041,2013,3,0,0,TRUE
12071041,2014,3,0,100,TRUE
12071044,2010,2,NA,0,TRUE
12071044,2011,2,0,0,TRUE
12071044,2012,2,0,0,TRUE
12071044,2013,3,0,0,TRUE
12071044,2014,3,0,100,TRUE
12071052,2010,2,NA,0,TRUE
12071052,2011,2,0,0,TRUE
12071052,2012,2,0,0,TRUE
12071052,2013,3,0,0,TRUE
12071052,2014,3,0,100,TRUE
12071057,2010,2,NA,0,TRUE
12071057,2011,2,0,0,TRUE
12071057,2012,2,0,0,TRUE
12071057,2013,3,0,0,TRUE
12071057,2014,3,0,99.19,TRUE
12071060,2010,2,NA,0,TRUE
12071060,2011,2,0,0,TRUE
12071060,2012,2,0,0,TRUE
12071060,2013,3,0,0,TRUE
12071060,2014,3,0,100,TRUE
12071074,2010,2,NA,0,TRUE
12071074,2011,2,0,0,TRUE
12071074,2012,2,0,0,TRUE
12071074,2013,3,0,0,TRUE
12071074,2014,3,0,99.25,TRUE
12071076,2010,2,NA,0,TRUE
12071076,2011,2,0,0,TRUE
12071076,2012,2,0,0,TRUE
12071076,2013,3,0,0,TRUE
12071076,2014,3,0,99.66,TRUE
12071153,2010,2,NA,0,TRUE
12071153,2011,2,0,0,TRUE
12071153,2012,2,0,0,TRUE
12071153,2013,3,0,0,TRUE
12071153,2014,3,0,100,TRUE
12071160,2010,2,NA,0,TRUE
12071160,2011,2,0,0,TRUE
12071160,2012,2,0,0,TRUE
12071160,2013,3,0,0,TRUE
12071160,2014,3,0,99.76,TRUE
12071164,2010,2,NA,0,TRUE
12071164,2011,2,0,0,TRUE
12071164,2012,2,0,0,TRUE
12071164,2013,3,0,0,TRUE
12071164,2014,3,0,100,TRUE
12071176,2010,2,NA,0,TRUE
12071176,2011,2,0,0,TRUE
12071176,2012,2,0,0,TRUE
12071176,2013,3,0,0,TRUE
12071176,2014,3,0,100,TRUE
12071189,2010,2,NA,0,TRUE
12071189,2011,2,0,0,TRUE
12071189,2012,2,0,0,TRUE
12071189,2013,3,0,0,TRUE
12071189,2014,3,0,92.67,TRUE
12071193,2010,2,NA,0,TRUE
12071193,2011,2,0,0,TRUE
12071193,2012,2,0,0,TRUE
12071193,2013,3,0,0,TRUE
12071193,2014,3,0,99.43,TRUE
12071244,2010,2,NA,0,TRUE
12071244,2011,2,0,0,TRUE
12071244,2012,2,0,0,TRUE
12071244,2013,3,0,0,TRUE
12071244,2014,3,0,99.98,TRUE
12071294,2010,2,NA,0,TRUE
12071294,2011,2,0,0,TRUE
12071294,2012,2,0,0,TRUE
12071294,2013,3,0,0,TRUE
12071294,2014,3,0,97.04,TRUE
12071301,2010,2,NA,0,TRUE
12071301,2011,2,0,0,TRUE
12071301,2012,2,0,0,TRUE
12071301,2013,3,0,0,TRUE
12071301,2014,3,0,99.21,TRUE
12071304,2010,2,NA,0,TRUE
12071304,2011,2,0,0,TRUE
12071304,2012,2,0,0,TRUE
12071304,2013,3,0,0,TRUE
12071304,2014,3,0,100,TRUE
12071337,2010,2,NA,0,TRUE
12071337,2011,2,0,0,TRUE
12071337,2012,2,0,0,TRUE
12071337,2013,3,0,0,TRUE
12071337,2014,3,0,96.46,TRUE
12071341,2010,2,NA,0,TRUE
12071341,2011,2,0,0,TRUE
12071341,2012,2,0,0,TRUE
12071341,2013,3,0,0,TRUE
12071341,2014,3,0,97.34,TRUE
12071372,2010,2,NA,0,TRUE
12071372,2011,2,0,0,TRUE
12071372,2012,2,0,0,TRUE
12071372,2013,3,0,0,TRUE
12071372,2014,3,0,99.97,TRUE
12071384,2010,2,NA,0,TRUE
12071384,2011,2,0,0,TRUE
12071384,2012,2,0,0,TRUE
12071384,2013,3,0,0,TRUE
12071384,2014,3,0,82.23,TRUE
12071386,2010,2,NA,0,TRUE
12071386,2011,2,0,0,TRUE
12071386,2012,2,0,0,TRUE
12071386,2013,3,0,0,TRUE
12071386,2014,3,0,99.65,TRUE
12071392,2010,2,NA,0,TRUE
12071392,2011,2,0,0,TRUE
12071392,2012,2,0,0,TRUE
12071392,2013,3,0,0,TRUE
12071392,2014,3,0,100,TRUE
12071401,2010,2,NA,0,TRUE
12071401,2011,2,0,0,TRUE
12071401,2012,2,0,0,TRUE
12071401,2013,3,0,0,TRUE
12071401,2014,3,0,99.32,TRUE
12071408,2010,2,NA,0,TRUE
12071408,2011,2,0,0,TRUE
12071408,2012,2,0,0,TRUE
12071408,2013,3,0,0,TRUE
12071408,2014,3,0,99.95,TRUE
12071412,2010,2,NA,0,TRUE
12071412,2011,2,0,0,TRUE
12071412,2012,2,0,0,TRUE
12071412,2013,3,0,0,TRUE
12071412,2014,3,0,99.77,TRUE
12071414,2010,2,NA,0,TRUE
12071414,2011,2,0,0,TRUE
12071414,2012,2,0,0,TRUE
12071414,2013,3,0,0,TRUE
12071414,2014,3,0,99.85,TRUE
12072002,2010,2,NA,0,TRUE
12072002,2011,2,0,0,TRUE
12072002,2012,2,0,0,TRUE
12072002,2013,3,0,0,TRUE
12072002,2014,3,0,99.35,TRUE
12072014,2010,2,NA,0,TRUE
12072014,2011,2,0,0,TRUE
12072014,2012,2,0,0,TRUE
12072014,2013,3,0,0,TRUE
12072014,2014,3,0,99.85,TRUE
12072017,2010,2,NA,0,TRUE
12072017,2011,2,0,0,TRUE
12072017,2012,2,0,0,TRUE
12072017,2013,3,0,0,TRUE
12072017,2014,3,0,100,TRUE
12072053,2010,2,NA,0,TRUE
12072053,2011,2,0,0,TRUE
12072053,2012,2,0,0,TRUE
12072053,2013,3,0,0,TRUE
12072053,2014,3,0,99.48,TRUE
12072055,2010,2,NA,0,TRUE
12072055,2011,2,0,0,TRUE
12072055,2012,2,0,0,TRUE
12072055,2013,3,0,0,TRUE
12072055,2014,3,0,100,TRUE
12072120,2010,2,NA,0,TRUE
12072120,2011,2,0,0,TRUE
12072120,2012,2,0,0,TRUE
12072120,2013,3,0,0,TRUE
12072120,2014,3,0,100,TRUE
12072157,2010,2,NA,0,TRUE
12072157,2011,2,0,0,TRUE
12072157,2012,2,0,0,TRUE
12072157,2013,3,0,0,TRUE
12072157,2014,3,0,97.24,TRUE
12072169,2010,2,NA,0,TRUE
12072169,2011,2,0,0,TRUE
12072169,2012,2,0,0,TRUE
12072169,2013,3,0,0,TRUE
12072169,2014,3,0,99.7,TRUE
12072232,2010,2,NA,0,TRUE
12072232,2011,2,0,0,TRUE
12072232,2012,2,0,0,TRUE
12072232,2013,3,0,0,TRUE
12072232,2014,3,0,99.97,TRUE
12072240,2010,2,NA,0,TRUE
12072240,2011,2,0,0,TRUE
12072240,2012,2,0,0,TRUE
12072240,2013,3,0,0,TRUE
12072240,2014,3,0,100,TRUE
12072297,2010,2,NA,0,TRUE
12072297,2011,2,0,0,TRUE
12072297,2012,2,0,0,TRUE
12072297,2013,3,0,0,TRUE
12072297,2014,3,0,97.51,TRUE
12072298,2010,2,NA,0,TRUE
12072298,2011,2,0,0,TRUE
12072298,2012,2,0,0,TRUE
12072298,2013,3,0,0,TRUE
12072298,2014,3,0,99.19,TRUE
12072312,2010,2,NA,0,TRUE
12072312,2011,2,0,0,TRUE
12072312,2012,2,0,0,TRUE
12072312,2013,3,0,0,TRUE
12072312,2014,3,0,96.78,TRUE
12072340,2010,2,NA,0,TRUE
12072340,2011,2,0,0,TRUE
12072340,2012,2,0,0,TRUE
12072340,2013,3,0,0,TRUE
12072340,2014,3,0,99.98,TRUE
12072426,2010,2,NA,0,TRUE
12072426,2011,2,0,0,TRUE
12072426,2012,2,0,0,TRUE
12072426,2013,3,0,0,TRUE
12072426,2014,3,0,99.93,TRUE
12072477,2010,2,NA,0,TRUE
12072477,2011,2,0,0,TRUE
12072477,2012,2,0,0,TRUE
12072477,2013,3,0,0,TRUE
12072477,2014,3,0,99.99,TRUE
12073008,2010,2,NA,0,TRUE
12073008,2011,2,0,0,TRUE
12073008,2012,2,0,0,TRUE
12073008,2013,3,0,0,TRUE
12073008,2014,3,0,97.67,TRUE
12073032,2010,2,NA,0,TRUE
12073032,2011,2,0,0,TRUE
12073032,2012,2,0,0,TRUE
12073032,2013,3,0,0,TRUE
12073032,2014,3,0,100,TRUE
12073069,2010,2,NA,0,TRUE
12073069,2011,2,0,0,TRUE
12073069,2012,2,0,0,TRUE
12073069,2013,3,0,0,TRUE
12073069,2014,3,0,98.5,TRUE
12073085,2010,2,NA,0,TRUE
12073085,2011,2,0,0,TRUE
12073085,2012,2,0,0,TRUE
12073085,2013,3,0,0,TRUE
12073085,2014,3,0,98.35,TRUE
12073093,2010,2,NA,0,TRUE
12073093,2011,2,0,0,TRUE
12073093,2012,2,0,0,TRUE
12073093,2013,3,0,0,TRUE
12073093,2014,3,0,100,TRUE
12073097,2010,2,NA,0,TRUE
12073097,2011,2,0,0,TRUE
12073097,2012,2,0,0,TRUE
12073097,2013,3,0,0,TRUE
12073097,2014,3,0,96.02,TRUE
12073157,2010,2,NA,0,TRUE
12073157,2011,2,0,0,TRUE
12073157,2012,2,0,0,TRUE
12073157,2013,3,0,0,TRUE
12073157,2014,3,0,96.62,TRUE
12073189,2010,2,NA,0,TRUE
12073189,2011,2,0,0,TRUE
12073189,2012,2,0,0,TRUE
12073189,2013,3,0,0,TRUE
12073189,2014,3,0,94.32,TRUE
12073201,2010,2,NA,0,TRUE
12073201,2011,2,0,0,TRUE
12073201,2012,2,0,0,TRUE
12073201,2013,3,0,0,TRUE
12073201,2014,3,0,98.51,TRUE
12073216,2010,2,NA,0,TRUE
12073216,2011,2,0,0,TRUE
12073216,2012,2,0,0,TRUE
12073216,2013,3,0,0,TRUE
12073216,2014,3,0,99.75,TRUE
12073225,2010,2,NA,0,TRUE
12073225,2011,2,0,0,TRUE
12073225,2012,2,0,0,TRUE
12073225,2013,3,0,0,TRUE
12073225,2014,3,0,99,TRUE
12073261,2010,2,NA,0,TRUE
12073261,2011,2,0,0,TRUE
12073261,2012,2,0,0,TRUE
12073261,2013,3,0,0,TRUE
12073261,2014,3,0,100,TRUE
12073309,2010,2,NA,0,TRUE
12073309,2011,2,0,0,TRUE
12073309,2012,2,0,0,TRUE
12073309,2013,3,0,0,TRUE
12073309,2014,3,0,91.31,TRUE
12073384,2010,2,NA,0,TRUE
12073384,2011,2,0,0,TRUE
12073384,2012,2,0,0,TRUE
12073384,2013,3,0,0,TRUE
12073384,2014,3,0,98.26,TRUE
12073386,2010,2,NA,0,TRUE
12073386,2011,2,0,0,TRUE
12073386,2012,2,0,0,TRUE
12073386,2013,3,0,0,TRUE
12073386,2014,3,0,99.43,TRUE
12073393,2010,2,NA,0,TRUE
12073393,2011,2,0,0,TRUE
12073393,2012,2,0,0,TRUE
12073393,2013,3,0,0,TRUE
12073393,2014,3,0,93.37,TRUE
12073396,2010,2,NA,0,TRUE
12073396,2011,2,0,0,TRUE
12073396,2012,2,0,0,TRUE
12073396,2013,3,0,0,TRUE
12073396,2014,3,0,98.32,TRUE
12073404,2010,2,NA,0,TRUE
12073404,2011,2,0,0,TRUE
12073404,2012,2,0,0,TRUE
12073404,2013,3,0,0,TRUE
12073404,2014,3,0,97.81,TRUE
12073429,2010,2,NA,0,TRUE
12073429,2011,2,0,0,TRUE
12073429,2012,2,0,0,TRUE
12073429,2013,3,0,0,TRUE
12073429,2014,3,0,99.4,TRUE
12073430,2010,2,NA,0,TRUE
12073430,2011,2,0,0,TRUE
12073430,2012,2,0,0,TRUE
12073430,2013,3,0,0,TRUE
12073430,2014,3,0,99.02,TRUE
12073440,2010,2,NA,0,TRUE
12073440,2011,2,0,0,TRUE
12073440,2012,2,0,0,TRUE
12073440,2013,3,0,0,TRUE
12073440,2014,3,0,98.64,TRUE
12073452,2010,2,NA,0,TRUE
12073452,2011,2,0,0,TRUE
12073452,2012,2,0,0,TRUE
12073452,2013,3,0,0,TRUE
12073452,2014,3,0,99.96,TRUE
12073458,2010,2,NA,0,TRUE
12073458,2011,2,0,0,TRUE
12073458,2012,2,0,0,TRUE
12073458,2013,3,0,0,TRUE
12073458,2014,3,0,100,TRUE
12073490,2010,2,NA,0,TRUE
12073490,2011,2,0,0,TRUE
12073490,2012,2,0,0,TRUE
12073490,2013,3,0,0,TRUE
12073490,2014,3,0,85.49,TRUE
12073505,2010,2,NA,0,TRUE
12073505,2011,2,0,0,TRUE
12073505,2012,2,0,0,TRUE
12073505,2013,3,0,0,TRUE
12073505,2014,3,0,91.89,TRUE
12073520,2010,2,NA,0,TRUE
12073520,2011,2,0,0,TRUE
12073520,2012,2,0,0,TRUE
12073520,2013,3,0,0,TRUE
12073520,2014,3,0,97.98,TRUE
12073532,2010,2,NA,0,TRUE
12073532,2011,2,0,0,TRUE
12073532,2012,2,0,0,TRUE
12073532,2013,3,0,0,TRUE
12073532,2014,3,0,99.16,TRUE
12073565,2010,2,NA,0,TRUE
12073565,2011,2,0,0,TRUE
12073565,2012,2,0,0,TRUE
12073565,2013,3,0,0,TRUE
12073565,2014,3,0,96.09,TRUE
12073569,2010,2,NA,0,TRUE
12073569,2011,2,0,0,TRUE
12073569,2012,2,0,0,TRUE
12073569,2013,3,0,0,TRUE
12073569,2014,3,0,99.41,TRUE
12073572,2010,2,NA,0,TRUE
12073572,2011,2,0,0,TRUE
12073572,2012,2,0,0,TRUE
12073572,2013,3,0,0,TRUE
12073572,2014,3,0,98.38,TRUE
12073578,2010,2,NA,0,TRUE
12073578,2011,2,0,0,TRUE
12073578,2012,2,0,0,TRUE
12073578,2013,3,0,0,TRUE
12073578,2014,3,0,99.4,TRUE
12073579,2010,2,NA,0,TRUE
12073579,2011,2,0,0,TRUE
12073579,2012,2,0,0,TRUE
12073579,2013,3,0,0,TRUE
12073579,2014,3,0,99.77,TRUE
12073603,2010,2,NA,0,TRUE
12073603,2011,2,0,0,TRUE
12073603,2012,2,0,0,TRUE
12073603,2013,3,0,0,TRUE
12073603,2014,3,0,99.08,TRUE
12073645,2010,2,NA,0,TRUE
12073645,2011,2,0,0,TRUE
12073645,2012,2,0,0,TRUE
12073645,2013,3,0,0,TRUE
12073645,2014,3,0,100,TRUE
13003000,2010,2,NA,0,TRUE
13003000,2011,2,0,0,TRUE
13003000,2012,2,0,0,TRUE
13003000,2013,3,0,0,TRUE
13003000,2014,3,0,100,TRUE
13004000,2010,2,NA,0,TRUE
13004000,2011,2,0,0,TRUE
13004000,2012,2,0,0,TRUE
13004000,2013,3,0,0,TRUE
13004000,2014,3,0,100,TRUE
13071001,2010,2,NA,0,TRUE
13071001,2011,2,0,0,TRUE
13071001,2012,2,0,0,TRUE
13071001,2013,3,0,0,TRUE
13071001,2014,3,0,100,TRUE
13071002,2010,2,NA,0,TRUE
13071002,2011,2,0,0,TRUE
13071002,2012,2,0,0,TRUE
13071002,2013,3,0,0,TRUE
13071002,2014,3,0,69.27,TRUE
13071003,2010,2,NA,0,TRUE
13071003,2011,2,0,0,TRUE
13071003,2012,2,0,0,TRUE
13071003,2013,3,0,0,TRUE
13071003,2014,3,0,99.48,TRUE
13071004,2010,2,NA,0,TRUE
13071004,2011,2,0,0,TRUE
13071004,2012,2,0,0,TRUE
13071004,2013,3,0,0,TRUE
13071004,2014,3,0,99.44,TRUE
13071005,2010,2,NA,0,TRUE
13071005,2011,2,0,0,TRUE
13071005,2012,2,0,0,TRUE
13071005,2013,3,0,0,TRUE
13071005,2014,3,0,94.19,TRUE
13071006,2010,2,NA,0,TRUE
13071006,2011,2,0,0,TRUE
13071006,2012,2,0,0,TRUE
13071006,2013,3,0,0,TRUE
13071006,2014,3,0,89.79,TRUE
13071007,2010,2,NA,0,TRUE
13071007,2011,2,0,0,TRUE
13071007,2012,2,0,0,TRUE
13071007,2013,3,0,0,TRUE
13071007,2014,3,0,90.14,TRUE
13071008,2010,2,NA,0,TRUE
13071008,2011,2,0,0,TRUE
13071008,2012,2,0,0,TRUE
13071008,2013,3,0,0,TRUE
13071008,2014,3,0,100,TRUE
13071009,2010,2,NA,0,TRUE
13071009,2011,2,0,0,TRUE
13071009,2012,2,0,0,TRUE
13071009,2013,3,0,0,TRUE
13071009,2014,3,0,100,TRUE
13071010,2010,2,NA,0,TRUE
13071010,2011,2,0,0,TRUE
13071010,2012,2,0,0,TRUE
13071010,2013,3,0,0,TRUE
13071010,2014,3,0,97.59,TRUE
13071011,2010,2,NA,0,TRUE
13071011,2011,2,0,0,TRUE
13071011,2012,2,0,0,TRUE
13071011,2013,3,0,0,TRUE
13071011,2014,3,0,99.02,TRUE
13071012,2010,2,NA,0,TRUE
13071012,2011,2,0,0,TRUE
13071012,2012,2,0,0,TRUE
13071012,2013,3,0,0,TRUE
13071012,2014,3,0,99.46,TRUE
13071013,2010,2,NA,0,TRUE
13071013,2011,2,0,0,TRUE
13071013,2012,2,0,0,TRUE
13071013,2013,3,0,0,TRUE
13071013,2014,3,0,86.67,TRUE
13071014,2010,2,NA,0,TRUE
13071014,2011,2,0,0,TRUE
13071014,2012,2,0,0,TRUE
13071014,2013,3,0,0,TRUE
13071014,2014,3,0,100,TRUE
13071015,2010,2,NA,0,TRUE
13071015,2011,2,0,0,TRUE
13071015,2012,2,0,0,TRUE
13071015,2013,3,0,0,TRUE
13071015,2014,3,0,97.14,TRUE
13071016,2010,2,NA,0,TRUE
13071016,2011,2,0,0,TRUE
13071016,2012,2,0,0,TRUE
13071016,2013,3,0,0,TRUE
13071016,2014,3,0,100,TRUE
13071017,2010,2,NA,0,TRUE
13071017,2011,2,0,0,TRUE
13071017,2012,2,0,0,TRUE
13071017,2013,3,0,0,TRUE
13071017,2014,3,0,98.91,TRUE
13071018,2010,2,NA,0,TRUE
13071018,2011,2,0,0,TRUE
13071018,2012,2,0,0,TRUE
13071018,2013,3,0,0,TRUE
13071018,2014,3,0,99.46,TRUE
13071019,2010,2,NA,0,TRUE
13071019,2011,2,0,0,TRUE
13071019,2012,2,0,0,TRUE
13071019,2013,3,0,0,TRUE
13071019,2014,3,0,85.14,TRUE
13071020,2010,2,NA,0,TRUE
13071020,2011,2,0,0,TRUE
13071020,2012,2,0,0,TRUE
13071020,2013,3,0,0,TRUE
13071020,2014,3,0,100,TRUE
13071021,2010,2,NA,0,TRUE
13071021,2011,2,0,0,TRUE
13071021,2012,2,0,0,TRUE
13071021,2013,3,0,0,TRUE
13071021,2014,3,0,99.28,TRUE
13071022,2010,2,NA,0,TRUE
13071022,2011,2,0,0,TRUE
13071022,2012,2,0,0,TRUE
13071022,2013,3,0,0,TRUE
13071022,2014,3,0,99.06,TRUE
13071023,2010,2,NA,0,TRUE
13071023,2011,2,0,0,TRUE
13071023,2012,2,0,0,TRUE
13071023,2013,3,0,0,TRUE
13071023,2014,3,0,100,TRUE
13071025,2010,2,NA,0,TRUE
13071025,2011,2,0,0,TRUE
13071025,2012,2,0,0,TRUE
13071025,2013,3,0,0,TRUE
13071025,2014,3,0,98.54,TRUE
13071026,2010,2,NA,0,TRUE
13071026,2011,2,0,0,TRUE
13071026,2012,2,0,0,TRUE
13071026,2013,3,0,0,TRUE
13071026,2014,3,0,100,TRUE
13071027,2010,2,NA,0,TRUE
13071027,2011,2,0,0,TRUE
13071027,2012,2,0,0,TRUE
13071027,2013,3,0,0,TRUE
13071027,2014,3,0,94.15,TRUE
13071028,2010,2,NA,0,TRUE
13071028,2011,2,0,0,TRUE
13071028,2012,2,0,0,TRUE
13071028,2013,3,0,0,TRUE
13071028,2014,3,0,88.96,TRUE
13071029,2010,2,NA,0,TRUE
13071029,2011,2,0,0,TRUE
13071029,2012,2,0,0,TRUE
13071029,2013,3,0,0,TRUE
13071029,2014,3,0,98.99,TRUE
13071030,2010,2,NA,0,TRUE
13071030,2011,2,0,0,TRUE
13071030,2012,2,0,0,TRUE
13071030,2013,3,0,0,TRUE
13071030,2014,3,0,100,TRUE
13071032,2010,2,NA,0,TRUE
13071032,2011,2,0,0,TRUE
13071032,2012,2,0,0,TRUE
13071032,2013,3,0,0,TRUE
13071032,2014,3,0,93.02,TRUE
13071033,2010,2,NA,0,TRUE
13071033,2011,2,0,0,TRUE
13071033,2012,2,0,0,TRUE
13071033,2013,3,0,0,TRUE
13071033,2014,3,0,96.04,TRUE
13071034,2010,2,NA,0,TRUE
13071034,2011,2,0,0,TRUE
13071034,2012,2,0,0,TRUE
13071034,2013,3,0,0,TRUE
13071034,2014,3,0,100,TRUE
13071035,2010,2,NA,0,TRUE
13071035,2011,2,0,0,TRUE
13071035,2012,2,0,0,TRUE
13071035,2013,3,0,0,TRUE
13071035,2014,3,0,94.86,TRUE
13071036,2010,2,NA,0,TRUE
13071036,2011,2,0,0,TRUE
13071036,2012,2,0,0,TRUE
13071036,2013,3,0,0,TRUE
13071036,2014,3,0,98.36,TRUE
13071037,2010,2,NA,0,TRUE
13071037,2011,2,0,0,TRUE
13071037,2012,2,0,0,TRUE
13071037,2013,3,0,0,TRUE
13071037,2014,3,0,96.59,TRUE
13071038,2010,2,NA,0,TRUE
13071038,2011,2,0,0,TRUE
13071038,2012,2,0,0,TRUE
13071038,2013,3,0,0,TRUE
13071038,2014,3,0,100,TRUE
13071039,2010,2,NA,0,TRUE
13071039,2011,2,0,0,TRUE
13071039,2012,2,0,0,TRUE
13071039,2013,3,0,0,TRUE
13071039,2014,3,0,100,TRUE
13071041,2010,2,NA,0,TRUE
13071041,2011,2,0,0,TRUE
13071041,2012,2,0,0,TRUE
13071041,2013,3,0,0,TRUE
13071041,2014,3,0,100,TRUE
13071042,2010,2,NA,0,TRUE
13071042,2011,2,0,0,TRUE
13071042,2012,2,0,0,TRUE
13071042,2013,3,0,0,TRUE
13071042,2014,3,0,30,TRUE
13071043,2010,2,NA,0,TRUE
13071043,2011,2,0,0,TRUE
13071043,2012,2,0,0,TRUE
13071043,2013,3,0,0,TRUE
13071043,2014,3,0,82.55,TRUE
13071044,2010,2,NA,0,TRUE
13071044,2011,2,0,0,TRUE
13071044,2012,2,0,0,TRUE
13071044,2013,3,0,0,TRUE
13071044,2014,3,0,99.45,TRUE
13071045,2010,2,NA,0,TRUE
13071045,2011,2,0,0,TRUE
13071045,2012,2,0,0,TRUE
13071045,2013,3,0,0,TRUE
13071045,2014,3,0,100,TRUE
13071046,2010,2,NA,0,TRUE
13071046,2011,2,0,0,TRUE
13071046,2012,2,0,0,TRUE
13071046,2013,3,0,0,TRUE
13071046,2014,3,0,98.44,TRUE
13071047,2010,2,NA,0,TRUE
13071047,2011,2,0,0,TRUE
13071047,2012,2,0,0,TRUE
13071047,2013,3,0,0,TRUE
13071047,2014,3,0,99.04,TRUE
13071048,2010,2,NA,0,TRUE
13071048,2011,2,0,0,TRUE
13071048,2012,2,0,0,TRUE
13071048,2013,3,0,0,TRUE
13071048,2014,3,0,100,TRUE
13071049,2010,2,NA,0,TRUE
13071049,2011,2,0,0,TRUE
13071049,2012,2,0,0,TRUE
13071049,2013,3,0,0,TRUE
13071049,2014,3,0,93.75,TRUE
13071050,2010,2,NA,0,TRUE
13071050,2011,2,0,0,TRUE
13071050,2012,2,0,0,TRUE
13071050,2013,3,0,0,TRUE
13071050,2014,3,0,100,TRUE
13071053,2010,2,NA,0,TRUE
13071053,2011,2,0,0,TRUE
13071053,2012,2,0,0,TRUE
13071053,2013,3,0,0,TRUE
13071053,2014,3,0,91.04,TRUE
13071054,2010,2,NA,0,TRUE
13071054,2011,2,0,0,TRUE
13071054,2012,2,0,0,TRUE
13071054,2013,3,0,0,TRUE
13071054,2014,3,0,93.96,TRUE
13071055,2010,2,NA,0,TRUE
13071055,2011,2,0,0,TRUE
13071055,2012,2,0,0,TRUE
13071055,2013,3,0,0,TRUE
13071055,2014,3,0,99.84,TRUE
13071056,2010,2,NA,0,TRUE
13071056,2011,2,0,0,TRUE
13071056,2012,2,0,0,TRUE
13071056,2013,3,0,0,TRUE
13071056,2014,3,0,100,TRUE
13071057,2010,2,NA,0,TRUE
13071057,2011,2,0,0,TRUE
13071057,2012,2,0,0,TRUE
13071057,2013,3,0,0,TRUE
13071057,2014,3,0,99.72,TRUE
13071058,2010,2,NA,0,TRUE
13071058,2011,2,0,0,TRUE
13071058,2012,2,0,0,TRUE
13071058,2013,3,0,0,TRUE
13071058,2014,3,0,96.91,TRUE
13071059,2010,2,NA,0,TRUE
13071059,2011,2,0,0,TRUE
13071059,2012,2,0,0,TRUE
13071059,2013,3,0,0,TRUE
13071059,2014,3,0,100,TRUE
13071060,2010,2,NA,0,TRUE
13071060,2011,2,0,0,TRUE
13071060,2012,2,0,0,TRUE
13071060,2013,3,0,0,TRUE
13071060,2014,3,0,100,TRUE
13071063,2010,2,NA,0,TRUE
13071063,2011,2,0,0,TRUE
13071063,2012,2,0,0,TRUE
13071063,2013,3,0,0,TRUE
13071063,2014,3,0,99.71,TRUE
13071064,2010,2,NA,0,TRUE
13071064,2011,2,0,0,TRUE
13071064,2012,2,0,0,TRUE
13071064,2013,3,0,0,TRUE
13071064,2014,3,0,100,TRUE
13071065,2010,2,NA,0,TRUE
13071065,2011,2,0,0,TRUE
13071065,2012,2,0,0,TRUE
13071065,2013,3,0,0,TRUE
13071065,2014,3,0,100,TRUE
13071066,2010,2,NA,0,TRUE
13071066,2011,2,0,0,TRUE
13071066,2012,2,0,0,TRUE
13071066,2013,3,0,0,TRUE
13071066,2014,3,0,99.61,TRUE
13071067,2010,2,NA,0,TRUE
13071067,2011,2,0,0,TRUE
13071067,2012,2,0,0,TRUE
13071067,2013,3,0,0,TRUE
13071067,2014,3,0,99.24,TRUE
13071068,2010,2,NA,0,TRUE
13071068,2011,2,0,0,TRUE
13071068,2012,2,0,0,TRUE
13071068,2013,3,0,0,TRUE
13071068,2014,3,0,100,TRUE
13071069,2010,2,NA,0,TRUE
13071069,2011,2,0,0,TRUE
13071069,2012,2,0,0,TRUE
13071069,2013,3,0,0,TRUE
13071069,2014,3,0,99.48,TRUE
13071070,2010,2,NA,0,TRUE
13071070,2011,2,0,0,TRUE
13071070,2012,2,0,0,TRUE
13071070,2013,3,0,0,TRUE
13071070,2014,3,0,100,TRUE
13071071,2010,2,NA,0,TRUE
13071071,2011,2,0,0,TRUE
13071071,2012,2,0,0,TRUE
13071071,2013,3,0,0,TRUE
13071071,2014,3,0,99.73,TRUE
13071072,2010,2,NA,0,TRUE
13071072,2011,2,0,0,TRUE
13071072,2012,2,0,0,TRUE
13071072,2013,3,0,0,TRUE
13071072,2014,3,0,100,TRUE
13071073,2010,2,NA,0,TRUE
13071073,2011,2,0,0,TRUE
13071073,2012,2,0,0,TRUE
13071073,2013,3,0,0,TRUE
13071073,2014,3,0,98.75,TRUE
13071074,2010,2,NA,0,TRUE
13071074,2011,2,0,0,TRUE
13071074,2012,2,0,0,TRUE
13071074,2013,3,0,0,TRUE
13071074,2014,3,0,99.46,TRUE
13071075,2010,2,NA,0,TRUE
13071075,2011,2,0,0,TRUE
13071075,2012,2,0,0,TRUE
13071075,2013,3,0,0,TRUE
13071075,2014,3,0,92.04,TRUE
13071076,2010,2,NA,0,TRUE
13071076,2011,2,0,0,TRUE
13071076,2012,2,0,0,TRUE
13071076,2013,3,0,0,TRUE
13071076,2014,3,0,97.11,TRUE
13071077,2010,2,NA,0,TRUE
13071077,2011,2,0,0,TRUE
13071077,2012,2,0,0,TRUE
13071077,2013,3,0,0,TRUE
13071077,2014,3,0,100,TRUE
13071078,2010,2,NA,0,TRUE
13071078,2011,2,0,0,TRUE
13071078,2012,2,0,0,TRUE
13071078,2013,3,0,0,TRUE
13071078,2014,3,0,99.53,TRUE
13071079,2010,2,NA,0,TRUE
13071079,2011,2,0,0,TRUE
13071079,2012,2,0,0,TRUE
13071079,2013,3,0,0,TRUE
13071079,2014,3,0,95.6,TRUE
13071080,2010,2,NA,0,TRUE
13071080,2011,2,0,0,TRUE
13071080,2012,2,0,0,TRUE
13071080,2013,3,0,0,TRUE
13071080,2014,3,0,93.1,TRUE
13071081,2010,2,NA,0,TRUE
13071081,2011,2,0,0,TRUE
13071081,2012,2,0,0,TRUE
13071081,2013,3,0,0,TRUE
13071081,2014,3,0,94.02,TRUE
13071083,2010,2,NA,0,TRUE
13071083,2011,2,0,0,TRUE
13071083,2012,2,0,0,TRUE
13071083,2013,3,0,0,TRUE
13071083,2014,3,0,100,TRUE
13071084,2010,2,NA,0,TRUE
13071084,2011,2,0,0,TRUE
13071084,2012,2,0,0,TRUE
13071084,2013,3,0,0,TRUE
13071084,2014,3,0,100,TRUE
13071087,2010,2,NA,0,TRUE
13071087,2011,2,0,0,TRUE
13071087,2012,2,0,0,TRUE
13071087,2013,3,0,0,TRUE
13071087,2014,3,0,99.6,TRUE
13071088,2010,2,NA,0,TRUE
13071088,2011,2,0,0,TRUE
13071088,2012,2,0,0,TRUE
13071088,2013,3,0,0,TRUE
13071088,2014,3,0,100,TRUE
13071089,2010,2,NA,0,TRUE
13071089,2011,2,0,0,TRUE
13071089,2012,2,0,0,TRUE
13071089,2013,3,0,0,TRUE
13071089,2014,3,0,100,TRUE
13071090,2010,2,NA,0,TRUE
13071090,2011,2,0,0,TRUE
13071090,2012,2,0,0,TRUE
13071090,2013,3,0,0,TRUE
13071090,2014,3,0,88.18,TRUE
13071091,2010,2,NA,0,TRUE
13071091,2011,2,0,0,TRUE
13071091,2012,2,0,0,TRUE
13071091,2013,3,0,0,TRUE
13071091,2014,3,0,99.6,TRUE
13071092,2010,2,NA,0,TRUE
13071092,2011,2,0,0,TRUE
13071092,2012,2,0,0,TRUE
13071092,2013,3,0,0,TRUE
13071092,2014,3,0,99.62,TRUE
13071093,2010,2,NA,0,TRUE
13071093,2011,2,0,0,TRUE
13071093,2012,2,0,0,TRUE
13071093,2013,3,0,0,TRUE
13071093,2014,3,0,99.83,TRUE
13071095,2010,2,NA,0,TRUE
13071095,2011,2,0,0,TRUE
13071095,2012,2,0,0,TRUE
13071095,2013,3,0,0,TRUE
13071095,2014,3,0,99.04,TRUE
13071096,2010,2,NA,0,TRUE
13071096,2011,2,0,0,TRUE
13071096,2012,2,0,0,TRUE
13071096,2013,3,0,0,TRUE
13071096,2014,3,0,100,TRUE
13071097,2010,2,NA,0,TRUE
13071097,2011,2,0,0,TRUE
13071097,2012,2,0,0,TRUE
13071097,2013,3,0,0,TRUE
13071097,2014,3,0,99.49,TRUE
13071099,2010,2,NA,0,TRUE
13071099,2011,2,0,0,TRUE
13071099,2012,2,0,0,TRUE
13071099,2013,3,0,0,TRUE
13071099,2014,3,0,96.17,TRUE
13071100,2010,2,NA,0,TRUE
13071100,2011,2,0,0,TRUE
13071100,2012,2,0,0,TRUE
13071100,2013,3,0,0,TRUE
13071100,2014,3,0,84.18,TRUE
13071101,2010,2,NA,0,TRUE
13071101,2011,2,0,0,TRUE
13071101,2012,2,0,0,TRUE
13071101,2013,3,0,0,TRUE
13071101,2014,3,0,97.49,TRUE
13071102,2010,2,NA,0,TRUE
13071102,2011,2,0,0,TRUE
13071102,2012,2,0,0,TRUE
13071102,2013,3,0,0,TRUE
13071102,2014,3,0,98.18,TRUE
13071103,2010,2,NA,0,TRUE
13071103,2011,2,0,0,TRUE
13071103,2012,2,0,0,TRUE
13071103,2013,3,0,0,TRUE
13071103,2014,3,0,99.78,TRUE
13071104,2010,2,NA,0,TRUE
13071104,2011,2,0,0,TRUE
13071104,2012,2,0,0,TRUE
13071104,2013,3,0,0,TRUE
13071104,2014,3,0,100,TRUE
13071105,2010,2,NA,0,TRUE
13071105,2011,2,0,0,TRUE
13071105,2012,2,0,0,TRUE
13071105,2013,3,0,0,TRUE
13071105,2014,3,0,97.83,TRUE
13071107,2010,2,NA,0,TRUE
13071107,2011,2,0,0,TRUE
13071107,2012,2,0,0,TRUE
13071107,2013,3,0,0,TRUE
13071107,2014,3,0,100,TRUE
13071108,2010,2,NA,0,TRUE
13071108,2011,2,0,0,TRUE
13071108,2012,2,0,0,TRUE
13071108,2013,3,0,0,TRUE
13071108,2014,3,0,100,TRUE
13071109,2010,2,NA,0,TRUE
13071109,2011,2,0,0,TRUE
13071109,2012,2,0,0,TRUE
13071109,2013,3,0,0,TRUE
13071109,2014,3,0,99.32,TRUE
13071110,2010,2,NA,0,TRUE
13071110,2011,2,0,0,TRUE
13071110,2012,2,0,0,TRUE
13071110,2013,3,0,0,TRUE
13071110,2014,3,0,99.87,TRUE
13071111,2010,2,NA,0,TRUE
13071111,2011,2,0,0,TRUE
13071111,2012,2,0,0,TRUE
13071111,2013,3,0,0,TRUE
13071111,2014,3,0,99.81,TRUE
13071112,2010,2,NA,0,TRUE
13071112,2011,2,0,0,TRUE
13071112,2012,2,0,0,TRUE
13071112,2013,3,0,0,TRUE
13071112,2014,3,0,99.78,TRUE
13071113,2010,2,NA,0,TRUE
13071113,2011,2,0,0,TRUE
13071113,2012,2,0,0,TRUE
13071113,2013,3,0,0,TRUE
13071113,2014,3,0,99.43,TRUE
13071114,2010,2,NA,0,TRUE
13071114,2011,2,0,0,TRUE
13071114,2012,2,0,0,TRUE
13071114,2013,3,0,0,TRUE
13071114,2014,3,0,81.02,TRUE
13071115,2010,2,NA,0,TRUE
13071115,2011,2,0,0,TRUE
13071115,2012,2,0,0,TRUE
13071115,2013,3,0,0,TRUE
13071115,2014,3,0,99.51,TRUE
13071116,2010,2,NA,0,TRUE
13071116,2011,2,0,0,TRUE
13071116,2012,2,0,0,TRUE
13071116,2013,3,0,0,TRUE
13071116,2014,3,0,78.08,TRUE
13071117,2010,2,NA,0,TRUE
13071117,2011,2,0,0,TRUE
13071117,2012,2,0,0,TRUE
13071117,2013,3,0,0,TRUE
13071117,2014,3,0,100,TRUE
13071118,2010,2,NA,0,TRUE
13071118,2011,2,0,0,TRUE
13071118,2012,2,0,0,TRUE
13071118,2013,3,0,0,TRUE
13071118,2014,3,0,100,TRUE
13071119,2010,2,NA,0,TRUE
13071119,2011,2,0,0,TRUE
13071119,2012,2,0,0,TRUE
13071119,2013,3,0,0,TRUE
13071119,2014,3,0,98.29,TRUE
13071120,2010,2,NA,0,TRUE
13071120,2011,2,0,0,TRUE
13071120,2012,2,0,0,TRUE
13071120,2013,3,0,0,TRUE
13071120,2014,3,0,90.67,TRUE
13071122,2010,2,NA,0,TRUE
13071122,2011,2,0,0,TRUE
13071122,2012,2,0,0,TRUE
13071122,2013,3,0,0,TRUE
13071122,2014,3,0,99.51,TRUE
13071123,2010,2,NA,0,TRUE
13071123,2011,2,0,0,TRUE
13071123,2012,2,0,0,TRUE
13071123,2013,3,0,0,TRUE
13071123,2014,3,0,100,TRUE
13071124,2010,2,NA,0,TRUE
13071124,2011,2,0,0,TRUE
13071124,2012,2,0,0,TRUE
13071124,2013,3,0,0,TRUE
13071124,2014,3,0,99.43,TRUE
13071125,2010,2,NA,0,TRUE
13071125,2011,2,0,0,TRUE
13071125,2012,2,0,0,TRUE
13071125,2013,3,0,0,TRUE
13071125,2014,3,0,97.28,TRUE
13071127,2010,2,NA,0,TRUE
13071127,2011,2,0,0,TRUE
13071127,2012,2,0,0,TRUE
13071127,2013,3,0,0,TRUE
13071127,2014,3,0,99.78,TRUE
13071128,2010,2,NA,0,TRUE
13071128,2011,2,0,0,TRUE
13071128,2012,2,0,0,TRUE
13071128,2013,3,0,0,TRUE
13071128,2014,3,0,98.81,TRUE
13071130,2010,2,NA,0,TRUE
13071130,2011,2,0,0,TRUE
13071130,2012,2,0,0,TRUE
13071130,2013,3,0,0,TRUE
13071130,2014,3,0,83.33,TRUE
13071131,2010,2,NA,0,TRUE
13071131,2011,2,0,0,TRUE
13071131,2012,2,0,0,TRUE
13071131,2013,3,0,0,TRUE
13071131,2014,3,0,94.12,TRUE
13071132,2010,2,NA,0,TRUE
13071132,2011,2,0,0,TRUE
13071132,2012,2,0,0,TRUE
13071132,2013,3,0,0,TRUE
13071132,2014,3,0,70.92,TRUE
13071133,2010,2,NA,0,TRUE
13071133,2011,2,0,0,TRUE
13071133,2012,2,0,0,TRUE
13071133,2013,3,0,0,TRUE
13071133,2014,3,0,94.53,TRUE
13071135,2010,2,NA,0,TRUE
13071135,2011,2,0,0,TRUE
13071135,2012,2,0,0,TRUE
13071135,2013,3,0,0,TRUE
13071135,2014,3,0,99.35,TRUE
13071136,2010,2,NA,0,TRUE
13071136,2011,2,0,0,TRUE
13071136,2012,2,0,0,TRUE
13071136,2013,3,0,0,TRUE
13071136,2014,3,0,85.58,TRUE
13071137,2010,2,NA,0,TRUE
13071137,2011,2,0,0,TRUE
13071137,2012,2,0,0,TRUE
13071137,2013,3,0,0,TRUE
13071137,2014,3,0,97.7,TRUE
13071138,2010,2,NA,0,TRUE
13071138,2011,2,0,0,TRUE
13071138,2012,2,0,0,TRUE
13071138,2013,3,0,0,TRUE
13071138,2014,3,0,99.49,TRUE
13071139,2010,2,NA,0,TRUE
13071139,2011,2,0,0,TRUE
13071139,2012,2,0,0,TRUE
13071139,2013,3,0,0,TRUE
13071139,2014,3,0,100,TRUE
13071140,2010,2,NA,0,TRUE
13071140,2011,2,0,0,TRUE
13071140,2012,2,0,0,TRUE
13071140,2013,3,0,0,TRUE
13071140,2014,3,0,100,TRUE
13071141,2010,2,NA,0,TRUE
13071141,2011,2,0,0,TRUE
13071141,2012,2,0,0,TRUE
13071141,2013,3,0,0,TRUE
13071141,2014,3,0,100,TRUE
13071142,2010,2,NA,0,TRUE
13071142,2011,2,0,0,TRUE
13071142,2012,2,0,0,TRUE
13071142,2013,3,0,0,TRUE
13071142,2014,3,0,99.15,TRUE
13071143,2010,2,NA,0,TRUE
13071143,2011,2,0,0,TRUE
13071143,2012,2,0,0,TRUE
13071143,2013,3,0,0,TRUE
13071143,2014,3,0,100,TRUE
13071144,2010,2,NA,0,TRUE
13071144,2011,2,0,0,TRUE
13071144,2012,2,0,0,TRUE
13071144,2013,3,0,0,TRUE
13071144,2014,3,0,99.62,TRUE
13071145,2010,2,NA,0,TRUE
13071145,2011,2,0,0,TRUE
13071145,2012,2,0,0,TRUE
13071145,2013,3,0,0,TRUE
13071145,2014,3,0,99.79,TRUE
13071146,2010,2,NA,0,TRUE
13071146,2011,2,0,0,TRUE
13071146,2012,2,0,0,TRUE
13071146,2013,3,0,0,TRUE
13071146,2014,3,0,100,TRUE
13071147,2010,2,NA,0,TRUE
13071147,2011,2,0,0,TRUE
13071147,2012,2,0,0,TRUE
13071147,2013,3,0,0,TRUE
13071147,2014,3,0,95.7,TRUE
13071148,2010,2,NA,0,TRUE
13071148,2011,2,0,0,TRUE
13071148,2012,2,0,0,TRUE
13071148,2013,3,0,0,TRUE
13071148,2014,3,0,99.66,TRUE
13071149,2010,2,NA,0,TRUE
13071149,2011,2,0,0,TRUE
13071149,2012,2,0,0,TRUE
13071149,2013,3,0,0,TRUE
13071149,2014,3,0,76.29,TRUE
13071150,2010,2,NA,0,TRUE
13071150,2011,2,0,0,TRUE
13071150,2012,2,0,0,TRUE
13071150,2013,3,0,0,TRUE
13071150,2014,3,0,100,TRUE
13071152,2010,2,NA,0,TRUE
13071152,2011,2,0,0,TRUE
13071152,2012,2,0,0,TRUE
13071152,2013,3,0,0,TRUE
13071152,2014,3,0,98.23,TRUE
13071153,2010,2,NA,0,TRUE
13071153,2011,2,0,0,TRUE
13071153,2012,2,0,0,TRUE
13071153,2013,3,0,0,TRUE
13071153,2014,3,0,85.71,TRUE
13071154,2010,2,NA,0,TRUE
13071154,2011,2,0,0,TRUE
13071154,2012,2,0,0,TRUE
13071154,2013,3,0,0,TRUE
13071154,2014,3,0,96.48,TRUE
13071155,2010,2,NA,0,TRUE
13071155,2011,2,0,0,TRUE
13071155,2012,2,0,0,TRUE
13071155,2013,3,0,0,TRUE
13071155,2014,3,0,92.22,TRUE
13071156,2010,2,NA,0,TRUE
13071156,2011,2,0,0,TRUE
13071156,2012,2,0,0,TRUE
13071156,2013,3,0,0,TRUE
13071156,2014,3,0,99.98,TRUE
13071157,2010,2,NA,0,TRUE
13071157,2011,2,0,0,TRUE
13071157,2012,2,0,0,TRUE
13071157,2013,3,0,0,TRUE
13071157,2014,3,0,99.6,TRUE
13071158,2010,2,NA,0,TRUE
13071158,2011,2,0,0,TRUE
13071158,2012,2,0,0,TRUE
13071158,2013,3,0,0,TRUE
13071158,2014,3,0,98.73,TRUE
13071159,2010,2,NA,0,TRUE
13071159,2011,2,0,0,TRUE
13071159,2012,2,0,0,TRUE
13071159,2013,3,0,0,TRUE
13071159,2014,3,0,97.75,TRUE
13071160,2010,2,NA,0,TRUE
13071160,2011,2,0,0,TRUE
13071160,2012,2,0,0,TRUE
13071160,2013,3,0,0,TRUE
13071160,2014,3,0,100,TRUE
13071161,2010,2,NA,0,TRUE
13071161,2011,2,0,0,TRUE
13071161,2012,2,0,0,TRUE
13071161,2013,3,0,0,TRUE
13071161,2014,3,0,100,TRUE
13071162,2010,2,NA,0,TRUE
13071162,2011,2,0,0,TRUE
13071162,2012,2,0,0,TRUE
13071162,2013,3,0,0,TRUE
13071162,2014,3,0,87.5,TRUE
13071163,2010,2,NA,0,TRUE
13071163,2011,2,0,0,TRUE
13071163,2012,2,0,0,TRUE
13071163,2013,3,0,0,TRUE
13071163,2014,3,0,98.26,TRUE
13071164,2010,2,NA,0,TRUE
13071164,2011,2,0,0,TRUE
13071164,2012,2,0,0,TRUE
13071164,2013,3,0,0,TRUE
13071164,2014,3,0,96.26,TRUE
13071165,2010,2,NA,0,TRUE
13071165,2011,2,0,0,TRUE
13071165,2012,2,0,0,TRUE
13071165,2013,3,0,0,TRUE
13071165,2014,3,0,98.85,TRUE
13071166,2010,2,NA,0,TRUE
13071166,2011,2,0,0,TRUE
13071166,2012,2,0,0,TRUE
13071166,2013,3,0,0,TRUE
13071166,2014,3,0,99.86,TRUE
13071167,2010,2,NA,0,TRUE
13071167,2011,2,0,0,TRUE
13071167,2012,2,0,0,TRUE
13071167,2013,3,0,0,TRUE
13071167,2014,3,0,75.32,TRUE
13071168,2010,2,NA,0,TRUE
13071168,2011,2,0,0,TRUE
13071168,2012,2,0,0,TRUE
13071168,2013,3,0,0,TRUE
13071168,2014,3,0,97.06,TRUE
13071169,2010,2,NA,0,TRUE
13071169,2011,2,0,0,TRUE
13071169,2012,2,0,0,TRUE
13071169,2013,3,0,0,TRUE
13071169,2014,3,0,98.77,TRUE
13071170,2010,2,NA,0,TRUE
13071170,2011,2,0,0,TRUE
13071170,2012,2,0,0,TRUE
13071170,2013,3,0,0,TRUE
13071170,2014,3,0,100,TRUE
13071171,2010,2,NA,0,TRUE
13071171,2011,2,0,0,TRUE
13071171,2012,2,0,0,TRUE
13071171,2013,3,0,0,TRUE
13071171,2014,3,0,95.73,TRUE
13071172,2010,2,NA,0,TRUE
13071172,2011,2,0,0,TRUE
13071172,2012,2,0,0,TRUE
13071172,2013,3,0,0,TRUE
13071172,2014,3,0,99.83,TRUE
13071173,2010,2,NA,0,TRUE
13071173,2011,2,0,0,TRUE
13071173,2012,2,0,0,TRUE
13071173,2013,3,0,0,TRUE
13071173,2014,3,0,98.82,TRUE
13071174,2010,2,NA,0,TRUE
13071174,2011,2,0,0,TRUE
13071174,2012,2,0,0,TRUE
13071174,2013,3,0,0,TRUE
13071174,2014,3,0,92.31,TRUE
13072001,2010,2,NA,0,TRUE
13072001,2011,2,0,0,TRUE
13072001,2012,2,0,0,TRUE
13072001,2013,3,0,0,TRUE
13072001,2014,3,0,100,TRUE
13072002,2010,2,NA,0,TRUE
13072002,2011,2,0,0,TRUE
13072002,2012,2,0,0,TRUE
13072002,2013,3,0,0,TRUE
13072002,2014,3,0,99.17,TRUE
13072003,2010,2,NA,0,TRUE
13072003,2011,2,0,0,TRUE
13072003,2012,2,0,0,TRUE
13072003,2013,3,0,0,TRUE
13072003,2014,3,0,73.99,TRUE
13072004,2010,2,NA,0,TRUE
13072004,2011,2,0,0,TRUE
13072004,2012,2,0,0,TRUE
13072004,2013,3,0,0,TRUE
13072004,2014,3,0,95.69,TRUE
13072005,2010,2,NA,0,TRUE
13072005,2011,2,0,0,TRUE
13072005,2012,2,0,0,TRUE
13072005,2013,3,0,0,TRUE
13072005,2014,3,0,100,TRUE
13072006,2010,2,NA,0,TRUE
13072006,2011,2,0,0,TRUE
13072006,2012,2,0,0,TRUE
13072006,2013,3,0,0,TRUE
13072006,2014,3,0,100,TRUE
13072007,2010,2,NA,0,TRUE
13072007,2011,2,0,0,TRUE
13072007,2012,2,0,0,TRUE
13072007,2013,3,0,0,TRUE
13072007,2014,3,0,100,TRUE
13072008,2010,2,NA,0,TRUE
13072008,2011,2,0,0,TRUE
13072008,2012,2,0,0,TRUE
13072008,2013,3,0,0,TRUE
13072008,2014,3,0,100,TRUE
13072009,2010,2,NA,0,TRUE
13072009,2011,2,0,0,TRUE
13072009,2012,2,0,0,TRUE
13072009,2013,3,0,0,TRUE
13072009,2014,3,0,100,TRUE
13072010,2010,2,NA,0,TRUE
13072010,2011,2,0,0,TRUE
13072010,2012,2,0,0,TRUE
13072010,2013,3,0,0,TRUE
13072010,2014,3,0,73.81,TRUE
13072011,2010,2,NA,0,TRUE
13072011,2011,2,0,0,TRUE
13072011,2012,2,0,0,TRUE
13072011,2013,3,0,0,TRUE
13072011,2014,3,0,98.91,TRUE
13072012,2010,2,NA,0,TRUE
13072012,2011,2,0,0,TRUE
13072012,2012,2,0,0,TRUE
13072012,2013,3,0,0,TRUE
13072012,2014,3,0,100,TRUE
13072013,2010,2,NA,0,TRUE
13072013,2011,2,0,0,TRUE
13072013,2012,2,0,0,TRUE
13072013,2013,3,0,0,TRUE
13072013,2014,3,0,94.63,TRUE
13072014,2010,2,NA,0,TRUE
13072014,2011,2,0,0,TRUE
13072014,2012,2,0,0,TRUE
13072014,2013,3,0,0,TRUE
13072014,2014,3,0,99.85,TRUE
13072015,2010,2,NA,0,TRUE
13072015,2011,2,0,0,TRUE
13072015,2012,2,0,0,TRUE
13072015,2013,3,0,0,TRUE
13072015,2014,3,0,100,TRUE
13072016,2010,2,NA,0,TRUE
13072016,2011,2,0,0,TRUE
13072016,2012,2,0,0,TRUE
13072016,2013,3,0,0,TRUE
13072016,2014,3,0,91.76,TRUE
13072017,2010,2,NA,0,TRUE
13072017,2011,2,0,0,TRUE
13072017,2012,2,0,0,TRUE
13072017,2013,3,0,0,TRUE
13072017,2014,3,0,100,TRUE
13072018,2010,2,NA,0,TRUE
13072018,2011,2,0,0,TRUE
13072018,2012,2,0,0,TRUE
13072018,2013,3,0,0,TRUE
13072018,2014,3,0,99.58,TRUE
13072019,2010,2,NA,0,TRUE
13072019,2011,2,0,0,TRUE
13072019,2012,2,0,0,TRUE
13072019,2013,3,0,0,TRUE
13072019,2014,3,0,100,TRUE
13072020,2010,2,NA,0,TRUE
13072020,2011,2,0,0,TRUE
13072020,2012,2,0,0,TRUE
13072020,2013,3,0,0,TRUE
13072020,2014,3,0,100,TRUE
13072021,2010,2,NA,0,TRUE
13072021,2011,2,0,0,TRUE
13072021,2012,2,0,0,TRUE
13072021,2013,3,0,0,TRUE
13072021,2014,3,0,99.49,TRUE
13072022,2010,2,NA,0,TRUE
13072022,2011,2,0,0,TRUE
13072022,2012,2,0,0,TRUE
13072022,2013,3,0,0,TRUE
13072022,2014,3,0,97.6,TRUE
13072023,2010,2,NA,0,TRUE
13072023,2011,2,0,0,TRUE
13072023,2012,2,0,0,TRUE
13072023,2013,3,0,0,TRUE
13072023,2014,3,0,99.27,TRUE
13072024,2010,2,NA,0,TRUE
13072024,2011,2,0,0,TRUE
13072024,2012,2,0,0,TRUE
13072024,2013,3,0,0,TRUE
13072024,2014,3,0,92.11,TRUE
13072025,2010,2,NA,0,TRUE
13072025,2011,2,0,0,TRUE
13072025,2012,2,0,0,TRUE
13072025,2013,3,0,0,TRUE
13072025,2014,3,0,93.16,TRUE
13072026,2010,2,NA,0,TRUE
13072026,2011,2,0,0,TRUE
13072026,2012,2,0,0,TRUE
13072026,2013,3,0,0,TRUE
13072026,2014,3,0,98.62,TRUE
13072027,2010,2,NA,0,TRUE
13072027,2011,2,0,0,TRUE
13072027,2012,2,0,0,TRUE
13072027,2013,3,0,0,TRUE
13072027,2014,3,0,99.48,TRUE
13072028,2010,2,NA,0,TRUE
13072028,2011,2,0,0,TRUE
13072028,2012,2,0,0,TRUE
13072028,2013,3,0,0,TRUE
13072028,2014,3,0,87.04,TRUE
13072029,2010,2,NA,0,TRUE
13072029,2011,2,0,0,TRUE
13072029,2012,2,0,0,TRUE
13072029,2013,3,0,0,TRUE
13072029,2014,3,0,99.97,TRUE
13072030,2010,2,NA,0,TRUE
13072030,2011,2,0,0,TRUE
13072030,2012,2,0,0,TRUE
13072030,2013,3,0,0,TRUE
13072030,2014,3,0,100,TRUE
13072031,2010,2,NA,0,TRUE
13072031,2011,2,0,0,TRUE
13072031,2012,2,0,0,TRUE
13072031,2013,3,0,0,TRUE
13072031,2014,3,0,98.13,TRUE
13072032,2010,2,NA,0,TRUE
13072032,2011,2,0,0,TRUE
13072032,2012,2,0,0,TRUE
13072032,2013,3,0,0,TRUE
13072032,2014,3,0,100,TRUE
13072033,2010,2,NA,0,TRUE
13072033,2011,2,0,0,TRUE
13072033,2012,2,0,0,TRUE
13072033,2013,3,0,0,TRUE
13072033,2014,3,0,76.27,TRUE
13072034,2010,2,NA,0,TRUE
13072034,2011,2,0,0,TRUE
13072034,2012,2,0,0,TRUE
13072034,2013,3,0,0,TRUE
13072034,2014,3,0,87.96,TRUE
13072035,2010,2,NA,0,TRUE
13072035,2011,2,0,0,TRUE
13072035,2012,2,0,0,TRUE
13072035,2013,3,0,0,TRUE
13072035,2014,3,0,100,TRUE
13072036,2010,2,NA,0,TRUE
13072036,2011,2,0,0,TRUE
13072036,2012,2,0,0,TRUE
13072036,2013,3,0,0,TRUE
13072036,2014,3,0,99.95,TRUE
13072037,2010,2,NA,0,TRUE
13072037,2011,2,0,0,TRUE
13072037,2012,2,0,0,TRUE
13072037,2013,3,0,0,TRUE
13072037,2014,3,0,91.58,TRUE
13072038,2010,2,NA,0,TRUE
13072038,2011,2,0,0,TRUE
13072038,2012,2,0,0,TRUE
13072038,2013,3,0,0,TRUE
13072038,2014,3,0,99.1,TRUE
13072039,2010,2,NA,0,TRUE
13072039,2011,2,0,0,TRUE
13072039,2012,2,0,0,TRUE
13072039,2013,3,0,0,TRUE
13072039,2014,3,0,100,TRUE
13072040,2010,2,NA,0,TRUE
13072040,2011,2,0,0,TRUE
13072040,2012,2,0,0,TRUE
13072040,2013,3,0,0,TRUE
13072040,2014,3,0,99.82,TRUE
13072041,2010,2,NA,0,TRUE
13072041,2011,2,0,0,TRUE
13072041,2012,2,0,0,TRUE
13072041,2013,3,0,0,TRUE
13072041,2014,3,0,99.51,TRUE
13072042,2010,2,NA,0,TRUE
13072042,2011,2,0,0,TRUE
13072042,2012,2,0,0,TRUE
13072042,2013,3,0,0,TRUE
13072042,2014,3,0,94.74,TRUE
13072043,2010,2,NA,0,TRUE
13072043,2011,2,0,0,TRUE
13072043,2012,2,0,0,TRUE
13072043,2013,3,0,0,TRUE
13072043,2014,3,0,99.99,TRUE
13072044,2010,2,NA,0,TRUE
13072044,2011,2,0,0,TRUE
13072044,2012,2,0,0,TRUE
13072044,2013,3,0,0,TRUE
13072044,2014,3,0,89.37,TRUE
13072045,2010,2,NA,0,TRUE
13072045,2011,2,0,0,TRUE
13072045,2012,2,0,0,TRUE
13072045,2013,3,0,0,TRUE
13072045,2014,3,0,100,TRUE
13072046,2010,2,NA,0,TRUE
13072046,2011,2,0,0,TRUE
13072046,2012,2,0,0,TRUE
13072046,2013,3,0,0,TRUE
13072046,2014,3,0,100,TRUE
13072047,2010,2,NA,0,TRUE
13072047,2011,2,0,0,TRUE
13072047,2012,2,0,0,TRUE
13072047,2013,3,0,0,TRUE
13072047,2014,3,0,99.73,TRUE
13072048,2010,2,NA,0,TRUE
13072048,2011,2,0,0,TRUE
13072048,2012,2,0,0,TRUE
13072048,2013,3,0,0,TRUE
13072048,2014,3,0,86.07,TRUE
13072049,2010,2,NA,0,TRUE
13072049,2011,2,0,0,TRUE
13072049,2012,2,0,0,TRUE
13072049,2013,3,0,0,TRUE
13072049,2014,3,0,99.12,TRUE
13072050,2010,2,NA,0,TRUE
13072050,2011,2,0,0,TRUE
13072050,2012,2,0,0,TRUE
13072050,2013,3,0,0,TRUE
13072050,2014,3,0,95.68,TRUE
13072051,2010,2,NA,0,TRUE
13072051,2011,2,0,0,TRUE
13072051,2012,2,0,0,TRUE
13072051,2013,3,0,0,TRUE
13072051,2014,3,0,83.93,TRUE
13072052,2010,2,NA,0,TRUE
13072052,2011,2,0,0,TRUE
13072052,2012,2,0,0,TRUE
13072052,2013,3,0,0,TRUE
13072052,2014,3,0,87.37,TRUE
13072053,2010,2,NA,0,TRUE
13072053,2011,2,0,0,TRUE
13072053,2012,2,0,0,TRUE
13072053,2013,3,0,0,TRUE
13072053,2014,3,0,98.5,TRUE
13072054,2010,2,NA,0,TRUE
13072054,2011,2,0,0,TRUE
13072054,2012,2,0,0,TRUE
13072054,2013,3,0,0,TRUE
13072054,2014,3,0,99.74,TRUE
13072055,2010,2,NA,0,TRUE
13072055,2011,2,0,0,TRUE
13072055,2012,2,0,0,TRUE
13072055,2013,3,0,0,TRUE
13072055,2014,3,0,100,TRUE
13072056,2010,2,NA,0,TRUE
13072056,2011,2,0,0,TRUE
13072056,2012,2,0,0,TRUE
13072056,2013,3,0,0,TRUE
13072056,2014,3,0,97.88,TRUE
13072057,2010,2,NA,0,TRUE
13072057,2011,2,0,0,TRUE
13072057,2012,2,0,0,TRUE
13072057,2013,3,0,0,TRUE
13072057,2014,3,0,100,TRUE
13072058,2010,2,NA,0,TRUE
13072058,2011,2,0,0,TRUE
13072058,2012,2,0,0,TRUE
13072058,2013,3,0,0,TRUE
13072058,2014,3,0,99.79,TRUE
13072059,2010,2,NA,0,TRUE
13072059,2011,2,0,0,TRUE
13072059,2012,2,0,0,TRUE
13072059,2013,3,0,0,TRUE
13072059,2014,3,0,95.98,TRUE
13072060,2010,2,NA,0,TRUE
13072060,2011,2,0,0,TRUE
13072060,2012,2,0,0,TRUE
13072060,2013,3,0,0,TRUE
13072060,2014,3,0,100,TRUE
13072061,2010,2,NA,0,TRUE
13072061,2011,2,0,0,TRUE
13072061,2012,2,0,0,TRUE
13072061,2013,3,0,0,TRUE
13072061,2014,3,0,87.93,TRUE
13072062,2010,2,NA,0,TRUE
13072062,2011,2,0,0,TRUE
13072062,2012,2,0,0,TRUE
13072062,2013,3,0,0,TRUE
13072062,2014,3,0,99.93,TRUE
13072063,2010,2,NA,0,TRUE
13072063,2011,2,0,0,TRUE
13072063,2012,2,0,0,TRUE
13072063,2013,3,0,0,TRUE
13072063,2014,3,0,92.69,TRUE
13072064,2010,2,NA,0,TRUE
13072064,2011,2,0,0,TRUE
13072064,2012,2,0,0,TRUE
13072064,2013,3,0,0,TRUE
13072064,2014,3,0,99.09,TRUE
13072066,2010,2,NA,0,TRUE
13072066,2011,2,0,0,TRUE
13072066,2012,2,0,0,TRUE
13072066,2013,3,0,0,TRUE
13072066,2014,3,0,98.58,TRUE
13072067,2010,2,NA,0,TRUE
13072067,2011,2,0,0,TRUE
13072067,2012,2,0,0,TRUE
13072067,2013,3,0,0,TRUE
13072067,2014,3,0,99.21,TRUE
13072068,2010,2,NA,0,TRUE
13072068,2011,2,0,0,TRUE
13072068,2012,2,0,0,TRUE
13072068,2013,3,0,0,TRUE
13072068,2014,3,0,96.75,TRUE
13072069,2010,2,NA,0,TRUE
13072069,2011,2,0,0,TRUE
13072069,2012,2,0,0,TRUE
13072069,2013,3,0,0,TRUE
13072069,2014,3,0,72.16,TRUE
13072071,2010,2,NA,0,TRUE
13072071,2011,2,0,0,TRUE
13072071,2012,2,0,0,TRUE
13072071,2013,3,0,0,TRUE
13072071,2014,3,0,87.7,TRUE
13072072,2010,2,NA,0,TRUE
13072072,2011,2,0,0,TRUE
13072072,2012,2,0,0,TRUE
13072072,2013,3,0,0,TRUE
13072072,2014,3,0,99.81,TRUE
13072073,2010,2,NA,0,TRUE
13072073,2011,2,0,0,TRUE
13072073,2012,2,0,0,TRUE
13072073,2013,3,0,0,TRUE
13072073,2014,3,0,99.81,TRUE
13072074,2010,2,NA,0,TRUE
13072074,2011,2,0,0,TRUE
13072074,2012,2,0,0,TRUE
13072074,2013,3,0,0,TRUE
13072074,2014,3,0,99.9,TRUE
13072075,2010,2,NA,0,TRUE
13072075,2011,2,0,0,TRUE
13072075,2012,2,0,0,TRUE
13072075,2013,3,0,0,TRUE
13072075,2014,3,0,100,TRUE
13072076,2010,2,NA,0,TRUE
13072076,2011,2,0,0,TRUE
13072076,2012,2,0,0,TRUE
13072076,2013,3,0,0,TRUE
13072076,2014,3,0,100,TRUE
13072077,2010,2,NA,0,TRUE
13072077,2011,2,0,0,TRUE
13072077,2012,2,0,0,TRUE
13072077,2013,3,0,0,TRUE
13072077,2014,3,0,100,TRUE
13072078,2010,2,NA,0,TRUE
13072078,2011,2,0,0,TRUE
13072078,2012,2,0,0,TRUE
13072078,2013,3,0,0,TRUE
13072078,2014,3,0,100,TRUE
13072079,2010,2,NA,0,TRUE
13072079,2011,2,0,0,TRUE
13072079,2012,2,0,0,TRUE
13072079,2013,3,0,0,TRUE
13072079,2014,3,0,98.96,TRUE
13072080,2010,2,NA,0,TRUE
13072080,2011,2,0,0,TRUE
13072080,2012,2,0,0,TRUE
13072080,2013,3,0,0,TRUE
13072080,2014,3,0,99.77,TRUE
13072081,2010,2,NA,0,TRUE
13072081,2011,2,0,0,TRUE
13072081,2012,2,0,0,TRUE
13072081,2013,3,0,0,TRUE
13072081,2014,3,0,100,TRUE
13072082,2010,2,NA,0,TRUE
13072082,2011,2,0,0,TRUE
13072082,2012,2,0,0,TRUE
13072082,2013,3,0,0,TRUE
13072082,2014,3,0,99.51,TRUE
13072083,2010,2,NA,0,TRUE
13072083,2011,2,0,0,TRUE
13072083,2012,2,0,0,TRUE
13072083,2013,3,0,0,TRUE
13072083,2014,3,0,100,TRUE
13072084,2010,2,NA,0,TRUE
13072084,2011,2,0,0,TRUE
13072084,2012,2,0,0,TRUE
13072084,2013,3,0,0,TRUE
13072084,2014,3,0,99.18,TRUE
13072085,2010,2,NA,0,TRUE
13072085,2011,2,0,0,TRUE
13072085,2012,2,0,0,TRUE
13072085,2013,3,0,0,TRUE
13072085,2014,3,0,99.91,TRUE
13072086,2010,2,NA,0,TRUE
13072086,2011,2,0,0,TRUE
13072086,2012,2,0,0,TRUE
13072086,2013,3,0,0,TRUE
13072086,2014,3,0,99.34,TRUE
13072087,2010,2,NA,0,TRUE
13072087,2011,2,0,0,TRUE
13072087,2012,2,0,0,TRUE
13072087,2013,3,0,0,TRUE
13072087,2014,3,0,100,TRUE
13072088,2010,2,NA,0,TRUE
13072088,2011,2,0,0,TRUE
13072088,2012,2,0,0,TRUE
13072088,2013,3,0,0,TRUE
13072088,2014,3,0,100,TRUE
13072089,2010,2,NA,0,TRUE
13072089,2011,2,0,0,TRUE
13072089,2012,2,0,0,TRUE
13072089,2013,3,0,0,TRUE
13072089,2014,3,0,96.76,TRUE
13072090,2010,2,NA,0,TRUE
13072090,2011,2,0,0,TRUE
13072090,2012,2,0,0,TRUE
13072090,2013,3,0,0,TRUE
13072090,2014,3,0,94.58,TRUE
13072091,2010,2,NA,0,TRUE
13072091,2011,2,0,0,TRUE
13072091,2012,2,0,0,TRUE
13072091,2013,3,0,0,TRUE
13072091,2014,3,0,99.39,TRUE
13072092,2010,2,NA,0,TRUE
13072092,2011,2,0,0,TRUE
13072092,2012,2,0,0,TRUE
13072092,2013,3,0,0,TRUE
13072092,2014,3,0,83.46,TRUE
13072093,2010,2,NA,0,TRUE
13072093,2011,2,0,0,TRUE
13072093,2012,2,0,0,TRUE
13072093,2013,3,0,0,TRUE
13072093,2014,3,0,99.28,TRUE
13072094,2010,2,NA,0,TRUE
13072094,2011,2,0,0,TRUE
13072094,2012,2,0,0,TRUE
13072094,2013,3,0,0,TRUE
13072094,2014,3,0,99.28,TRUE
13072095,2010,2,NA,0,TRUE
13072095,2011,2,0,0,TRUE
13072095,2012,2,0,0,TRUE
13072095,2013,3,0,0,TRUE
13072095,2014,3,0,100,TRUE
13072096,2010,2,NA,0,TRUE
13072096,2011,2,0,0,TRUE
13072096,2012,2,0,0,TRUE
13072096,2013,3,0,0,TRUE
13072096,2014,3,0,84.49,TRUE
13072097,2010,2,NA,0,TRUE
13072097,2011,2,0,0,TRUE
13072097,2012,2,0,0,TRUE
13072097,2013,3,0,0,TRUE
13072097,2014,3,0,79.64,TRUE
13072098,2010,2,NA,0,TRUE
13072098,2011,2,0,0,TRUE
13072098,2012,2,0,0,TRUE
13072098,2013,3,0,0,TRUE
13072098,2014,3,0,100,TRUE
13072099,2010,2,NA,0,TRUE
13072099,2011,2,0,0,TRUE
13072099,2012,2,0,0,TRUE
13072099,2013,3,0,0,TRUE
13072099,2014,3,0,100,TRUE
13072101,2010,2,NA,0,TRUE
13072101,2011,2,0,0,TRUE
13072101,2012,2,0,0,TRUE
13072101,2013,3,0,0,TRUE
13072101,2014,3,0,100,TRUE
13072102,2010,2,NA,0,TRUE
13072102,2011,2,0,0,TRUE
13072102,2012,2,0,0,TRUE
13072102,2013,3,0,0,TRUE
13072102,2014,3,0,87.69,TRUE
13072103,2010,2,NA,0,TRUE
13072103,2011,2,0,0,TRUE
13072103,2012,2,0,0,TRUE
13072103,2013,3,0,0,TRUE
13072103,2014,3,0,95.59,TRUE
13072104,2010,2,NA,0,TRUE
13072104,2011,2,0,0,TRUE
13072104,2012,2,0,0,TRUE
13072104,2013,3,0,0,TRUE
13072104,2014,3,0,84.25,TRUE
13072105,2010,2,NA,0,TRUE
13072105,2011,2,0,0,TRUE
13072105,2012,2,0,0,TRUE
13072105,2013,3,0,0,TRUE
13072105,2014,3,0,100,TRUE
13072106,2010,2,NA,0,TRUE
13072106,2011,2,0,0,TRUE
13072106,2012,2,0,0,TRUE
13072106,2013,3,0,0,TRUE
13072106,2014,3,0,99.89,TRUE
13072107,2010,2,NA,0,TRUE
13072107,2011,2,0,0,TRUE
13072107,2012,2,0,0,TRUE
13072107,2013,3,0,0,TRUE
13072107,2014,3,0,100,TRUE
13072108,2010,2,NA,0,TRUE
13072108,2011,2,0,0,TRUE
13072108,2012,2,0,0,TRUE
13072108,2013,3,0,0,TRUE
13072108,2014,3,0,100,TRUE
13072109,2010,2,NA,0,TRUE
13072109,2011,2,0,0,TRUE
13072109,2012,2,0,0,TRUE
13072109,2013,3,0,0,TRUE
13072109,2014,3,0,98.99,TRUE
13072110,2010,2,NA,0,TRUE
13072110,2011,2,0,0,TRUE
13072110,2012,2,0,0,TRUE
13072110,2013,3,0,0,TRUE
13072110,2014,3,0,98.72,TRUE
13072111,2010,2,NA,0,TRUE
13072111,2011,2,0,0,TRUE
13072111,2012,2,0,0,TRUE
13072111,2013,3,0,0,TRUE
13072111,2014,3,0,100,TRUE
13072112,2010,2,NA,0,TRUE
13072112,2011,2,0,0,TRUE
13072112,2012,2,0,0,TRUE
13072112,2013,3,0,0,TRUE
13072112,2014,3,0,99.85,TRUE
13072113,2010,2,NA,0,TRUE
13072113,2011,2,0,0,TRUE
13072113,2012,2,0,0,TRUE
13072113,2013,3,0,0,TRUE
13072113,2014,3,0,96,TRUE
13072114,2010,2,NA,0,TRUE
13072114,2011,2,0,0,TRUE
13072114,2012,2,0,0,TRUE
13072114,2013,3,0,0,TRUE
13072114,2014,3,0,97.08,TRUE
13072116,2010,2,NA,0,TRUE
13072116,2011,2,0,0,TRUE
13072116,2012,2,0,0,TRUE
13072116,2013,3,0,0,TRUE
13072116,2014,3,0,100,TRUE
13072117,2010,2,NA,0,TRUE
13072117,2011,2,0,0,TRUE
13072117,2012,2,0,0,TRUE
13072117,2013,3,0,0,TRUE
13072117,2014,3,0,100,TRUE
13072118,2010,2,NA,0,TRUE
13072118,2011,2,0,0,TRUE
13072118,2012,2,0,0,TRUE
13072118,2013,3,0,0,TRUE
13072118,2014,3,0,96.22,TRUE
13072119,2010,2,NA,0,TRUE
13072119,2011,2,0,0,TRUE
13072119,2012,2,0,0,TRUE
13072119,2013,3,0,0,TRUE
13072119,2014,3,0,96.6,TRUE
13072120,2010,2,NA,0,TRUE
13072120,2011,2,0,0,TRUE
13072120,2012,2,0,0,TRUE
13072120,2013,3,0,0,TRUE
13072120,2014,3,0,99.62,TRUE
13072121,2010,2,NA,0,TRUE
13072121,2011,2,0,0,TRUE
13072121,2012,2,0,0,TRUE
13072121,2013,3,0,0,TRUE
13072121,2014,3,0,100,TRUE
13073001,2010,2,NA,0,TRUE
13073001,2011,2,0,0,TRUE
13073001,2012,2,0,0,TRUE
13073001,2013,3,0,0,TRUE
13073001,2014,3,0,99.26,TRUE
13073002,2010,2,NA,0,TRUE
13073002,2011,2,0,0,TRUE
13073002,2012,2,0,0,TRUE
13073002,2013,3,0,0,TRUE
13073002,2014,3,0,100,TRUE
13073003,2010,2,NA,0,TRUE
13073003,2011,2,0,0,TRUE
13073003,2012,2,0,0,TRUE
13073003,2013,3,0,0,TRUE
13073003,2014,3,0,100,TRUE
13073004,2010,2,NA,0,TRUE
13073004,2011,2,0,0,TRUE
13073004,2012,2,0,0,TRUE
13073004,2013,3,0,0,TRUE
13073004,2014,3,0,97.7,TRUE
13073005,2010,2,NA,0,TRUE
13073005,2011,2,0,0,TRUE
13073005,2012,2,0,0,TRUE
13073005,2013,3,0,0,TRUE
13073005,2014,3,0,99.6,TRUE
13073006,2010,2,NA,0,TRUE
13073006,2011,2,0,0,TRUE
13073006,2012,2,0,0,TRUE
13073006,2013,3,0,0,TRUE
13073006,2014,3,0,100,TRUE
13073007,2010,2,NA,0,TRUE
13073007,2011,2,0,0,TRUE
13073007,2012,2,0,0,TRUE
13073007,2013,3,0,0,TRUE
13073007,2014,3,0,99.89,TRUE
13073009,2010,2,NA,0,TRUE
13073009,2011,2,0,0,TRUE
13073009,2012,2,0,0,TRUE
13073009,2013,3,0,0,TRUE
13073009,2014,3,0,99.51,TRUE
13073010,2010,2,NA,0,TRUE
13073010,2011,2,0,0,TRUE
13073010,2012,2,0,0,TRUE
13073010,2013,3,0,0,TRUE
13073010,2014,3,0,99.82,TRUE
13073011,2010,2,NA,0,TRUE
13073011,2011,2,0,0,TRUE
13073011,2012,2,0,0,TRUE
13073011,2013,3,0,0,TRUE
13073011,2014,3,0,100,TRUE
13073012,2010,2,NA,0,TRUE
13073012,2011,2,0,0,TRUE
13073012,2012,2,0,0,TRUE
13073012,2013,3,0,0,TRUE
13073012,2014,3,0,98.8,TRUE
13073013,2010,2,NA,0,TRUE
13073013,2011,2,0,0,TRUE
13073013,2012,2,0,0,TRUE
13073013,2013,3,0,0,TRUE
13073013,2014,3,0,94.96,TRUE
13073014,2010,2,NA,0,TRUE
13073014,2011,2,0,0,TRUE
13073014,2012,2,0,0,TRUE
13073014,2013,3,0,0,TRUE
13073014,2014,3,0,96.21,TRUE
13073015,2010,2,NA,0,TRUE
13073015,2011,2,0,0,TRUE
13073015,2012,2,0,0,TRUE
13073015,2013,3,0,0,TRUE
13073015,2014,3,0,98.87,TRUE
13073016,2010,2,NA,0,TRUE
13073016,2011,2,0,0,TRUE
13073016,2012,2,0,0,TRUE
13073016,2013,3,0,0,TRUE
13073016,2014,3,0,76.6,TRUE
13073017,2010,2,NA,0,TRUE
13073017,2011,2,0,0,TRUE
13073017,2012,2,0,0,TRUE
13073017,2013,3,0,0,TRUE
13073017,2014,3,0,99.88,TRUE
13073018,2010,2,NA,0,TRUE
13073018,2011,2,0,0,TRUE
13073018,2012,2,0,0,TRUE
13073018,2013,3,0,0,TRUE
13073018,2014,3,0,100,TRUE
13073019,2010,2,NA,0,TRUE
13073019,2011,2,0,0,TRUE
13073019,2012,2,0,0,TRUE
13073019,2013,3,0,0,TRUE
13073019,2014,3,0,98.96,TRUE
13073020,2010,2,NA,0,TRUE
13073020,2011,2,0,0,TRUE
13073020,2012,2,0,0,TRUE
13073020,2013,3,0,0,TRUE
13073020,2014,3,0,82.73,TRUE
13073021,2010,2,NA,0,TRUE
13073021,2011,2,0,0,TRUE
13073021,2012,2,0,0,TRUE
13073021,2013,3,0,0,TRUE
13073021,2014,3,0,99.49,TRUE
13073022,2010,2,NA,0,TRUE
13073022,2011,2,0,0,TRUE
13073022,2012,2,0,0,TRUE
13073022,2013,3,0,0,TRUE
13073022,2014,3,0,99.31,TRUE
13073023,2010,2,NA,0,TRUE
13073023,2011,2,0,0,TRUE
13073023,2012,2,0,0,TRUE
13073023,2013,3,0,0,TRUE
13073023,2014,3,0,99.19,TRUE
13073024,2010,2,NA,0,TRUE
13073024,2011,2,0,0,TRUE
13073024,2012,2,0,0,TRUE
13073024,2013,3,0,0,TRUE
13073024,2014,3,0,100,TRUE
13073025,2010,2,NA,0,TRUE
13073025,2011,2,0,0,TRUE
13073025,2012,2,0,0,TRUE
13073025,2013,3,0,0,TRUE
13073025,2014,3,0,96.32,TRUE
13073026,2010,2,NA,0,TRUE
13073026,2011,2,0,0,TRUE
13073026,2012,2,0,0,TRUE
13073026,2013,3,0,0,TRUE
13073026,2014,3,0,100,TRUE
13073027,2010,2,NA,0,TRUE
13073027,2011,2,0,0,TRUE
13073027,2012,2,0,0,TRUE
13073027,2013,3,0,0,TRUE
13073027,2014,3,0,99.6,TRUE
13073028,2010,2,NA,0,TRUE
13073028,2011,2,0,0,TRUE
13073028,2012,2,0,0,TRUE
13073028,2013,3,0,0,TRUE
13073028,2014,3,0,99.85,TRUE
13073029,2010,2,NA,0,TRUE
13073029,2011,2,0,0,TRUE
13073029,2012,2,0,0,TRUE
13073029,2013,3,0,0,TRUE
13073029,2014,3,0,94.55,TRUE
13073030,2010,2,NA,0,TRUE
13073030,2011,2,0,0,TRUE
13073030,2012,2,0,0,TRUE
13073030,2013,3,0,0,TRUE
13073030,2014,3,0,97.92,TRUE
13073031,2010,2,NA,0,TRUE
13073031,2011,2,0,0,TRUE
13073031,2012,2,0,0,TRUE
13073031,2013,3,0,0,TRUE
13073031,2014,3,0,100,TRUE
13073032,2010,2,NA,0,TRUE
13073032,2011,2,0,0,TRUE
13073032,2012,2,0,0,TRUE
13073032,2013,3,0,0,TRUE
13073032,2014,3,0,93.53,TRUE
13073033,2010,2,NA,0,TRUE
13073033,2011,2,0,0,TRUE
13073033,2012,2,0,0,TRUE
13073033,2013,3,0,0,TRUE
13073033,2014,3,0,100,TRUE
13073034,2010,2,NA,0,TRUE
13073034,2011,2,0,0,TRUE
13073034,2012,2,0,0,TRUE
13073034,2013,3,0,0,TRUE
13073034,2014,3,0,92.38,TRUE
13073035,2010,2,NA,0,TRUE
13073035,2011,2,0,0,TRUE
13073035,2012,2,0,0,TRUE
13073035,2013,3,0,0,TRUE
13073035,2014,3,0,98.53,TRUE
13073036,2010,2,NA,0,TRUE
13073036,2011,2,0,0,TRUE
13073036,2012,2,0,0,TRUE
13073036,2013,3,0,0,TRUE
13073036,2014,3,0,97.27,TRUE
13073037,2010,2,NA,0,TRUE
13073037,2011,2,0,0,TRUE
13073037,2012,2,0,0,TRUE
13073037,2013,3,0,0,TRUE
13073037,2014,3,0,94.12,TRUE
13073038,2010,2,NA,0,TRUE
13073038,2011,2,0,0,TRUE
13073038,2012,2,0,0,TRUE
13073038,2013,3,0,0,TRUE
13073038,2014,3,0,98.55,TRUE
13073039,2010,2,NA,0,TRUE
13073039,2011,2,0,0,TRUE
13073039,2012,2,0,0,TRUE
13073039,2013,3,0,0,TRUE
13073039,2014,3,0,95.83,TRUE
13073040,2010,2,NA,0,TRUE
13073040,2011,2,0,0,TRUE
13073040,2012,2,0,0,TRUE
13073040,2013,3,0,0,TRUE
13073040,2014,3,0,100,TRUE
13073041,2010,2,NA,0,TRUE
13073041,2011,2,0,0,TRUE
13073041,2012,2,0,0,TRUE
13073041,2013,3,0,0,TRUE
13073041,2014,3,0,100,TRUE
13073042,2010,2,NA,0,TRUE
13073042,2011,2,0,0,TRUE
13073042,2012,2,0,0,TRUE
13073042,2013,3,0,0,TRUE
13073042,2014,3,0,100,TRUE
13073043,2010,2,NA,0,TRUE
13073043,2011,2,0,0,TRUE
13073043,2012,2,0,0,TRUE
13073043,2013,3,0,0,TRUE
13073043,2014,3,0,100,TRUE
13073044,2010,2,NA,0,TRUE
13073044,2011,2,0,0,TRUE
13073044,2012,2,0,0,TRUE
13073044,2013,3,0,0,TRUE
13073044,2014,3,0,99,TRUE
13073045,2010,2,NA,0,TRUE
13073045,2011,2,0,0,TRUE
13073045,2012,2,0,0,TRUE
13073045,2013,3,0,0,TRUE
13073045,2014,3,0,99.53,TRUE
13073046,2010,2,NA,0,TRUE
13073046,2011,2,0,0,TRUE
13073046,2012,2,0,0,TRUE
13073046,2013,3,0,0,TRUE
13073046,2014,3,0,99.89,TRUE
13073047,2010,2,NA,0,TRUE
13073047,2011,2,0,0,TRUE
13073047,2012,2,0,0,TRUE
13073047,2013,3,0,0,TRUE
13073047,2014,3,0,99.47,TRUE
13073048,2010,2,NA,0,TRUE
13073048,2011,2,0,0,TRUE
13073048,2012,2,0,0,TRUE
13073048,2013,3,0,0,TRUE
13073048,2014,3,0,98.02,TRUE
13073049,2010,2,NA,0,TRUE
13073049,2011,2,0,0,TRUE
13073049,2012,2,0,0,TRUE
13073049,2013,3,0,0,TRUE
13073049,2014,3,0,60.42,TRUE
13073050,2010,2,NA,0,TRUE
13073050,2011,2,0,0,TRUE
13073050,2012,2,0,0,TRUE
13073050,2013,3,0,0,TRUE
13073050,2014,3,0,88.6,TRUE
13073051,2010,2,NA,0,TRUE
13073051,2011,2,0,0,TRUE
13073051,2012,2,0,0,TRUE
13073051,2013,3,0,0,TRUE
13073051,2014,3,0,100,TRUE
13073052,2010,2,NA,0,TRUE
13073052,2011,2,0,0,TRUE
13073052,2012,2,0,0,TRUE
13073052,2013,3,0,0,TRUE
13073052,2014,3,0,95.2,TRUE
13073053,2010,2,NA,0,TRUE
13073053,2011,2,0,0,TRUE
13073053,2012,2,0,0,TRUE
13073053,2013,3,0,0,TRUE
13073053,2014,3,0,100,TRUE
13073054,2010,2,NA,0,TRUE
13073054,2011,2,0,0,TRUE
13073054,2012,2,0,0,TRUE
13073054,2013,3,0,0,TRUE
13073054,2014,3,0,99.3,TRUE
13073055,2010,2,NA,0,TRUE
13073055,2011,2,0,0,TRUE
13073055,2012,2,0,0,TRUE
13073055,2013,3,0,0,TRUE
13073055,2014,3,0,96.92,TRUE
13073056,2010,2,NA,0,TRUE
13073056,2011,2,0,0,TRUE
13073056,2012,2,0,0,TRUE
13073056,2013,3,0,0,TRUE
13073056,2014,3,0,99.33,TRUE
13073057,2010,2,NA,0,TRUE
13073057,2011,2,0,0,TRUE
13073057,2012,2,0,0,TRUE
13073057,2013,3,0,0,TRUE
13073057,2014,3,0,99.5,TRUE
13073058,2010,2,NA,0,TRUE
13073058,2011,2,0,0,TRUE
13073058,2012,2,0,0,TRUE
13073058,2013,3,0,0,TRUE
13073058,2014,3,0,98.92,TRUE
13073059,2010,2,NA,0,TRUE
13073059,2011,2,0,0,TRUE
13073059,2012,2,0,0,TRUE
13073059,2013,3,0,0,TRUE
13073059,2014,3,0,98.87,TRUE
13073060,2010,2,NA,0,TRUE
13073060,2011,2,0,0,TRUE
13073060,2012,2,0,0,TRUE
13073060,2013,3,0,0,TRUE
13073060,2014,3,0,99.47,TRUE
13073061,2010,2,NA,0,TRUE
13073061,2011,2,0,0,TRUE
13073061,2012,2,0,0,TRUE
13073061,2013,3,0,0,TRUE
13073061,2014,3,0,99.43,TRUE
13073062,2010,2,NA,0,TRUE
13073062,2011,2,0,0,TRUE
13073062,2012,2,0,0,TRUE
13073062,2013,3,0,0,TRUE
13073062,2014,3,0,99.36,TRUE
13073063,2010,2,NA,0,TRUE
13073063,2011,2,0,0,TRUE
13073063,2012,2,0,0,TRUE
13073063,2013,3,0,0,TRUE
13073063,2014,3,0,84.95,TRUE
13073064,2010,2,NA,0,TRUE
13073064,2011,2,0,0,TRUE
13073064,2012,2,0,0,TRUE
13073064,2013,3,0,0,TRUE
13073064,2014,3,0,100,TRUE
13073065,2010,2,NA,0,TRUE
13073065,2011,2,0,0,TRUE
13073065,2012,2,0,0,TRUE
13073065,2013,3,0,0,TRUE
13073065,2014,3,0,98.34,TRUE
13073066,2010,2,NA,0,TRUE
13073066,2011,2,0,0,TRUE
13073066,2012,2,0,0,TRUE
13073066,2013,3,0,0,TRUE
13073066,2014,3,0,80.11,TRUE
13073067,2010,2,NA,0,TRUE
13073067,2011,2,0,0,TRUE
13073067,2012,2,0,0,TRUE
13073067,2013,3,0,0,TRUE
13073067,2014,3,0,100,TRUE
13073068,2010,2,NA,0,TRUE
13073068,2011,2,0,0,TRUE
13073068,2012,2,0,0,TRUE
13073068,2013,3,0,0,TRUE
13073068,2014,3,0,99.8,TRUE
13073069,2010,2,NA,0,TRUE
13073069,2011,2,0,0,TRUE
13073069,2012,2,0,0,TRUE
13073069,2013,3,0,0,TRUE
13073069,2014,3,0,99.73,TRUE
13073070,2010,2,NA,0,TRUE
13073070,2011,2,0,0,TRUE
13073070,2012,2,0,0,TRUE
13073070,2013,3,0,0,TRUE
13073070,2014,3,0,99.96,TRUE
13073071,2010,2,NA,0,TRUE
13073071,2011,2,0,0,TRUE
13073071,2012,2,0,0,TRUE
13073071,2013,3,0,0,TRUE
13073071,2014,3,0,99.29,TRUE
13073072,2010,2,NA,0,TRUE
13073072,2011,2,0,0,TRUE
13073072,2012,2,0,0,TRUE
13073072,2013,3,0,0,TRUE
13073072,2014,3,0,95.08,TRUE
13073073,2010,2,NA,0,TRUE
13073073,2011,2,0,0,TRUE
13073073,2012,2,0,0,TRUE
13073073,2013,3,0,0,TRUE
13073073,2014,3,0,99.8,TRUE
13073074,2010,2,NA,0,TRUE
13073074,2011,2,0,0,TRUE
13073074,2012,2,0,0,TRUE
13073074,2013,3,0,0,TRUE
13073074,2014,3,0,94.51,TRUE
13073075,2010,2,NA,0,TRUE
13073075,2011,2,0,0,TRUE
13073075,2012,2,0,0,TRUE
13073075,2013,3,0,0,TRUE
13073075,2014,3,0,99.29,TRUE
13073076,2010,2,NA,0,TRUE
13073076,2011,2,0,0,TRUE
13073076,2012,2,0,0,TRUE
13073076,2013,3,0,0,TRUE
13073076,2014,3,0,99.86,TRUE
13073077,2010,2,NA,0,TRUE
13073077,2011,2,0,0,TRUE
13073077,2012,2,0,0,TRUE
13073077,2013,3,0,0,TRUE
13073077,2014,3,0,97.2,TRUE
13073078,2010,2,NA,0,TRUE
13073078,2011,2,0,0,TRUE
13073078,2012,2,0,0,TRUE
13073078,2013,3,0,0,TRUE
13073078,2014,3,0,99.77,TRUE
13073079,2010,2,NA,0,TRUE
13073079,2011,2,0,0,TRUE
13073079,2012,2,0,0,TRUE
13073079,2013,3,0,0,TRUE
13073079,2014,3,0,100,TRUE
13073080,2010,2,NA,0,TRUE
13073080,2011,2,0,0,TRUE
13073080,2012,2,0,0,TRUE
13073080,2013,3,0,0,TRUE
13073080,2014,3,0,99.94,TRUE
13073081,2010,2,NA,0,TRUE
13073081,2011,2,0,0,TRUE
13073081,2012,2,0,0,TRUE
13073081,2013,3,0,0,TRUE
13073081,2014,3,0,66.03,TRUE
13073082,2010,2,NA,0,TRUE
13073082,2011,2,0,0,TRUE
13073082,2012,2,0,0,TRUE
13073082,2013,3,0,0,TRUE
13073082,2014,3,0,100,TRUE
13073083,2010,2,NA,0,TRUE
13073083,2011,2,0,0,TRUE
13073083,2012,2,0,0,TRUE
13073083,2013,3,0,0,TRUE
13073083,2014,3,0,97.58,TRUE
13073084,2010,2,NA,0,TRUE
13073084,2011,2,0,0,TRUE
13073084,2012,2,0,0,TRUE
13073084,2013,3,0,0,TRUE
13073084,2014,3,0,96.32,TRUE
13073085,2010,2,NA,0,TRUE
13073085,2011,2,0,0,TRUE
13073085,2012,2,0,0,TRUE
13073085,2013,3,0,0,TRUE
13073085,2014,3,0,98.72,TRUE
13073086,2010,2,NA,0,TRUE
13073086,2011,2,0,0,TRUE
13073086,2012,2,0,0,TRUE
13073086,2013,3,0,0,TRUE
13073086,2014,3,0,93.92,TRUE
13073087,2010,2,NA,0,TRUE
13073087,2011,2,0,0,TRUE
13073087,2012,2,0,0,TRUE
13073087,2013,3,0,0,TRUE
13073087,2014,3,0,100,TRUE
13073088,2010,2,NA,0,TRUE
13073088,2011,2,0,0,TRUE
13073088,2012,2,0,0,TRUE
13073088,2013,3,0,0,TRUE
13073088,2014,3,0,99.99,TRUE
13073089,2010,2,NA,0,TRUE
13073089,2011,2,0,0,TRUE
13073089,2012,2,0,0,TRUE
13073089,2013,3,0,0,TRUE
13073089,2014,3,0,96.09,TRUE
13073090,2010,2,NA,0,TRUE
13073090,2011,2,0,0,TRUE
13073090,2012,2,0,0,TRUE
13073090,2013,3,0,0,TRUE
13073090,2014,3,0,95.63,TRUE
13073091,2010,2,NA,0,TRUE
13073091,2011,2,0,0,TRUE
13073091,2012,2,0,0,TRUE
13073091,2013,3,0,0,TRUE
13073091,2014,3,0,99.53,TRUE
13073092,2010,2,NA,0,TRUE
13073092,2011,2,0,0,TRUE
13073092,2012,2,0,0,TRUE
13073092,2013,3,0,0,TRUE
13073092,2014,3,0,98.45,TRUE
13073093,2010,2,NA,0,TRUE
13073093,2011,2,0,0,TRUE
13073093,2012,2,0,0,TRUE
13073093,2013,3,0,0,TRUE
13073093,2014,3,0,98.96,TRUE
13073094,2010,2,NA,0,TRUE
13073094,2011,2,0,0,TRUE
13073094,2012,2,0,0,TRUE
13073094,2013,3,0,0,TRUE
13073094,2014,3,0,100,TRUE
13073095,2010,2,NA,0,TRUE
13073095,2011,2,0,0,TRUE
13073095,2012,2,0,0,TRUE
13073095,2013,3,0,0,TRUE
13073095,2014,3,0,47.29,TRUE
13073096,2010,2,NA,0,TRUE
13073096,2011,2,0,0,TRUE
13073096,2012,2,0,0,TRUE
13073096,2013,3,0,0,TRUE
13073096,2014,3,0,100,TRUE
13073097,2010,2,NA,0,TRUE
13073097,2011,2,0,0,TRUE
13073097,2012,2,0,0,TRUE
13073097,2013,3,0,0,TRUE
13073097,2014,3,0,100,TRUE
13073098,2010,2,NA,0,TRUE
13073098,2011,2,0,0,TRUE
13073098,2012,2,0,0,TRUE
13073098,2013,3,0,0,TRUE
13073098,2014,3,0,100,TRUE
13073099,2010,2,NA,0,TRUE
13073099,2011,2,0,0,TRUE
13073099,2012,2,0,0,TRUE
13073099,2013,3,0,0,TRUE
13073099,2014,3,0,99.59,TRUE
13073100,2010,2,NA,0,TRUE
13073100,2011,2,0,0,TRUE
13073100,2012,2,0,0,TRUE
13073100,2013,3,0,0,TRUE
13073100,2014,3,0,99.48,TRUE
13073101,2010,2,NA,0,TRUE
13073101,2011,2,0,0,TRUE
13073101,2012,2,0,0,TRUE
13073101,2013,3,0,0,TRUE
13073101,2014,3,0,98.58,TRUE
13073102,2010,2,NA,0,TRUE
13073102,2011,2,0,0,TRUE
13073102,2012,2,0,0,TRUE
13073102,2013,3,0,0,TRUE
13073102,2014,3,0,99.11,TRUE
13073103,2010,2,NA,0,TRUE
13073103,2011,2,0,0,TRUE
13073103,2012,2,0,0,TRUE
13073103,2013,3,0,0,TRUE
13073103,2014,3,0,99.52,TRUE
13073104,2010,2,NA,0,TRUE
13073104,2011,2,0,0,TRUE
13073104,2012,2,0,0,TRUE
13073104,2013,3,0,0,TRUE
13073104,2014,3,0,99.42,TRUE
13073105,2010,2,NA,0,TRUE
13073105,2011,2,0,0,TRUE
13073105,2012,2,0,0,TRUE
13073105,2013,3,0,0,TRUE
13073105,2014,3,0,99.76,TRUE
13073106,2010,2,NA,0,TRUE
13073106,2011,2,0,0,TRUE
13073106,2012,2,0,0,TRUE
13073106,2013,3,0,0,TRUE
13073106,2014,3,0,98.53,TRUE
13074001,2010,2,NA,0,TRUE
13074001,2011,2,0,0,TRUE
13074001,2012,2,0,0,TRUE
13074001,2013,3,0,0,TRUE
13074001,2014,3,0,100,TRUE
13074002,2010,2,NA,0,TRUE
13074002,2011,2,0,0,TRUE
13074002,2012,2,0,0,TRUE
13074002,2013,3,0,0,TRUE
13074002,2014,3,0,100,TRUE
13074003,2010,2,NA,0,TRUE
13074003,2011,2,0,0,TRUE
13074003,2012,2,0,0,TRUE
13074003,2013,3,0,0,TRUE
13074003,2014,3,0,99.66,TRUE
13074004,2010,2,NA,0,TRUE
13074004,2011,2,0,0,TRUE
13074004,2012,2,0,0,TRUE
13074004,2013,3,0,0,TRUE
13074004,2014,3,0,99.63,TRUE
13074005,2010,2,NA,0,TRUE
13074005,2011,2,0,0,TRUE
13074005,2012,2,0,0,TRUE
13074005,2013,3,0,0,TRUE
13074005,2014,3,0,100,TRUE
13074006,2010,2,NA,0,TRUE
13074006,2011,2,0,0,TRUE
13074006,2012,2,0,0,TRUE
13074006,2013,3,0,0,TRUE
13074006,2014,3,0,97.28,TRUE
13074007,2010,2,NA,0,TRUE
13074007,2011,2,0,0,TRUE
13074007,2012,2,0,0,TRUE
13074007,2013,3,0,0,TRUE
13074007,2014,3,0,98.73,TRUE
13074008,2010,2,NA,0,TRUE
13074008,2011,2,0,0,TRUE
13074008,2012,2,0,0,TRUE
13074008,2013,3,0,0,TRUE
13074008,2014,3,0,98.58,TRUE
13074009,2010,2,NA,0,TRUE
13074009,2011,2,0,0,TRUE
13074009,2012,2,0,0,TRUE
13074009,2013,3,0,0,TRUE
13074009,2014,3,0,100,TRUE
13074010,2010,2,NA,0,TRUE
13074010,2011,2,0,0,TRUE
13074010,2012,2,0,0,TRUE
13074010,2013,3,0,0,TRUE
13074010,2014,3,0,99.92,TRUE
13074012,2010,2,NA,0,TRUE
13074012,2011,2,0,0,TRUE
13074012,2012,2,0,0,TRUE
13074012,2013,3,0,0,TRUE
13074012,2014,3,0,99.9,TRUE
13074013,2010,2,NA,0,TRUE
13074013,2011,2,0,0,TRUE
13074013,2012,2,0,0,TRUE
13074013,2013,3,0,0,TRUE
13074013,2014,3,0,100,TRUE
13074014,2010,2,NA,0,TRUE
13074014,2011,2,0,0,TRUE
13074014,2012,2,0,0,TRUE
13074014,2013,3,0,0,TRUE
13074014,2014,3,0,99.59,TRUE
13074015,2010,2,NA,0,TRUE
13074015,2011,2,0,0,TRUE
13074015,2012,2,0,0,TRUE
13074015,2013,3,0,0,TRUE
13074015,2014,3,0,100,TRUE
13074016,2010,2,NA,0,TRUE
13074016,2011,2,0,0,TRUE
13074016,2012,2,0,0,TRUE
13074016,2013,3,0,0,TRUE
13074016,2014,3,0,97.24,TRUE
13074017,2010,2,NA,0,TRUE
13074017,2011,2,0,0,TRUE
13074017,2012,2,0,0,TRUE
13074017,2013,3,0,0,TRUE
13074017,2014,3,0,91.22,TRUE
13074018,2010,2,NA,0,TRUE
13074018,2011,2,0,0,TRUE
13074018,2012,2,0,0,TRUE
13074018,2013,3,0,0,TRUE
13074018,2014,3,0,98.7,TRUE
13074019,2010,2,NA,0,TRUE
13074019,2011,2,0,0,TRUE
13074019,2012,2,0,0,TRUE
13074019,2013,3,0,0,TRUE
13074019,2014,3,0,99.93,TRUE
13074020,2010,2,NA,0,TRUE
13074020,2011,2,0,0,TRUE
13074020,2012,2,0,0,TRUE
13074020,2013,3,0,0,TRUE
13074020,2014,3,0,90.86,TRUE
13074021,2010,2,NA,0,TRUE
13074021,2011,2,0,0,TRUE
13074021,2012,2,0,0,TRUE
13074021,2013,3,0,0,TRUE
13074021,2014,3,0,99.61,TRUE
13074022,2010,2,NA,0,TRUE
13074022,2011,2,0,0,TRUE
13074022,2012,2,0,0,TRUE
13074022,2013,3,0,0,TRUE
13074022,2014,3,0,100,TRUE
13074023,2010,2,NA,0,TRUE
13074023,2011,2,0,0,TRUE
13074023,2012,2,0,0,TRUE
13074023,2013,3,0,0,TRUE
13074023,2014,3,0,98.35,TRUE
13074024,2010,2,NA,0,TRUE
13074024,2011,2,0,0,TRUE
13074024,2012,2,0,0,TRUE
13074024,2013,3,0,0,TRUE
13074024,2014,3,0,85.68,TRUE
13074025,2010,2,NA,0,TRUE
13074025,2011,2,0,0,TRUE
13074025,2012,2,0,0,TRUE
13074025,2013,3,0,0,TRUE
13074025,2014,3,0,92.48,TRUE
13074026,2010,2,NA,0,TRUE
13074026,2011,2,0,0,TRUE
13074026,2012,2,0,0,TRUE
13074026,2013,3,0,0,TRUE
13074026,2014,3,0,99.28,TRUE
13074027,2010,2,NA,0,TRUE
13074027,2011,2,0,0,TRUE
13074027,2012,2,0,0,TRUE
13074027,2013,3,0,0,TRUE
13074027,2014,3,0,98.9,TRUE
13074028,2010,2,NA,0,TRUE
13074028,2011,2,0,0,TRUE
13074028,2012,2,0,0,TRUE
13074028,2013,3,0,0,TRUE
13074028,2014,3,0,100,TRUE
13074029,2010,2,NA,0,TRUE
13074029,2011,2,0,0,TRUE
13074029,2012,2,0,0,TRUE
13074029,2013,3,0,0,TRUE
13074029,2014,3,0,92,TRUE
13074030,2010,2,NA,0,TRUE
13074030,2011,2,0,0,TRUE
13074030,2012,2,0,0,TRUE
13074030,2013,3,0,0,TRUE
13074030,2014,3,0,99.74,TRUE
13074031,2010,2,NA,0,TRUE
13074031,2011,2,0,0,TRUE
13074031,2012,2,0,0,TRUE
13074031,2013,3,0,0,TRUE
13074031,2014,3,0,93.73,TRUE
13074032,2010,2,NA,0,TRUE
13074032,2011,2,0,0,TRUE
13074032,2012,2,0,0,TRUE
13074032,2013,3,0,0,TRUE
13074032,2014,3,0,100,TRUE
13074033,2010,2,NA,0,TRUE
13074033,2011,2,0,0,TRUE
13074033,2012,2,0,0,TRUE
13074033,2013,3,0,0,TRUE
13074033,2014,3,0,100,TRUE
13074034,2010,2,NA,0,TRUE
13074034,2011,2,0,0,TRUE
13074034,2012,2,0,0,TRUE
13074034,2013,3,0,0,TRUE
13074034,2014,3,0,100,TRUE
13074035,2010,2,NA,0,TRUE
13074035,2011,2,0,0,TRUE
13074035,2012,2,0,0,TRUE
13074035,2013,3,0,0,TRUE
13074035,2014,3,0,95.92,TRUE
13074036,2010,2,NA,0,TRUE
13074036,2011,2,0,0,TRUE
13074036,2012,2,0,0,TRUE
13074036,2013,3,0,0,TRUE
13074036,2014,3,0,95.93,TRUE
13074037,2010,2,NA,0,TRUE
13074037,2011,2,0,0,TRUE
13074037,2012,2,0,0,TRUE
13074037,2013,3,0,0,TRUE
13074037,2014,3,0,93.02,TRUE
13074038,2010,2,NA,0,TRUE
13074038,2011,2,0,0,TRUE
13074038,2012,2,0,0,TRUE
13074038,2013,3,0,0,TRUE
13074038,2014,3,0,99.76,TRUE
13074039,2010,2,NA,0,TRUE
13074039,2011,2,0,0,TRUE
13074039,2012,2,0,0,TRUE
13074039,2013,3,0,0,TRUE
13074039,2014,3,0,100,TRUE
13074040,2010,2,NA,0,TRUE
13074040,2011,2,0,0,TRUE
13074040,2012,2,0,0,TRUE
13074040,2013,3,0,0,TRUE
13074040,2014,3,0,100,TRUE
13074042,2010,2,NA,0,TRUE
13074042,2011,2,0,0,TRUE
13074042,2012,2,0,0,TRUE
13074042,2013,3,0,0,TRUE
13074042,2014,3,0,93.65,TRUE
13074043,2010,2,NA,0,TRUE
13074043,2011,2,0,0,TRUE
13074043,2012,2,0,0,TRUE
13074043,2013,3,0,0,TRUE
13074043,2014,3,0,95,TRUE
13074044,2010,2,NA,0,TRUE
13074044,2011,2,0,0,TRUE
13074044,2012,2,0,0,TRUE
13074044,2013,3,0,0,TRUE
13074044,2014,3,0,100,TRUE
13074045,2010,2,NA,0,TRUE
13074045,2011,2,0,0,TRUE
13074045,2012,2,0,0,TRUE
13074045,2013,3,0,0,TRUE
13074045,2014,3,0,99.49,TRUE
13074046,2010,2,NA,0,TRUE
13074046,2011,2,0,0,TRUE
13074046,2012,2,0,0,TRUE
13074046,2013,3,0,0,TRUE
13074046,2014,3,0,99.19,TRUE
13074047,2010,2,NA,0,TRUE
13074047,2011,2,0,0,TRUE
13074047,2012,2,0,0,TRUE
13074047,2013,3,0,0,TRUE
13074047,2014,3,0,100,TRUE
13074048,2010,2,NA,0,TRUE
13074048,2011,2,0,0,TRUE
13074048,2012,2,0,0,TRUE
13074048,2013,3,0,0,TRUE
13074048,2014,3,0,99.86,TRUE
13074049,2010,2,NA,0,TRUE
13074049,2011,2,0,0,TRUE
13074049,2012,2,0,0,TRUE
13074049,2013,3,0,0,TRUE
13074049,2014,3,0,84.04,TRUE
13074050,2010,2,NA,0,TRUE
13074050,2011,2,0,0,TRUE
13074050,2012,2,0,0,TRUE
13074050,2013,3,0,0,TRUE
13074050,2014,3,0,99.7,TRUE
13074052,2010,2,NA,0,TRUE
13074052,2011,2,0,0,TRUE
13074052,2012,2,0,0,TRUE
13074052,2013,3,0,0,TRUE
13074052,2014,3,0,100,TRUE
13074053,2010,2,NA,0,TRUE
13074053,2011,2,0,0,TRUE
13074053,2012,2,0,0,TRUE
13074053,2013,3,0,0,TRUE
13074053,2014,3,0,99.6,TRUE
13074054,2010,2,NA,0,TRUE
13074054,2011,2,0,0,TRUE
13074054,2012,2,0,0,TRUE
13074054,2013,3,0,0,TRUE
13074054,2014,3,0,100,TRUE
13074056,2010,2,NA,0,TRUE
13074056,2011,2,0,0,TRUE
13074056,2012,2,0,0,TRUE
13074056,2013,3,0,0,TRUE
13074056,2014,3,0,99.5,TRUE
13074057,2010,2,NA,0,TRUE
13074057,2011,2,0,0,TRUE
13074057,2012,2,0,0,TRUE
13074057,2013,3,0,0,TRUE
13074057,2014,3,0,99.95,TRUE
13074058,2010,2,NA,0,TRUE
13074058,2011,2,0,0,TRUE
13074058,2012,2,0,0,TRUE
13074058,2013,3,0,0,TRUE
13074058,2014,3,0,78.36,TRUE
13074060,2010,2,NA,0,TRUE
13074060,2011,2,0,0,TRUE
13074060,2012,2,0,0,TRUE
13074060,2013,3,0,0,TRUE
13074060,2014,3,0,93.62,TRUE
13074061,2010,2,NA,0,TRUE
13074061,2011,2,0,0,TRUE
13074061,2012,2,0,0,TRUE
13074061,2013,3,0,0,TRUE
13074061,2014,3,0,100,TRUE
13074062,2010,2,NA,0,TRUE
13074062,2011,2,0,0,TRUE
13074062,2012,2,0,0,TRUE
13074062,2013,3,0,0,TRUE
13074062,2014,3,0,100,TRUE
13074063,2010,2,NA,0,TRUE
13074063,2011,2,0,0,TRUE
13074063,2012,2,0,0,TRUE
13074063,2013,3,0,0,TRUE
13074063,2014,3,0,96.84,TRUE
13074064,2010,2,NA,0,TRUE
13074064,2011,2,0,0,TRUE
13074064,2012,2,0,0,TRUE
13074064,2013,3,0,0,TRUE
13074064,2014,3,0,87.9,TRUE
13074065,2010,2,NA,0,TRUE
13074065,2011,2,0,0,TRUE
13074065,2012,2,0,0,TRUE
13074065,2013,3,0,0,TRUE
13074065,2014,3,0,99.55,TRUE
13074066,2010,2,NA,0,TRUE
13074066,2011,2,0,0,TRUE
13074066,2012,2,0,0,TRUE
13074066,2013,3,0,0,TRUE
13074066,2014,3,0,67.53,TRUE
13074067,2010,2,NA,0,TRUE
13074067,2011,2,0,0,TRUE
13074067,2012,2,0,0,TRUE
13074067,2013,3,0,0,TRUE
13074067,2014,3,0,100,TRUE
13074068,2010,2,NA,0,TRUE
13074068,2011,2,0,0,TRUE
13074068,2012,2,0,0,TRUE
13074068,2013,3,0,0,TRUE
13074068,2014,3,0,99.82,TRUE
13074069,2010,2,NA,0,TRUE
13074069,2011,2,0,0,TRUE
13074069,2012,2,0,0,TRUE
13074069,2013,3,0,0,TRUE
13074069,2014,3,0,97.11,TRUE
13074070,2010,2,NA,0,TRUE
13074070,2011,2,0,0,TRUE
13074070,2012,2,0,0,TRUE
13074070,2013,3,0,0,TRUE
13074070,2014,3,0,97.12,TRUE
13074071,2010,2,NA,0,TRUE
13074071,2011,2,0,0,TRUE
13074071,2012,2,0,0,TRUE
13074071,2013,3,0,0,TRUE
13074071,2014,3,0,99.63,TRUE
13074072,2010,2,NA,0,TRUE
13074072,2011,2,0,0,TRUE
13074072,2012,2,0,0,TRUE
13074072,2013,3,0,0,TRUE
13074072,2014,3,0,99.5,TRUE
13074073,2010,2,NA,0,TRUE
13074073,2011,2,0,0,TRUE
13074073,2012,2,0,0,TRUE
13074073,2013,3,0,0,TRUE
13074073,2014,3,0,100,TRUE
13074074,2010,2,NA,0,TRUE
13074074,2011,2,0,0,TRUE
13074074,2012,2,0,0,TRUE
13074074,2013,3,0,0,TRUE
13074074,2014,3,0,99.81,TRUE
13074075,2010,2,NA,0,TRUE
13074075,2011,2,0,0,TRUE
13074075,2012,2,0,0,TRUE
13074075,2013,3,0,0,TRUE
13074075,2014,3,0,100,TRUE
13074076,2010,2,NA,0,TRUE
13074076,2011,2,0,0,TRUE
13074076,2012,2,0,0,TRUE
13074076,2013,3,0,0,TRUE
13074076,2014,3,0,98.16,TRUE
13074077,2010,2,NA,0,TRUE
13074077,2011,2,0,0,TRUE
13074077,2012,2,0,0,TRUE
13074077,2013,3,0,0,TRUE
13074077,2014,3,0,92.02,TRUE
13074078,2010,2,NA,0,TRUE
13074078,2011,2,0,0,TRUE
13074078,2012,2,0,0,TRUE
13074078,2013,3,0,0,TRUE
13074078,2014,3,0,94.51,TRUE
13074079,2010,2,NA,0,TRUE
13074079,2011,2,0,0,TRUE
13074079,2012,2,0,0,TRUE
13074079,2013,3,0,0,TRUE
13074079,2014,3,0,98.89,TRUE
13074080,2010,2,NA,0,TRUE
13074080,2011,2,0,0,TRUE
13074080,2012,2,0,0,TRUE
13074080,2013,3,0,0,TRUE
13074080,2014,3,0,100,TRUE
13074081,2010,2,NA,0,TRUE
13074081,2011,2,0,0,TRUE
13074081,2012,2,0,0,TRUE
13074081,2013,3,0,0,TRUE
13074081,2014,3,0,99.74,TRUE
13074082,2010,2,NA,0,TRUE
13074082,2011,2,0,0,TRUE
13074082,2012,2,0,0,TRUE
13074082,2013,3,0,0,TRUE
13074082,2014,3,0,100,TRUE
13074084,2010,2,NA,0,TRUE
13074084,2011,2,0,0,TRUE
13074084,2012,2,0,0,TRUE
13074084,2013,3,0,0,TRUE
13074084,2014,3,0,86.93,TRUE
13074085,2010,2,NA,0,TRUE
13074085,2011,2,0,0,TRUE
13074085,2012,2,0,0,TRUE
13074085,2013,3,0,0,TRUE
13074085,2014,3,0,100,TRUE
13074087,2010,2,NA,0,TRUE
13074087,2011,2,0,0,TRUE
13074087,2012,2,0,0,TRUE
13074087,2013,3,0,0,TRUE
13074087,2014,3,0,100,TRUE
13074088,2010,2,NA,0,TRUE
13074088,2011,2,0,0,TRUE
13074088,2012,2,0,0,TRUE
13074088,2013,3,0,0,TRUE
13074088,2014,3,0,97.05,TRUE
13074089,2010,2,NA,0,TRUE
13074089,2011,2,0,0,TRUE
13074089,2012,2,0,0,TRUE
13074089,2013,3,0,0,TRUE
13074089,2014,3,0,100,TRUE
13074090,2010,2,NA,0,TRUE
13074090,2011,2,0,0,TRUE
13074090,2012,2,0,0,TRUE
13074090,2013,3,0,0,TRUE
13074090,2014,3,0,98.84,TRUE
13074091,2010,2,NA,0,TRUE
13074091,2011,2,0,0,TRUE
13074091,2012,2,0,0,TRUE
13074091,2013,3,0,0,TRUE
13074091,2014,3,0,100,TRUE
13074092,2010,2,NA,0,TRUE
13074092,2011,2,0,0,TRUE
13074092,2012,2,0,0,TRUE
13074092,2013,3,0,0,TRUE
13074092,2014,3,0,100,TRUE
13074093,2010,2,NA,0,TRUE
13074093,2011,2,0,0,TRUE
13074093,2012,2,0,0,TRUE
13074093,2013,3,0,0,TRUE
13074093,2014,3,0,98.3,TRUE
13075001,2010,2,NA,0,TRUE
13075001,2011,2,0,0,TRUE
13075001,2012,2,0,0,TRUE
13075001,2013,3,0,0,TRUE
13075001,2014,3,0,85.22,TRUE
13075002,2010,2,NA,0,TRUE
13075002,2011,2,0,0,TRUE
13075002,2012,2,0,0,TRUE
13075002,2013,3,0,0,TRUE
13075002,2014,3,0,100,TRUE
13075003,2010,2,NA,0,TRUE
13075003,2011,2,0,0,TRUE
13075003,2012,2,0,0,TRUE
13075003,2013,3,0,0,TRUE
13075003,2014,3,0,99.66,TRUE
13075004,2010,2,NA,0,TRUE
13075004,2011,2,0,0,TRUE
13075004,2012,2,0,0,TRUE
13075004,2013,3,0,0,TRUE
13075004,2014,3,0,98.81,TRUE
13075005,2010,2,NA,0,TRUE
13075005,2011,2,0,0,TRUE
13075005,2012,2,0,0,TRUE
13075005,2013,3,0,0,TRUE
13075005,2014,3,0,99.09,TRUE
13075006,2010,2,NA,0,TRUE
13075006,2011,2,0,0,TRUE
13075006,2012,2,0,0,TRUE
13075006,2013,3,0,0,TRUE
13075006,2014,3,0,100,TRUE
13075007,2010,2,NA,0,TRUE
13075007,2011,2,0,0,TRUE
13075007,2012,2,0,0,TRUE
13075007,2013,3,0,0,TRUE
13075007,2014,3,0,98.92,TRUE
13075008,2010,2,NA,0,TRUE
13075008,2011,2,0,0,TRUE
13075008,2012,2,0,0,TRUE
13075008,2013,3,0,0,TRUE
13075008,2014,3,0,98.76,TRUE
13075009,2010,2,NA,0,TRUE
13075009,2011,2,0,0,TRUE
13075009,2012,2,0,0,TRUE
13075009,2013,3,0,0,TRUE
13075009,2014,3,0,84.43,TRUE
13075010,2010,2,NA,0,TRUE
13075010,2011,2,0,0,TRUE
13075010,2012,2,0,0,TRUE
13075010,2013,3,0,0,TRUE
13075010,2014,3,0,91.04,TRUE
13075011,2010,2,NA,0,TRUE
13075011,2011,2,0,0,TRUE
13075011,2012,2,0,0,TRUE
13075011,2013,3,0,0,TRUE
13075011,2014,3,0,98.64,TRUE
13075012,2010,2,NA,0,TRUE
13075012,2011,2,0,0,TRUE
13075012,2012,2,0,0,TRUE
13075012,2013,3,0,0,TRUE
13075012,2014,3,0,95.97,TRUE
13075013,2010,2,NA,0,TRUE
13075013,2011,2,0,0,TRUE
13075013,2012,2,0,0,TRUE
13075013,2013,3,0,0,TRUE
13075013,2014,3,0,100,TRUE
13075015,2010,2,NA,0,TRUE
13075015,2011,2,0,0,TRUE
13075015,2012,2,0,0,TRUE
13075015,2013,3,0,0,TRUE
13075015,2014,3,0,92.23,TRUE
13075016,2010,2,NA,0,TRUE
13075016,2011,2,0,0,TRUE
13075016,2012,2,0,0,TRUE
13075016,2013,3,0,0,TRUE
13075016,2014,3,0,99,TRUE
13075017,2010,2,NA,0,TRUE
13075017,2011,2,0,0,TRUE
13075017,2012,2,0,0,TRUE
13075017,2013,3,0,0,TRUE
13075017,2014,3,0,100,TRUE
13075018,2010,2,NA,0,TRUE
13075018,2011,2,0,0,TRUE
13075018,2012,2,0,0,TRUE
13075018,2013,3,0,0,TRUE
13075018,2014,3,0,93.84,TRUE
13075020,2010,2,NA,0,TRUE
13075020,2011,2,0,0,TRUE
13075020,2012,2,0,0,TRUE
13075020,2013,3,0,0,TRUE
13075020,2014,3,0,99.43,TRUE
13075021,2010,2,NA,0,TRUE
13075021,2011,2,0,0,TRUE
13075021,2012,2,0,0,TRUE
13075021,2013,3,0,0,TRUE
13075021,2014,3,0,90.34,TRUE
13075022,2010,2,NA,0,TRUE
13075022,2011,2,0,0,TRUE
13075022,2012,2,0,0,TRUE
13075022,2013,3,0,0,TRUE
13075022,2014,3,0,85.97,TRUE
13075023,2010,2,NA,0,TRUE
13075023,2011,2,0,0,TRUE
13075023,2012,2,0,0,TRUE
13075023,2013,3,0,0,TRUE
13075023,2014,3,0,100,TRUE
13075025,2010,2,NA,0,TRUE
13075025,2011,2,0,0,TRUE
13075025,2012,2,0,0,TRUE
13075025,2013,3,0,0,TRUE
13075025,2014,3,0,100,TRUE
13075026,2010,2,NA,0,TRUE
13075026,2011,2,0,0,TRUE
13075026,2012,2,0,0,TRUE
13075026,2013,3,0,0,TRUE
13075026,2014,3,0,97.77,TRUE
13075027,2010,2,NA,0,TRUE
13075027,2011,2,0,0,TRUE
13075027,2012,2,0,0,TRUE
13075027,2013,3,0,0,TRUE
13075027,2014,3,0,99.62,TRUE
13075028,2010,2,NA,0,TRUE
13075028,2011,2,0,0,TRUE
13075028,2012,2,0,0,TRUE
13075028,2013,3,0,0,TRUE
13075028,2014,3,0,99.56,TRUE
13075029,2010,2,NA,0,TRUE
13075029,2011,2,0,0,TRUE
13075029,2012,2,0,0,TRUE
13075029,2013,3,0,0,TRUE
13075029,2014,3,0,99.78,TRUE
13075031,2010,2,NA,0,TRUE
13075031,2011,2,0,0,TRUE
13075031,2012,2,0,0,TRUE
13075031,2013,3,0,0,TRUE
13075031,2014,3,0,99.92,TRUE
13075032,2010,2,NA,0,TRUE
13075032,2011,2,0,0,TRUE
13075032,2012,2,0,0,TRUE
13075032,2013,3,0,0,TRUE
13075032,2014,3,0,98.44,TRUE
13075033,2010,2,NA,0,TRUE
13075033,2011,2,0,0,TRUE
13075033,2012,2,0,0,TRUE
13075033,2013,3,0,0,TRUE
13075033,2014,3,0,99.8,TRUE
13075034,2010,2,NA,0,TRUE
13075034,2011,2,0,0,TRUE
13075034,2012,2,0,0,TRUE
13075034,2013,3,0,0,TRUE
13075034,2014,3,0,100,TRUE
13075035,2010,2,NA,0,TRUE
13075035,2011,2,0,0,TRUE
13075035,2012,2,0,0,TRUE
13075035,2013,3,0,0,TRUE
13075035,2014,3,0,95.45,TRUE
13075036,2010,2,NA,0,TRUE
13075036,2011,2,0,0,TRUE
13075036,2012,2,0,0,TRUE
13075036,2013,3,0,0,TRUE
13075036,2014,3,0,98.76,TRUE
13075037,2010,2,NA,0,TRUE
13075037,2011,2,0,0,TRUE
13075037,2012,2,0,0,TRUE
13075037,2013,3,0,0,TRUE
13075037,2014,3,0,100,TRUE
13075038,2010,2,NA,0,TRUE
13075038,2011,2,0,0,TRUE
13075038,2012,2,0,0,TRUE
13075038,2013,3,0,0,TRUE
13075038,2014,3,0,97.7,TRUE
13075039,2010,2,NA,0,TRUE
13075039,2011,2,0,0,TRUE
13075039,2012,2,0,0,TRUE
13075039,2013,3,0,0,TRUE
13075039,2014,3,0,99.99,TRUE
13075040,2010,2,NA,0,TRUE
13075040,2011,2,0,0,TRUE
13075040,2012,2,0,0,TRUE
13075040,2013,3,0,0,TRUE
13075040,2014,3,0,99.09,TRUE
13075041,2010,2,NA,0,TRUE
13075041,2011,2,0,0,TRUE
13075041,2012,2,0,0,TRUE
13075041,2013,3,0,0,TRUE
13075041,2014,3,0,94.14,TRUE
13075042,2010,2,NA,0,TRUE
13075042,2011,2,0,0,TRUE
13075042,2012,2,0,0,TRUE
13075042,2013,3,0,0,TRUE
13075042,2014,3,0,100,TRUE
13075043,2010,2,NA,0,TRUE
13075043,2011,2,0,0,TRUE
13075043,2012,2,0,0,TRUE
13075043,2013,3,0,0,TRUE
13075043,2014,3,0,62.55,TRUE
13075044,2010,2,NA,0,TRUE
13075044,2011,2,0,0,TRUE
13075044,2012,2,0,0,TRUE
13075044,2013,3,0,0,TRUE
13075044,2014,3,0,96.58,TRUE
13075045,2010,2,NA,0,TRUE
13075045,2011,2,0,0,TRUE
13075045,2012,2,0,0,TRUE
13075045,2013,3,0,0,TRUE
13075045,2014,3,0,100,TRUE
13075046,2010,2,NA,0,TRUE
13075046,2011,2,0,0,TRUE
13075046,2012,2,0,0,TRUE
13075046,2013,3,0,0,TRUE
13075046,2014,3,0,100,TRUE
13075048,2010,2,NA,0,TRUE
13075048,2011,2,0,0,TRUE
13075048,2012,2,0,0,TRUE
13075048,2013,3,0,0,TRUE
13075048,2014,3,0,96.98,TRUE
13075049,2010,2,NA,0,TRUE
13075049,2011,2,0,0,TRUE
13075049,2012,2,0,0,TRUE
13075049,2013,3,0,0,TRUE
13075049,2014,3,0,99.29,TRUE
13075050,2010,2,NA,0,TRUE
13075050,2011,2,0,0,TRUE
13075050,2012,2,0,0,TRUE
13075050,2013,3,0,0,TRUE
13075050,2014,3,0,100,TRUE
13075051,2010,2,NA,0,TRUE
13075051,2011,2,0,0,TRUE
13075051,2012,2,0,0,TRUE
13075051,2013,3,0,0,TRUE
13075051,2014,3,0,93.12,TRUE
13075053,2010,2,NA,0,TRUE
13075053,2011,2,0,0,TRUE
13075053,2012,2,0,0,TRUE
13075053,2013,3,0,0,TRUE
13075053,2014,3,0,100,TRUE
13075054,2010,2,NA,0,TRUE
13075054,2011,2,0,0,TRUE
13075054,2012,2,0,0,TRUE
13075054,2013,3,0,0,TRUE
13075054,2014,3,0,99.52,TRUE
13075055,2010,2,NA,0,TRUE
13075055,2011,2,0,0,TRUE
13075055,2012,2,0,0,TRUE
13075055,2013,3,0,0,TRUE
13075055,2014,3,0,91.72,TRUE
13075056,2010,2,NA,0,TRUE
13075056,2011,2,0,0,TRUE
13075056,2012,2,0,0,TRUE
13075056,2013,3,0,0,TRUE
13075056,2014,3,0,98.61,TRUE
13075057,2010,2,NA,0,TRUE
13075057,2011,2,0,0,TRUE
13075057,2012,2,0,0,TRUE
13075057,2013,3,0,0,TRUE
13075057,2014,3,0,100,TRUE
13075058,2010,2,NA,0,TRUE
13075058,2011,2,0,0,TRUE
13075058,2012,2,0,0,TRUE
13075058,2013,3,0,0,TRUE
13075058,2014,3,0,100,TRUE
13075059,2010,2,NA,0,TRUE
13075059,2011,2,0,0,TRUE
13075059,2012,2,0,0,TRUE
13075059,2013,3,0,0,TRUE
13075059,2014,3,0,93.85,TRUE
13075060,2010,2,NA,0,TRUE
13075060,2011,2,0,0,TRUE
13075060,2012,2,0,0,TRUE
13075060,2013,3,0,0,TRUE
13075060,2014,3,0,99.82,TRUE
13075061,2010,2,NA,0,TRUE
13075061,2011,2,0,0,TRUE
13075061,2012,2,0,0,TRUE
13075061,2013,3,0,0,TRUE
13075061,2014,3,0,97.28,TRUE
13075063,2010,2,NA,0,TRUE
13075063,2011,2,0,0,TRUE
13075063,2012,2,0,0,TRUE
13075063,2013,3,0,0,TRUE
13075063,2014,3,0,95.2,TRUE
13075065,2010,2,NA,0,TRUE
13075065,2011,2,0,0,TRUE
13075065,2012,2,0,0,TRUE
13075065,2013,3,0,0,TRUE
13075065,2014,3,0,100,TRUE
13075066,2010,2,NA,0,TRUE
13075066,2011,2,0,0,TRUE
13075066,2012,2,0,0,TRUE
13075066,2013,3,0,0,TRUE
13075066,2014,3,0,100,TRUE
13075067,2010,2,NA,0,TRUE
13075067,2011,2,0,0,TRUE
13075067,2012,2,0,0,TRUE
13075067,2013,3,0,0,TRUE
13075067,2014,3,0,99.48,TRUE
13075068,2010,2,NA,0,TRUE
13075068,2011,2,0,0,TRUE
13075068,2012,2,0,0,TRUE
13075068,2013,3,0,0,TRUE
13075068,2014,3,0,99.48,TRUE
13075069,2010,2,NA,0,TRUE
13075069,2011,2,0,0,TRUE
13075069,2012,2,0,0,TRUE
13075069,2013,3,0,0,TRUE
13075069,2014,3,0,99.89,TRUE
13075070,2010,2,NA,0,TRUE
13075070,2011,2,0,0,TRUE
13075070,2012,2,0,0,TRUE
13075070,2013,3,0,0,TRUE
13075070,2014,3,0,89.5,TRUE
13075071,2010,2,NA,0,TRUE
13075071,2011,2,0,0,TRUE
13075071,2012,2,0,0,TRUE
13075071,2013,3,0,0,TRUE
13075071,2014,3,0,97.69,TRUE
13075072,2010,2,NA,0,TRUE
13075072,2011,2,0,0,TRUE
13075072,2012,2,0,0,TRUE
13075072,2013,3,0,0,TRUE
13075072,2014,3,0,57.25,TRUE
13075073,2010,2,NA,0,TRUE
13075073,2011,2,0,0,TRUE
13075073,2012,2,0,0,TRUE
13075073,2013,3,0,0,TRUE
13075073,2014,3,0,98.89,TRUE
13075074,2010,2,NA,0,TRUE
13075074,2011,2,0,0,TRUE
13075074,2012,2,0,0,TRUE
13075074,2013,3,0,0,TRUE
13075074,2014,3,0,100,TRUE
13075075,2010,2,NA,0,TRUE
13075075,2011,2,0,0,TRUE
13075075,2012,2,0,0,TRUE
13075075,2013,3,0,0,TRUE
13075075,2014,3,0,99.45,TRUE
13075076,2010,2,NA,0,TRUE
13075076,2011,2,0,0,TRUE
13075076,2012,2,0,0,TRUE
13075076,2013,3,0,0,TRUE
13075076,2014,3,0,99.53,TRUE
13075078,2010,2,NA,0,TRUE
13075078,2011,2,0,0,TRUE
13075078,2012,2,0,0,TRUE
13075078,2013,3,0,0,TRUE
13075078,2014,3,0,99.49,TRUE
13075079,2010,2,NA,0,TRUE
13075079,2011,2,0,0,TRUE
13075079,2012,2,0,0,TRUE
13075079,2013,3,0,0,TRUE
13075079,2014,3,0,100,TRUE
13075080,2010,2,NA,0,TRUE
13075080,2011,2,0,0,TRUE
13075080,2012,2,0,0,TRUE
13075080,2013,3,0,0,TRUE
13075080,2014,3,0,100,TRUE
13075081,2010,2,NA,0,TRUE
13075081,2011,2,0,0,TRUE
13075081,2012,2,0,0,TRUE
13075081,2013,3,0,0,TRUE
13075081,2014,3,0,98.82,TRUE
13075082,2010,2,NA,0,TRUE
13075082,2011,2,0,0,TRUE
13075082,2012,2,0,0,TRUE
13075082,2013,3,0,0,TRUE
13075082,2014,3,0,98.56,TRUE
13075083,2010,2,NA,0,TRUE
13075083,2011,2,0,0,TRUE
13075083,2012,2,0,0,TRUE
13075083,2013,3,0,0,TRUE
13075083,2014,3,0,99.5,TRUE
13075084,2010,2,NA,0,TRUE
13075084,2011,2,0,0,TRUE
13075084,2012,2,0,0,TRUE
13075084,2013,3,0,0,TRUE
13075084,2014,3,0,98.57,TRUE
13075085,2010,2,NA,0,TRUE
13075085,2011,2,0,0,TRUE
13075085,2012,2,0,0,TRUE
13075085,2013,3,0,0,TRUE
13075085,2014,3,0,98.23,TRUE
13075086,2010,2,NA,0,TRUE
13075086,2011,2,0,0,TRUE
13075086,2012,2,0,0,TRUE
13075086,2013,3,0,0,TRUE
13075086,2014,3,0,100,TRUE
13075087,2010,2,NA,0,TRUE
13075087,2011,2,0,0,TRUE
13075087,2012,2,0,0,TRUE
13075087,2013,3,0,0,TRUE
13075087,2014,3,0,92.31,TRUE
13075088,2010,2,NA,0,TRUE
13075088,2011,2,0,0,TRUE
13075088,2012,2,0,0,TRUE
13075088,2013,3,0,0,TRUE
13075088,2014,3,0,100,TRUE
13075089,2010,2,NA,0,TRUE
13075089,2011,2,0,0,TRUE
13075089,2012,2,0,0,TRUE
13075089,2013,3,0,0,TRUE
13075089,2014,3,0,98.4,TRUE
13075090,2010,2,NA,0,TRUE
13075090,2011,2,0,0,TRUE
13075090,2012,2,0,0,TRUE
13075090,2013,3,0,0,TRUE
13075090,2014,3,0,100,TRUE
13075091,2010,2,NA,0,TRUE
13075091,2011,2,0,0,TRUE
13075091,2012,2,0,0,TRUE
13075091,2013,3,0,0,TRUE
13075091,2014,3,0,98.34,TRUE
13075092,2010,2,NA,0,TRUE
13075092,2011,2,0,0,TRUE
13075092,2012,2,0,0,TRUE
13075092,2013,3,0,0,TRUE
13075092,2014,3,0,100,TRUE
13075093,2010,2,NA,0,TRUE
13075093,2011,2,0,0,TRUE
13075093,2012,2,0,0,TRUE
13075093,2013,3,0,0,TRUE
13075093,2014,3,0,99.76,TRUE
13075094,2010,2,NA,0,TRUE
13075094,2011,2,0,0,TRUE
13075094,2012,2,0,0,TRUE
13075094,2013,3,0,0,TRUE
13075094,2014,3,0,99.79,TRUE
13075095,2010,2,NA,0,TRUE
13075095,2011,2,0,0,TRUE
13075095,2012,2,0,0,TRUE
13075095,2013,3,0,0,TRUE
13075095,2014,3,0,91.67,TRUE
13075097,2010,2,NA,0,TRUE
13075097,2011,2,0,0,TRUE
13075097,2012,2,0,0,TRUE
13075097,2013,3,0,0,TRUE
13075097,2014,3,0,96.99,TRUE
13075098,2010,2,NA,0,TRUE
13075098,2011,2,0,0,TRUE
13075098,2012,2,0,0,TRUE
13075098,2013,3,0,0,TRUE
13075098,2014,3,0,100,TRUE
13075101,2010,2,NA,0,TRUE
13075101,2011,2,0,0,TRUE
13075101,2012,2,0,0,TRUE
13075101,2013,3,0,0,TRUE
13075101,2014,3,0,99.39,TRUE
13075102,2010,2,NA,0,TRUE
13075102,2011,2,0,0,TRUE
13075102,2012,2,0,0,TRUE
13075102,2013,3,0,0,TRUE
13075102,2014,3,0,99.46,TRUE
13075103,2010,2,NA,0,TRUE
13075103,2011,2,0,0,TRUE
13075103,2012,2,0,0,TRUE
13075103,2013,3,0,0,TRUE
13075103,2014,3,0,98.89,TRUE
13075104,2010,2,NA,0,TRUE
13075104,2011,2,0,0,TRUE
13075104,2012,2,0,0,TRUE
13075104,2013,3,0,0,TRUE
13075104,2014,3,0,100,TRUE
13075105,2010,2,NA,0,TRUE
13075105,2011,2,0,0,TRUE
13075105,2012,2,0,0,TRUE
13075105,2013,3,0,0,TRUE
13075105,2014,3,0,99.98,TRUE
13075106,2010,2,NA,0,TRUE
13075106,2011,2,0,0,TRUE
13075106,2012,2,0,0,TRUE
13075106,2013,3,0,0,TRUE
13075106,2014,3,0,100,TRUE
13075107,2010,2,NA,0,TRUE
13075107,2011,2,0,0,TRUE
13075107,2012,2,0,0,TRUE
13075107,2013,3,0,0,TRUE
13075107,2014,3,0,96.15,TRUE
13075108,2010,2,NA,0,TRUE
13075108,2011,2,0,0,TRUE
13075108,2012,2,0,0,TRUE
13075108,2013,3,0,0,TRUE
13075108,2014,3,0,100,TRUE
13075109,2010,2,NA,0,TRUE
13075109,2011,2,0,0,TRUE
13075109,2012,2,0,0,TRUE
13075109,2013,3,0,0,TRUE
13075109,2014,3,0,99.19,TRUE
13075110,2010,2,NA,0,TRUE
13075110,2011,2,0,0,TRUE
13075110,2012,2,0,0,TRUE
13075110,2013,3,0,0,TRUE
13075110,2014,3,0,100,TRUE
13075111,2010,2,NA,0,TRUE
13075111,2011,2,0,0,TRUE
13075111,2012,2,0,0,TRUE
13075111,2013,3,0,0,TRUE
13075111,2014,3,0,100,TRUE
13075113,2010,2,NA,0,TRUE
13075113,2011,2,0,0,TRUE
13075113,2012,2,0,0,TRUE
13075113,2013,3,0,0,TRUE
13075113,2014,3,0,96.44,TRUE
13075114,2010,2,NA,0,TRUE
13075114,2011,2,0,0,TRUE
13075114,2012,2,0,0,TRUE
13075114,2013,3,0,0,TRUE
13075114,2014,3,0,99.03,TRUE
13075115,2010,2,NA,0,TRUE
13075115,2011,2,0,0,TRUE
13075115,2012,2,0,0,TRUE
13075115,2013,3,0,0,TRUE
13075115,2014,3,0,93.33,TRUE
13075116,2010,2,NA,0,TRUE
13075116,2011,2,0,0,TRUE
13075116,2012,2,0,0,TRUE
13075116,2013,3,0,0,TRUE
13075116,2014,3,0,96.43,TRUE
13075117,2010,2,NA,0,TRUE
13075117,2011,2,0,0,TRUE
13075117,2012,2,0,0,TRUE
13075117,2013,3,0,0,TRUE
13075117,2014,3,0,97.49,TRUE
13075118,2010,2,NA,0,TRUE
13075118,2011,2,0,0,TRUE
13075118,2012,2,0,0,TRUE
13075118,2013,3,0,0,TRUE
13075118,2014,3,0,98.84,TRUE
13075119,2010,2,NA,0,TRUE
13075119,2011,2,0,0,TRUE
13075119,2012,2,0,0,TRUE
13075119,2013,3,0,0,TRUE
13075119,2014,3,0,95.44,TRUE
13075120,2010,2,NA,0,TRUE
13075120,2011,2,0,0,TRUE
13075120,2012,2,0,0,TRUE
13075120,2013,3,0,0,TRUE
13075120,2014,3,0,97.06,TRUE
13075121,2010,2,NA,0,TRUE
13075121,2011,2,0,0,TRUE
13075121,2012,2,0,0,TRUE
13075121,2013,3,0,0,TRUE
13075121,2014,3,0,100,TRUE
13075122,2010,2,NA,0,TRUE
13075122,2011,2,0,0,TRUE
13075122,2012,2,0,0,TRUE
13075122,2013,3,0,0,TRUE
13075122,2014,3,0,100,TRUE
13075123,2010,2,NA,0,TRUE
13075123,2011,2,0,0,TRUE
13075123,2012,2,0,0,TRUE
13075123,2013,3,0,0,TRUE
13075123,2014,3,0,57.68,TRUE
13075124,2010,2,NA,0,TRUE
13075124,2011,2,0,0,TRUE
13075124,2012,2,0,0,TRUE
13075124,2013,3,0,0,TRUE
13075124,2014,3,0,100,TRUE
13075125,2010,2,NA,0,TRUE
13075125,2011,2,0,0,TRUE
13075125,2012,2,0,0,TRUE
13075125,2013,3,0,0,TRUE
13075125,2014,3,0,62.5,TRUE
13075126,2010,2,NA,0,TRUE
13075126,2011,2,0,0,TRUE
13075126,2012,2,0,0,TRUE
13075126,2013,3,0,0,TRUE
13075126,2014,3,0,76.95,TRUE
13075127,2010,2,NA,0,TRUE
13075127,2011,2,0,0,TRUE
13075127,2012,2,0,0,TRUE
13075127,2013,3,0,0,TRUE
13075127,2014,3,0,93.14,TRUE
13075128,2010,2,NA,0,TRUE
13075128,2011,2,0,0,TRUE
13075128,2012,2,0,0,TRUE
13075128,2013,3,0,0,TRUE
13075128,2014,3,0,100,TRUE
13075129,2010,2,NA,0,TRUE
13075129,2011,2,0,0,TRUE
13075129,2012,2,0,0,TRUE
13075129,2013,3,0,0,TRUE
13075129,2014,3,0,99.46,TRUE
13075130,2010,2,NA,0,TRUE
13075130,2011,2,0,0,TRUE
13075130,2012,2,0,0,TRUE
13075130,2013,3,0,0,TRUE
13075130,2014,3,0,97.74,TRUE
13075131,2010,2,NA,0,TRUE
13075131,2011,2,0,0,TRUE
13075131,2012,2,0,0,TRUE
13075131,2013,3,0,0,TRUE
13075131,2014,3,0,99.83,TRUE
13075133,2010,2,NA,0,TRUE
13075133,2011,2,0,0,TRUE
13075133,2012,2,0,0,TRUE
13075133,2013,3,0,0,TRUE
13075133,2014,3,0,99.79,TRUE
13075134,2010,2,NA,0,TRUE
13075134,2011,2,0,0,TRUE
13075134,2012,2,0,0,TRUE
13075134,2013,3,0,0,TRUE
13075134,2014,3,0,100,TRUE
13075135,2010,2,NA,0,TRUE
13075135,2011,2,0,0,TRUE
13075135,2012,2,0,0,TRUE
13075135,2013,3,0,0,TRUE
13075135,2014,3,0,100,TRUE
13075136,2010,2,NA,0,TRUE
13075136,2011,2,0,0,TRUE
13075136,2012,2,0,0,TRUE
13075136,2013,3,0,0,TRUE
13075136,2014,3,0,100,TRUE
13075137,2010,2,NA,0,TRUE
13075137,2011,2,0,0,TRUE
13075137,2012,2,0,0,TRUE
13075137,2013,3,0,0,TRUE
13075137,2014,3,0,95.19,TRUE
13075138,2010,2,NA,0,TRUE
13075138,2011,2,0,0,TRUE
13075138,2012,2,0,0,TRUE
13075138,2013,3,0,0,TRUE
13075138,2014,3,0,95.85,TRUE
13075139,2010,2,NA,0,TRUE
13075139,2011,2,0,0,TRUE
13075139,2012,2,0,0,TRUE
13075139,2013,3,0,0,TRUE
13075139,2014,3,0,99.44,TRUE
13075140,2010,2,NA,0,TRUE
13075140,2011,2,0,0,TRUE
13075140,2012,2,0,0,TRUE
13075140,2013,3,0,0,TRUE
13075140,2014,3,0,100,TRUE
13075141,2010,2,NA,0,TRUE
13075141,2011,2,0,0,TRUE
13075141,2012,2,0,0,TRUE
13075141,2013,3,0,0,TRUE
13075141,2014,3,0,99.57,TRUE
13075142,2010,2,NA,0,TRUE
13075142,2011,2,0,0,TRUE
13075142,2012,2,0,0,TRUE
13075142,2013,3,0,0,TRUE
13075142,2014,3,0,97.72,TRUE
13075143,2010,2,NA,0,TRUE
13075143,2011,2,0,0,TRUE
13075143,2012,2,0,0,TRUE
13075143,2013,3,0,0,TRUE
13075143,2014,3,0,55.58,TRUE
13075144,2010,2,NA,0,TRUE
13075144,2011,2,0,0,TRUE
13075144,2012,2,0,0,TRUE
13075144,2013,3,0,0,TRUE
13075144,2014,3,0,99.87,TRUE
13075145,2010,2,NA,0,TRUE
13075145,2011,2,0,0,TRUE
13075145,2012,2,0,0,TRUE
13075145,2013,3,0,0,TRUE
13075145,2014,3,0,100,TRUE
13075146,2010,2,NA,0,TRUE
13075146,2011,2,0,0,TRUE
13075146,2012,2,0,0,TRUE
13075146,2013,3,0,0,TRUE
13075146,2014,3,0,99.84,TRUE
13075147,2010,2,NA,0,TRUE
13075147,2011,2,0,0,TRUE
13075147,2012,2,0,0,TRUE
13075147,2013,3,0,0,TRUE
13075147,2014,3,0,100,TRUE
13075148,2010,2,NA,0,TRUE
13075148,2011,2,0,0,TRUE
13075148,2012,2,0,0,TRUE
13075148,2013,3,0,0,TRUE
13075148,2014,3,0,99.4,TRUE
13075149,2010,2,NA,0,TRUE
13075149,2011,2,0,0,TRUE
13075149,2012,2,0,0,TRUE
13075149,2013,3,0,0,TRUE
13075149,2014,3,0,100,TRUE
13075150,2010,2,NA,0,TRUE
13075150,2011,2,0,0,TRUE
13075150,2012,2,0,0,TRUE
13075150,2013,3,0,0,TRUE
13075150,2014,3,0,96.83,TRUE
13075151,2010,2,NA,0,TRUE
13075151,2011,2,0,0,TRUE
13075151,2012,2,0,0,TRUE
13075151,2013,3,0,0,TRUE
13075151,2014,3,0,100,TRUE
13075152,2010,2,NA,0,TRUE
13075152,2011,2,0,0,TRUE
13075152,2012,2,0,0,TRUE
13075152,2013,3,0,0,TRUE
13075152,2014,3,0,99.7,TRUE
13075154,2010,2,NA,0,TRUE
13075154,2011,2,0,0,TRUE
13075154,2012,2,0,0,TRUE
13075154,2013,3,0,0,TRUE
13075154,2014,3,0,98.07,TRUE
13075155,2010,2,NA,0,TRUE
13075155,2011,2,0,0,TRUE
13075155,2012,2,0,0,TRUE
13075155,2013,3,0,0,TRUE
13075155,2014,3,0,97.95,TRUE
13076001,2010,2,NA,0,TRUE
13076001,2011,2,0,0,TRUE
13076001,2012,2,0,0,TRUE
13076001,2013,3,0,0,TRUE
13076001,2014,3,0,85.01,TRUE
13076002,2010,2,NA,0,TRUE
13076002,2011,2,0,0,TRUE
13076002,2012,2,0,0,TRUE
13076002,2013,3,0,0,TRUE
13076002,2014,3,0,100,TRUE
13076003,2010,2,NA,0,TRUE
13076003,2011,2,0,0,TRUE
13076003,2012,2,0,0,TRUE
13076003,2013,3,0,0,TRUE
13076003,2014,3,0,98.76,TRUE
13076004,2010,2,NA,0,TRUE
13076004,2011,2,0,0,TRUE
13076004,2012,2,0,0,TRUE
13076004,2013,3,0,0,TRUE
13076004,2014,3,0,100,TRUE
13076005,2010,2,NA,0,TRUE
13076005,2011,2,0,0,TRUE
13076005,2012,2,0,0,TRUE
13076005,2013,3,0,0,TRUE
13076005,2014,3,0,99.93,TRUE
13076006,2010,2,NA,0,TRUE
13076006,2011,2,0,0,TRUE
13076006,2012,2,0,0,TRUE
13076006,2013,3,0,0,TRUE
13076006,2014,3,0,93.33,TRUE
13076007,2010,2,NA,0,TRUE
13076007,2011,2,0,0,TRUE
13076007,2012,2,0,0,TRUE
13076007,2013,3,0,0,TRUE
13076007,2014,3,0,100,TRUE
13076008,2010,2,NA,0,TRUE
13076008,2011,2,0,0,TRUE
13076008,2012,2,0,0,TRUE
13076008,2013,3,0,0,TRUE
13076008,2014,3,0,93.22,TRUE
13076009,2010,2,NA,0,TRUE
13076009,2011,2,0,0,TRUE
13076009,2012,2,0,0,TRUE
13076009,2013,3,0,0,TRUE
13076009,2014,3,0,94.98,TRUE
13076010,2010,2,NA,0,TRUE
13076010,2011,2,0,0,TRUE
13076010,2012,2,0,0,TRUE
13076010,2013,3,0,0,TRUE
13076010,2014,3,0,100,TRUE
13076011,2010,2,NA,0,TRUE
13076011,2011,2,0,0,TRUE
13076011,2012,2,0,0,TRUE
13076011,2013,3,0,0,TRUE
13076011,2014,3,0,88.18,TRUE
13076012,2010,2,NA,0,TRUE
13076012,2011,2,0,0,TRUE
13076012,2012,2,0,0,TRUE
13076012,2013,3,0,0,TRUE
13076012,2014,3,0,100,TRUE
13076013,2010,2,NA,0,TRUE
13076013,2011,2,0,0,TRUE
13076013,2012,2,0,0,TRUE
13076013,2013,3,0,0,TRUE
13076013,2014,3,0,99.3,TRUE
13076014,2010,2,NA,0,TRUE
13076014,2011,2,0,0,TRUE
13076014,2012,2,0,0,TRUE
13076014,2013,3,0,0,TRUE
13076014,2014,3,0,100,TRUE
13076015,2010,2,NA,0,TRUE
13076015,2011,2,0,0,TRUE
13076015,2012,2,0,0,TRUE
13076015,2013,3,0,0,TRUE
13076015,2014,3,0,95.49,TRUE
13076016,2010,2,NA,0,TRUE
13076016,2011,2,0,0,TRUE
13076016,2012,2,0,0,TRUE
13076016,2013,3,0,0,TRUE
13076016,2014,3,0,100,TRUE
13076017,2010,2,NA,0,TRUE
13076017,2011,2,0,0,TRUE
13076017,2012,2,0,0,TRUE
13076017,2013,3,0,0,TRUE
13076017,2014,3,0,100,TRUE
13076018,2010,2,NA,0,TRUE
13076018,2011,2,0,0,TRUE
13076018,2012,2,0,0,TRUE
13076018,2013,3,0,0,TRUE
13076018,2014,3,0,82.88,TRUE
13076019,2010,2,NA,0,TRUE
13076019,2011,2,0,0,TRUE
13076019,2012,2,0,0,TRUE
13076019,2013,3,0,0,TRUE
13076019,2014,3,0,99.47,TRUE
13076020,2010,2,NA,0,TRUE
13076020,2011,2,0,0,TRUE
13076020,2012,2,0,0,TRUE
13076020,2013,3,0,0,TRUE
13076020,2014,3,0,100,TRUE
13076021,2010,2,NA,0,TRUE
13076021,2011,2,0,0,TRUE
13076021,2012,2,0,0,TRUE
13076021,2013,3,0,0,TRUE
13076021,2014,3,0,84.5,TRUE
13076023,2010,2,NA,0,TRUE
13076023,2011,2,0,0,TRUE
13076023,2012,2,0,0,TRUE
13076023,2013,3,0,0,TRUE
13076023,2014,3,0,92.31,TRUE
13076024,2010,2,NA,0,TRUE
13076024,2011,2,0,0,TRUE
13076024,2012,2,0,0,TRUE
13076024,2013,3,0,0,TRUE
13076024,2014,3,0,100,TRUE
13076025,2010,2,NA,0,TRUE
13076025,2011,2,0,0,TRUE
13076025,2012,2,0,0,TRUE
13076025,2013,3,0,0,TRUE
13076025,2014,3,0,99.15,TRUE
13076026,2010,2,NA,0,TRUE
13076026,2011,2,0,0,TRUE
13076026,2012,2,0,0,TRUE
13076026,2013,3,0,0,TRUE
13076026,2014,3,0,100,TRUE
13076027,2010,2,NA,0,TRUE
13076027,2011,2,0,0,TRUE
13076027,2012,2,0,0,TRUE
13076027,2013,3,0,0,TRUE
13076027,2014,3,0,100,TRUE
13076029,2010,2,NA,0,TRUE
13076029,2011,2,0,0,TRUE
13076029,2012,2,0,0,TRUE
13076029,2013,3,0,0,TRUE
13076029,2014,3,0,99.82,TRUE
13076030,2010,2,NA,0,TRUE
13076030,2011,2,0,0,TRUE
13076030,2012,2,0,0,TRUE
13076030,2013,3,0,0,TRUE
13076030,2014,3,0,99.55,TRUE
13076032,2010,2,NA,0,TRUE
13076032,2011,2,0,0,TRUE
13076032,2012,2,0,0,TRUE
13076032,2013,3,0,0,TRUE
13076032,2014,3,0,97.47,TRUE
13076033,2010,2,NA,0,TRUE
13076033,2011,2,0,0,TRUE
13076033,2012,2,0,0,TRUE
13076033,2013,3,0,0,TRUE
13076033,2014,3,0,100,TRUE
13076034,2010,2,NA,0,TRUE
13076034,2011,2,0,0,TRUE
13076034,2012,2,0,0,TRUE
13076034,2013,3,0,0,TRUE
13076034,2014,3,0,99.88,TRUE
13076035,2010,2,NA,0,TRUE
13076035,2011,2,0,0,TRUE
13076035,2012,2,0,0,TRUE
13076035,2013,3,0,0,TRUE
13076035,2014,3,0,99.71,TRUE
13076036,2010,2,NA,0,TRUE
13076036,2011,2,0,0,TRUE
13076036,2012,2,0,0,TRUE
13076036,2013,3,0,0,TRUE
13076036,2014,3,0,100,TRUE
13076037,2010,2,NA,0,TRUE
13076037,2011,2,0,0,TRUE
13076037,2012,2,0,0,TRUE
13076037,2013,3,0,0,TRUE
13076037,2014,3,0,99.08,TRUE
13076038,2010,2,NA,0,TRUE
13076038,2011,2,0,0,TRUE
13076038,2012,2,0,0,TRUE
13076038,2013,3,0,0,TRUE
13076038,2014,3,0,95.65,TRUE
13076039,2010,2,NA,0,TRUE
13076039,2011,2,0,0,TRUE
13076039,2012,2,0,0,TRUE
13076039,2013,3,0,0,TRUE
13076039,2014,3,0,99.21,TRUE
13076040,2010,2,NA,0,TRUE
13076040,2011,2,0,0,TRUE
13076040,2012,2,0,0,TRUE
13076040,2013,3,0,0,TRUE
13076040,2014,3,0,93,TRUE
13076041,2010,2,NA,0,TRUE
13076041,2011,2,0,0,TRUE
13076041,2012,2,0,0,TRUE
13076041,2013,3,0,0,TRUE
13076041,2014,3,0,98.71,TRUE
13076043,2010,2,NA,0,TRUE
13076043,2011,2,0,0,TRUE
13076043,2012,2,0,0,TRUE
13076043,2013,3,0,0,TRUE
13076043,2014,3,0,72.37,TRUE
13076044,2010,2,NA,0,TRUE
13076044,2011,2,0,0,TRUE
13076044,2012,2,0,0,TRUE
13076044,2013,3,0,0,TRUE
13076044,2014,3,0,99.5,TRUE
13076046,2010,2,NA,0,TRUE
13076046,2011,2,0,0,TRUE
13076046,2012,2,0,0,TRUE
13076046,2013,3,0,0,TRUE
13076046,2014,3,0,91.06,TRUE
13076048,2010,2,NA,0,TRUE
13076048,2011,2,0,0,TRUE
13076048,2012,2,0,0,TRUE
13076048,2013,3,0,0,TRUE
13076048,2014,3,0,94.81,TRUE
13076049,2010,2,NA,0,TRUE
13076049,2011,2,0,0,TRUE
13076049,2012,2,0,0,TRUE
13076049,2013,3,0,0,TRUE
13076049,2014,3,0,99.64,TRUE
13076050,2010,2,NA,0,TRUE
13076050,2011,2,0,0,TRUE
13076050,2012,2,0,0,TRUE
13076050,2013,3,0,0,TRUE
13076050,2014,3,0,98.65,TRUE
13076051,2010,2,NA,0,TRUE
13076051,2011,2,0,0,TRUE
13076051,2012,2,0,0,TRUE
13076051,2013,3,0,0,TRUE
13076051,2014,3,0,88.12,TRUE
13076053,2010,2,NA,0,TRUE
13076053,2011,2,0,0,TRUE
13076053,2012,2,0,0,TRUE
13076053,2013,3,0,0,TRUE
13076053,2014,3,0,99.11,TRUE
13076054,2010,2,NA,0,TRUE
13076054,2011,2,0,0,TRUE
13076054,2012,2,0,0,TRUE
13076054,2013,3,0,0,TRUE
13076054,2014,3,0,91.32,TRUE
13076055,2010,2,NA,0,TRUE
13076055,2011,2,0,0,TRUE
13076055,2012,2,0,0,TRUE
13076055,2013,3,0,0,TRUE
13076055,2014,3,0,99.25,TRUE
13076056,2010,2,NA,0,TRUE
13076056,2011,2,0,0,TRUE
13076056,2012,2,0,0,TRUE
13076056,2013,3,0,0,TRUE
13076056,2014,3,0,100,TRUE
13076057,2010,2,NA,0,TRUE
13076057,2011,2,0,0,TRUE
13076057,2012,2,0,0,TRUE
13076057,2013,3,0,0,TRUE
13076057,2014,3,0,82.83,TRUE
13076058,2010,2,NA,0,TRUE
13076058,2011,2,0,0,TRUE
13076058,2012,2,0,0,TRUE
13076058,2013,3,0,0,TRUE
13076058,2014,3,0,93.93,TRUE
13076060,2010,2,NA,0,TRUE
13076060,2011,2,0,0,TRUE
13076060,2012,2,0,0,TRUE
13076060,2013,3,0,0,TRUE
13076060,2014,3,0,99.84,TRUE
13076062,2010,2,NA,0,TRUE
13076062,2011,2,0,0,TRUE
13076062,2012,2,0,0,TRUE
13076062,2013,3,0,0,TRUE
13076062,2014,3,0,99.56,TRUE
13076063,2010,2,NA,0,TRUE
13076063,2011,2,0,0,TRUE
13076063,2012,2,0,0,TRUE
13076063,2013,3,0,0,TRUE
13076063,2014,3,0,100,TRUE
13076064,2010,2,NA,0,TRUE
13076064,2011,2,0,0,TRUE
13076064,2012,2,0,0,TRUE
13076064,2013,3,0,0,TRUE
13076064,2014,3,0,100,TRUE
13076065,2010,2,NA,0,TRUE
13076065,2011,2,0,0,TRUE
13076065,2012,2,0,0,TRUE
13076065,2013,3,0,0,TRUE
13076065,2014,3,0,87.64,TRUE
13076067,2010,2,NA,0,TRUE
13076067,2011,2,0,0,TRUE
13076067,2012,2,0,0,TRUE
13076067,2013,3,0,0,TRUE
13076067,2014,3,0,100,TRUE
13076068,2010,2,NA,0,TRUE
13076068,2011,2,0,0,TRUE
13076068,2012,2,0,0,TRUE
13076068,2013,3,0,0,TRUE
13076068,2014,3,0,85.06,TRUE
13076069,2010,2,NA,0,TRUE
13076069,2011,2,0,0,TRUE
13076069,2012,2,0,0,TRUE
13076069,2013,3,0,0,TRUE
13076069,2014,3,0,100,TRUE
13076070,2010,2,NA,0,TRUE
13076070,2011,2,0,0,TRUE
13076070,2012,2,0,0,TRUE
13076070,2013,3,0,0,TRUE
13076070,2014,3,0,100,TRUE
13076071,2010,2,NA,0,TRUE
13076071,2011,2,0,0,TRUE
13076071,2012,2,0,0,TRUE
13076071,2013,3,0,0,TRUE
13076071,2014,3,0,98.07,TRUE
13076072,2010,2,NA,0,TRUE
13076072,2011,2,0,0,TRUE
13076072,2012,2,0,0,TRUE
13076072,2013,3,0,0,TRUE
13076072,2014,3,0,96.43,TRUE
13076073,2010,2,NA,0,TRUE
13076073,2011,2,0,0,TRUE
13076073,2012,2,0,0,TRUE
13076073,2013,3,0,0,TRUE
13076073,2014,3,0,86.39,TRUE
13076075,2010,2,NA,0,TRUE
13076075,2011,2,0,0,TRUE
13076075,2012,2,0,0,TRUE
13076075,2013,3,0,0,TRUE
13076075,2014,3,0,87.26,TRUE
13076076,2010,2,NA,0,TRUE
13076076,2011,2,0,0,TRUE
13076076,2012,2,0,0,TRUE
13076076,2013,3,0,0,TRUE
13076076,2014,3,0,100,TRUE
13076077,2010,2,NA,0,TRUE
13076077,2011,2,0,0,TRUE
13076077,2012,2,0,0,TRUE
13076077,2013,3,0,0,TRUE
13076077,2014,3,0,81.47,TRUE
13076078,2010,2,NA,0,TRUE
13076078,2011,2,0,0,TRUE
13076078,2012,2,0,0,TRUE
13076078,2013,3,0,0,TRUE
13076078,2014,3,0,100,TRUE
13076079,2010,2,NA,0,TRUE
13076079,2011,2,0,0,TRUE
13076079,2012,2,0,0,TRUE
13076079,2013,3,0,0,TRUE
13076079,2014,3,0,100,TRUE
13076080,2010,2,NA,0,TRUE
13076080,2011,2,0,0,TRUE
13076080,2012,2,0,0,TRUE
13076080,2013,3,0,0,TRUE
13076080,2014,3,0,99.62,TRUE
13076082,2010,2,NA,0,TRUE
13076082,2011,2,0,0,TRUE
13076082,2012,2,0,0,TRUE
13076082,2013,3,0,0,TRUE
13076082,2014,3,0,100,TRUE
13076084,2010,2,NA,0,TRUE
13076084,2011,2,0,0,TRUE
13076084,2012,2,0,0,TRUE
13076084,2013,3,0,0,TRUE
13076084,2014,3,0,100,TRUE
13076085,2010,2,NA,0,TRUE
13076085,2011,2,0,0,TRUE
13076085,2012,2,0,0,TRUE
13076085,2013,3,0,0,TRUE
13076085,2014,3,0,88.13,TRUE
13076086,2010,2,NA,0,TRUE
13076086,2011,2,0,0,TRUE
13076086,2012,2,0,0,TRUE
13076086,2013,3,0,0,TRUE
13076086,2014,3,0,100,TRUE
13076087,2010,2,NA,0,TRUE
13076087,2011,2,0,0,TRUE
13076087,2012,2,0,0,TRUE
13076087,2013,3,0,0,TRUE
13076087,2014,3,0,92.68,TRUE
13076088,2010,2,NA,0,TRUE
13076088,2011,2,0,0,TRUE
13076088,2012,2,0,0,TRUE
13076088,2013,3,0,0,TRUE
13076088,2014,3,0,95.55,TRUE
13076089,2010,2,NA,0,TRUE
13076089,2011,2,0,0,TRUE
13076089,2012,2,0,0,TRUE
13076089,2013,3,0,0,TRUE
13076089,2014,3,0,99.91,TRUE
13076090,2010,2,NA,0,TRUE
13076090,2011,2,0,0,TRUE
13076090,2012,2,0,0,TRUE
13076090,2013,3,0,0,TRUE
13076090,2014,3,0,98.76,TRUE
13076092,2010,2,NA,0,TRUE
13076092,2011,2,0,0,TRUE
13076092,2012,2,0,0,TRUE
13076092,2013,3,0,0,TRUE
13076092,2014,3,0,100,TRUE
13076093,2010,2,NA,0,TRUE
13076093,2011,2,0,0,TRUE
13076093,2012,2,0,0,TRUE
13076093,2013,3,0,0,TRUE
13076093,2014,3,0,99.22,TRUE
13076094,2010,2,NA,0,TRUE
13076094,2011,2,0,0,TRUE
13076094,2012,2,0,0,TRUE
13076094,2013,3,0,0,TRUE
13076094,2014,3,0,98.23,TRUE
13076095,2010,2,NA,0,TRUE
13076095,2011,2,0,0,TRUE
13076095,2012,2,0,0,TRUE
13076095,2013,3,0,0,TRUE
13076095,2014,3,0,100,TRUE
13076096,2010,2,NA,0,TRUE
13076096,2011,2,0,0,TRUE
13076096,2012,2,0,0,TRUE
13076096,2013,3,0,0,TRUE
13076096,2014,3,0,100,TRUE
13076097,2010,2,NA,0,TRUE
13076097,2011,2,0,0,TRUE
13076097,2012,2,0,0,TRUE
13076097,2013,3,0,0,TRUE
13076097,2014,3,0,100,TRUE
13076098,2010,2,NA,0,TRUE
13076098,2011,2,0,0,TRUE
13076098,2012,2,0,0,TRUE
13076098,2013,3,0,0,TRUE
13076098,2014,3,0,99.15,TRUE
13076099,2010,2,NA,0,TRUE
13076099,2011,2,0,0,TRUE
13076099,2012,2,0,0,TRUE
13076099,2013,3,0,0,TRUE
13076099,2014,3,0,100,TRUE
13076100,2010,2,NA,0,TRUE
13076100,2011,2,0,0,TRUE
13076100,2012,2,0,0,TRUE
13076100,2013,3,0,0,TRUE
13076100,2014,3,0,86.46,TRUE
13076101,2010,2,NA,0,TRUE
13076101,2011,2,0,0,TRUE
13076101,2012,2,0,0,TRUE
13076101,2013,3,0,0,TRUE
13076101,2014,3,0,96.6,TRUE
13076102,2010,2,NA,0,TRUE
13076102,2011,2,0,0,TRUE
13076102,2012,2,0,0,TRUE
13076102,2013,3,0,0,TRUE
13076102,2014,3,0,100,TRUE
13076103,2010,2,NA,0,TRUE
13076103,2011,2,0,0,TRUE
13076103,2012,2,0,0,TRUE
13076103,2013,3,0,0,TRUE
13076103,2014,3,0,99.89,TRUE
13076104,2010,2,NA,0,TRUE
13076104,2011,2,0,0,TRUE
13076104,2012,2,0,0,TRUE
13076104,2013,3,0,0,TRUE
13076104,2014,3,0,80.14,TRUE
13076105,2010,2,NA,0,TRUE
13076105,2011,2,0,0,TRUE
13076105,2012,2,0,0,TRUE
13076105,2013,3,0,0,TRUE
13076105,2014,3,0,98.95,TRUE
13076106,2010,2,NA,0,TRUE
13076106,2011,2,0,0,TRUE
13076106,2012,2,0,0,TRUE
13076106,2013,3,0,0,TRUE
13076106,2014,3,0,100,TRUE
13076107,2010,2,NA,0,TRUE
13076107,2011,2,0,0,TRUE
13076107,2012,2,0,0,TRUE
13076107,2013,3,0,0,TRUE
13076107,2014,3,0,100,TRUE
13076108,2010,2,NA,0,TRUE
13076108,2011,2,0,0,TRUE
13076108,2012,2,0,0,TRUE
13076108,2013,3,0,0,TRUE
13076108,2014,3,0,98.01,TRUE
13076109,2010,2,NA,0,TRUE
13076109,2011,2,0,0,TRUE
13076109,2012,2,0,0,TRUE
13076109,2013,3,0,0,TRUE
13076109,2014,3,0,88.15,TRUE
13076110,2010,2,NA,0,TRUE
13076110,2011,2,0,0,TRUE
13076110,2012,2,0,0,TRUE
13076110,2013,3,0,0,TRUE
13076110,2014,3,0,97.25,TRUE
13076111,2010,2,NA,0,TRUE
13076111,2011,2,0,0,TRUE
13076111,2012,2,0,0,TRUE
13076111,2013,3,0,0,TRUE
13076111,2014,3,0,100,TRUE
13076112,2010,2,NA,0,TRUE
13076112,2011,2,0,0,TRUE
13076112,2012,2,0,0,TRUE
13076112,2013,3,0,0,TRUE
13076112,2014,3,0,98.86,TRUE
13076113,2010,2,NA,0,TRUE
13076113,2011,2,0,0,TRUE
13076113,2012,2,0,0,TRUE
13076113,2013,3,0,0,TRUE
13076113,2014,3,0,100,TRUE
13076114,2010,2,NA,0,TRUE
13076114,2011,2,0,0,TRUE
13076114,2012,2,0,0,TRUE
13076114,2013,3,0,0,TRUE
13076114,2014,3,0,93.94,TRUE
13076115,2010,2,NA,0,TRUE
13076115,2011,2,0,0,TRUE
13076115,2012,2,0,0,TRUE
13076115,2013,3,0,0,TRUE
13076115,2014,3,0,98.75,TRUE
13076116,2010,2,NA,0,TRUE
13076116,2011,2,0,0,TRUE
13076116,2012,2,0,0,TRUE
13076116,2013,3,0,0,TRUE
13076116,2014,3,0,87.23,TRUE
13076117,2010,2,NA,0,TRUE
13076117,2011,2,0,0,TRUE
13076117,2012,2,0,0,TRUE
13076117,2013,3,0,0,TRUE
13076117,2014,3,0,100,TRUE
13076118,2010,2,NA,0,TRUE
13076118,2011,2,0,0,TRUE
13076118,2012,2,0,0,TRUE
13076118,2013,3,0,0,TRUE
13076118,2014,3,0,99.89,TRUE
13076119,2010,2,NA,0,TRUE
13076119,2011,2,0,0,TRUE
13076119,2012,2,0,0,TRUE
13076119,2013,3,0,0,TRUE
13076119,2014,3,0,100,TRUE
13076120,2010,2,NA,0,TRUE
13076120,2011,2,0,0,TRUE
13076120,2012,2,0,0,TRUE
13076120,2013,3,0,0,TRUE
13076120,2014,3,0,95.82,TRUE
13076121,2010,2,NA,0,TRUE
13076121,2011,2,0,0,TRUE
13076121,2012,2,0,0,TRUE
13076121,2013,3,0,0,TRUE
13076121,2014,3,0,68.61,TRUE
13076122,2010,2,NA,0,TRUE
13076122,2011,2,0,0,TRUE
13076122,2012,2,0,0,TRUE
13076122,2013,3,0,0,TRUE
13076122,2014,3,0,100,TRUE
13076123,2010,2,NA,0,TRUE
13076123,2011,2,0,0,TRUE
13076123,2012,2,0,0,TRUE
13076123,2013,3,0,0,TRUE
13076123,2014,3,0,61.29,TRUE
13076125,2010,2,NA,0,TRUE
13076125,2011,2,0,0,TRUE
13076125,2012,2,0,0,TRUE
13076125,2013,3,0,0,TRUE
13076125,2014,3,0,96.38,TRUE
13076126,2010,2,NA,0,TRUE
13076126,2011,2,0,0,TRUE
13076126,2012,2,0,0,TRUE
13076126,2013,3,0,0,TRUE
13076126,2014,3,0,100,TRUE
13076128,2010,2,NA,0,TRUE
13076128,2011,2,0,0,TRUE
13076128,2012,2,0,0,TRUE
13076128,2013,3,0,0,TRUE
13076128,2014,3,0,98.64,TRUE
13076129,2010,2,NA,0,TRUE
13076129,2011,2,0,0,TRUE
13076129,2012,2,0,0,TRUE
13076129,2013,3,0,0,TRUE
13076129,2014,3,0,100,TRUE
13076130,2010,2,NA,0,TRUE
13076130,2011,2,0,0,TRUE
13076130,2012,2,0,0,TRUE
13076130,2013,3,0,0,TRUE
13076130,2014,3,0,100,TRUE
13076131,2010,2,NA,0,TRUE
13076131,2011,2,0,0,TRUE
13076131,2012,2,0,0,TRUE
13076131,2013,3,0,0,TRUE
13076131,2014,3,0,100,TRUE
13076132,2010,2,NA,0,TRUE
13076132,2011,2,0,0,TRUE
13076132,2012,2,0,0,TRUE
13076132,2013,3,0,0,TRUE
13076132,2014,3,0,100,TRUE
13076133,2010,2,NA,0,TRUE
13076133,2011,2,0,0,TRUE
13076133,2012,2,0,0,TRUE
13076133,2013,3,0,0,TRUE
13076133,2014,3,0,100,TRUE
13076134,2010,2,NA,0,TRUE
13076134,2011,2,0,0,TRUE
13076134,2012,2,0,0,TRUE
13076134,2013,3,0,0,TRUE
13076134,2014,3,0,100,TRUE
13076135,2010,2,NA,0,TRUE
13076135,2011,2,0,0,TRUE
13076135,2012,2,0,0,TRUE
13076135,2013,3,0,0,TRUE
13076135,2014,3,0,79.34,TRUE
13076136,2010,2,NA,0,TRUE
13076136,2011,2,0,0,TRUE
13076136,2012,2,0,0,TRUE
13076136,2013,3,0,0,TRUE
13076136,2014,3,0,99.77,TRUE
13076137,2010,2,NA,0,TRUE
13076137,2011,2,0,0,TRUE
13076137,2012,2,0,0,TRUE
13076137,2013,3,0,0,TRUE
13076137,2014,3,0,100,TRUE
13076138,2010,2,NA,0,TRUE
13076138,2011,2,0,0,TRUE
13076138,2012,2,0,0,TRUE
13076138,2013,3,0,0,TRUE
13076138,2014,3,0,85.56,TRUE
13076139,2010,2,NA,0,TRUE
13076139,2011,2,0,0,TRUE
13076139,2012,2,0,0,TRUE
13076139,2013,3,0,0,TRUE
13076139,2014,3,0,100,TRUE
13076140,2010,2,NA,0,TRUE
13076140,2011,2,0,0,TRUE
13076140,2012,2,0,0,TRUE
13076140,2013,3,0,0,TRUE
13076140,2014,3,0,99.15,TRUE
13076141,2010,2,NA,0,TRUE
13076141,2011,2,0,0,TRUE
13076141,2012,2,0,0,TRUE
13076141,2013,3,0,0,TRUE
13076141,2014,3,0,100,TRUE
13076142,2010,2,NA,0,TRUE
13076142,2011,2,0,0,TRUE
13076142,2012,2,0,0,TRUE
13076142,2013,3,0,0,TRUE
13076142,2014,3,0,93.54,TRUE
13076143,2010,2,NA,0,TRUE
13076143,2011,2,0,0,TRUE
13076143,2012,2,0,0,TRUE
13076143,2013,3,0,0,TRUE
13076143,2014,3,0,99.73,TRUE
13076145,2010,2,NA,0,TRUE
13076145,2011,2,0,0,TRUE
13076145,2012,2,0,0,TRUE
13076145,2013,3,0,0,TRUE
13076145,2014,3,0,81.48,TRUE
13076146,2010,2,NA,0,TRUE
13076146,2011,2,0,0,TRUE
13076146,2012,2,0,0,TRUE
13076146,2013,3,0,0,TRUE
13076146,2014,3,0,61.87,TRUE
13076147,2010,2,NA,0,TRUE
13076147,2011,2,0,0,TRUE
13076147,2012,2,0,0,TRUE
13076147,2013,3,0,0,TRUE
13076147,2014,3,0,100,TRUE
13076148,2010,2,NA,0,TRUE
13076148,2011,2,0,0,TRUE
13076148,2012,2,0,0,TRUE
13076148,2013,3,0,0,TRUE
13076148,2014,3,0,95.87,TRUE
13076151,2010,2,NA,0,TRUE
13076151,2011,2,0,0,TRUE
13076151,2012,2,0,0,TRUE
13076151,2013,3,0,0,TRUE
13076151,2014,3,0,86.67,TRUE
13076152,2010,2,NA,0,TRUE
13076152,2011,2,0,0,TRUE
13076152,2012,2,0,0,TRUE
13076152,2013,3,0,0,TRUE
13076152,2014,3,0,98.54,TRUE
13076153,2010,2,NA,0,TRUE
13076153,2011,2,0,0,TRUE
13076153,2012,2,0,0,TRUE
13076153,2013,3,0,0,TRUE
13076153,2014,3,0,88.43,TRUE
13076154,2010,2,NA,0,TRUE
13076154,2011,2,0,0,TRUE
13076154,2012,2,0,0,TRUE
13076154,2013,3,0,0,TRUE
13076154,2014,3,0,100,TRUE
13076155,2010,2,NA,0,TRUE
13076155,2011,2,0,0,TRUE
13076155,2012,2,0,0,TRUE
13076155,2013,3,0,0,TRUE
13076155,2014,3,0,97.98,TRUE
13076156,2010,2,NA,0,TRUE
13076156,2011,2,0,0,TRUE
13076156,2012,2,0,0,TRUE
13076156,2013,3,0,0,TRUE
13076156,2014,3,0,62.39,TRUE
13076158,2010,2,NA,0,TRUE
13076158,2011,2,0,0,TRUE
13076158,2012,2,0,0,TRUE
13076158,2013,3,0,0,TRUE
13076158,2014,3,0,100,TRUE
13076159,2010,2,NA,0,TRUE
13076159,2011,2,0,0,TRUE
13076159,2012,2,0,0,TRUE
13076159,2013,3,0,0,TRUE
13076159,2014,3,0,97.98,TRUE
13076160,2010,2,NA,0,TRUE
13076160,2011,2,0,0,TRUE
13076160,2012,2,0,0,TRUE
13076160,2013,3,0,0,TRUE
13076160,2014,3,0,100,TRUE
13076161,2010,2,NA,0,TRUE
13076161,2011,2,0,0,TRUE
13076161,2012,2,0,0,TRUE
13076161,2013,3,0,0,TRUE
13076161,2014,3,0,98.05,TRUE
13076162,2010,2,NA,0,TRUE
13076162,2011,2,0,0,TRUE
13076162,2012,2,0,0,TRUE
13076162,2013,3,0,0,TRUE
13076162,2014,3,0,99.08,TRUE
13076163,2010,2,NA,0,TRUE
13076163,2011,2,0,0,TRUE
13076163,2012,2,0,0,TRUE
13076163,2013,3,0,0,TRUE
13076163,2014,3,0,100,TRUE
13076164,2010,2,NA,0,TRUE
13076164,2011,2,0,0,TRUE
13076164,2012,2,0,0,TRUE
13076164,2013,3,0,0,TRUE
13076164,2014,3,0,86.85,TRUE
13076165,2010,2,NA,0,TRUE
13076165,2011,2,0,0,TRUE
13076165,2012,2,0,0,TRUE
13076165,2013,3,0,0,TRUE
13076165,2014,3,0,100,TRUE
13076166,2010,2,NA,0,TRUE
13076166,2011,2,0,0,TRUE
13076166,2012,2,0,0,TRUE
13076166,2013,3,0,0,TRUE
13076166,2014,3,0,95.79,TRUE
13076167,2010,2,NA,0,TRUE
13076167,2011,2,0,0,TRUE
13076167,2012,2,0,0,TRUE
13076167,2013,3,0,0,TRUE
13076167,2014,3,0,100,TRUE
14511000,2010,2,NA,0,TRUE
14511000,2011,2,0,0,TRUE
14511000,2012,2,0,0,TRUE
14511000,2013,3,0,0,TRUE
14511000,2014,3,0,99.98,TRUE
14521010,2010,2,NA,0,TRUE
14521010,2011,2,0,0,TRUE
14521010,2012,2,0,0,TRUE
14521010,2013,3,0,0,TRUE
14521010,2014,3,0,98.43,TRUE
14521020,2010,2,NA,0,TRUE
14521020,2011,2,0,0,TRUE
14521020,2012,2,0,0,TRUE
14521020,2013,3,0,0,TRUE
14521020,2014,3,0,100,TRUE
14521030,2010,2,NA,0,TRUE
14521030,2011,2,0,0,TRUE
14521030,2012,2,0,0,TRUE
14521030,2013,3,0,0,TRUE
14521030,2014,3,0,100,TRUE
14521040,2010,2,NA,0,TRUE
14521040,2011,2,0,0,TRUE
14521040,2012,2,0,0,TRUE
14521040,2013,3,0,0,TRUE
14521040,2014,3,0,100,TRUE
14521050,2010,2,NA,0,TRUE
14521050,2011,2,0,0,TRUE
14521050,2012,2,0,0,TRUE
14521050,2013,3,0,0,TRUE
14521050,2014,3,0,100,TRUE
14521060,2010,2,NA,0,TRUE
14521060,2011,2,0,0,TRUE
14521060,2012,2,0,0,TRUE
14521060,2013,3,0,0,TRUE
14521060,2014,3,0,98.48,TRUE
14521080,2010,2,NA,0,TRUE
14521080,2011,2,0,0,TRUE
14521080,2012,2,0,0,TRUE
14521080,2013,3,0,0,TRUE
14521080,2014,3,0,98.49,TRUE
14521090,2010,2,NA,0,TRUE
14521090,2011,2,0,0,TRUE
14521090,2012,2,0,0,TRUE
14521090,2013,3,0,0,TRUE
14521090,2014,3,0,100,TRUE
14521110,2010,2,NA,0,TRUE
14521110,2011,2,0,0,TRUE
14521110,2012,2,0,0,TRUE
14521110,2013,3,0,0,TRUE
14521110,2014,3,0,95.65,TRUE
14521120,2010,2,NA,0,TRUE
14521120,2011,2,0,0,TRUE
14521120,2012,2,0,0,TRUE
14521120,2013,3,0,0,TRUE
14521120,2014,3,0,99.42,TRUE
14521130,2010,2,NA,0,TRUE
14521130,2011,2,0,0,TRUE
14521130,2012,2,0,0,TRUE
14521130,2013,3,0,0,TRUE
14521130,2014,3,0,99.67,TRUE
14521140,2010,2,NA,0,TRUE
14521140,2011,2,0,0,TRUE
14521140,2012,2,0,0,TRUE
14521140,2013,3,0,0,TRUE
14521140,2014,3,0,98.61,TRUE
14521150,2010,2,NA,0,TRUE
14521150,2011,2,0,0,TRUE
14521150,2012,2,0,0,TRUE
14521150,2013,3,0,0,TRUE
14521150,2014,3,0,98.1,TRUE
14521160,2010,2,NA,0,TRUE
14521160,2011,2,0,0,TRUE
14521160,2012,2,0,0,TRUE
14521160,2013,3,0,0,TRUE
14521160,2014,3,0,100,TRUE
14521170,2010,2,NA,0,TRUE
14521170,2011,2,0,0,TRUE
14521170,2012,2,0,0,TRUE
14521170,2013,3,0,0,TRUE
14521170,2014,3,0,97.52,TRUE
14521180,2010,2,NA,0,TRUE
14521180,2011,2,0,0,TRUE
14521180,2012,2,0,0,TRUE
14521180,2013,3,0,0,TRUE
14521180,2014,3,0,99.84,TRUE
14521200,2010,2,NA,0,TRUE
14521200,2011,2,0,0,TRUE
14521200,2012,2,0,0,TRUE
14521200,2013,3,0,0,TRUE
14521200,2014,3,0,99.87,TRUE
14521210,2010,2,NA,0,TRUE
14521210,2011,2,0,0,TRUE
14521210,2012,2,0,0,TRUE
14521210,2013,3,0,0,TRUE
14521210,2014,3,0,99.9,TRUE
14521220,2010,2,NA,0,TRUE
14521220,2011,2,0,0,TRUE
14521220,2012,2,0,0,TRUE
14521220,2013,3,0,0,TRUE
14521220,2014,3,0,96.38,TRUE
14521230,2010,2,NA,0,TRUE
14521230,2011,2,0,0,TRUE
14521230,2012,2,0,0,TRUE
14521230,2013,3,0,0,TRUE
14521230,2014,3,0,100,TRUE
14521240,2010,2,NA,0,TRUE
14521240,2011,2,0,0,TRUE
14521240,2012,2,0,0,TRUE
14521240,2013,3,0,0,TRUE
14521240,2014,3,0,96.86,TRUE
14521250,2010,2,NA,0,TRUE
14521250,2011,2,0,0,TRUE
14521250,2012,2,0,0,TRUE
14521250,2013,3,0,0,TRUE
14521250,2014,3,0,100,TRUE
14521260,2010,2,NA,0,TRUE
14521260,2011,2,0,0,TRUE
14521260,2012,2,0,0,TRUE
14521260,2013,3,0,0,TRUE
14521260,2014,3,0,100,TRUE
14521270,2010,2,NA,0,TRUE
14521270,2011,2,0,0,TRUE
14521270,2012,2,0,0,TRUE
14521270,2013,3,0,0,TRUE
14521270,2014,3,0,100,TRUE
14521280,2010,2,NA,0,TRUE
14521280,2011,2,0,0,TRUE
14521280,2012,2,0,0,TRUE
14521280,2013,3,0,0,TRUE
14521280,2014,3,0,100,TRUE
14521290,2010,2,NA,0,TRUE
14521290,2011,2,0,0,TRUE
14521290,2012,2,0,0,TRUE
14521290,2013,3,0,0,TRUE
14521290,2014,3,0,99.74,TRUE
14521310,2010,2,NA,0,TRUE
14521310,2011,2,0,0,TRUE
14521310,2012,2,0,0,TRUE
14521310,2013,3,0,0,TRUE
14521310,2014,3,0,99.96,TRUE
14521320,2010,2,NA,0,TRUE
14521320,2011,2,0,0,TRUE
14521320,2012,2,0,0,TRUE
14521320,2013,3,0,0,TRUE
14521320,2014,3,0,67.33,TRUE
14521330,2010,2,NA,0,TRUE
14521330,2011,2,0,0,TRUE
14521330,2012,2,0,0,TRUE
14521330,2013,3,0,0,TRUE
14521330,2014,3,0,95.59,TRUE
14521340,2010,2,NA,0,TRUE
14521340,2011,2,0,0,TRUE
14521340,2012,2,0,0,TRUE
14521340,2013,3,0,0,TRUE
14521340,2014,3,0,99.82,TRUE
14521355,2010,2,NA,0,TRUE
14521355,2011,2,0,0,TRUE
14521355,2012,2,0,0,TRUE
14521355,2013,3,0,0,TRUE
14521355,2014,3,0,100,TRUE
14521370,2010,2,NA,0,TRUE
14521370,2011,2,0,0,TRUE
14521370,2012,2,0,0,TRUE
14521370,2013,3,0,0,TRUE
14521370,2014,3,0,100,TRUE
14521380,2010,2,NA,0,TRUE
14521380,2011,2,0,0,TRUE
14521380,2012,2,0,0,TRUE
14521380,2013,3,0,0,TRUE
14521380,2014,3,0,99.98,TRUE
14521390,2010,2,NA,0,TRUE
14521390,2011,2,0,0,TRUE
14521390,2012,2,0,0,TRUE
14521390,2013,3,0,0,TRUE
14521390,2014,3,0,99.94,TRUE
14521400,2010,2,NA,0,TRUE
14521400,2011,2,0,0,TRUE
14521400,2012,2,0,0,TRUE
14521400,2013,3,0,0,TRUE
14521400,2014,3,0,99.16,TRUE
14521410,2010,2,NA,0,TRUE
14521410,2011,2,0,0,TRUE
14521410,2012,2,0,0,TRUE
14521410,2013,3,0,0,TRUE
14521410,2014,3,0,100,TRUE
14521420,2010,2,NA,0,TRUE
14521420,2011,2,0,0,TRUE
14521420,2012,2,0,0,TRUE
14521420,2013,3,0,0,TRUE
14521420,2014,3,0,100,TRUE
14521430,2010,2,NA,0,TRUE
14521430,2011,2,0,0,TRUE
14521430,2012,2,0,0,TRUE
14521430,2013,3,0,0,TRUE
14521430,2014,3,0,99.93,TRUE
14521440,2010,2,NA,0,TRUE
14521440,2011,2,0,0,TRUE
14521440,2012,2,0,0,TRUE
14521440,2013,3,0,0,TRUE
14521440,2014,3,0,98.92,TRUE
14521450,2010,2,NA,0,TRUE
14521450,2011,2,0,0,TRUE
14521450,2012,2,0,0,TRUE
14521450,2013,3,0,0,TRUE
14521450,2014,3,0,99.79,TRUE
14521460,2010,2,NA,0,TRUE
14521460,2011,2,0,0,TRUE
14521460,2012,2,0,0,TRUE
14521460,2013,3,0,0,TRUE
14521460,2014,3,0,99.83,TRUE
14521495,2010,2,NA,0,TRUE
14521495,2011,2,0,0,TRUE
14521495,2012,2,0,0,TRUE
14521495,2013,3,0,0,TRUE
14521495,2014,3,0,99.9,TRUE
14521500,2010,2,NA,0,TRUE
14521500,2011,2,0,0,TRUE
14521500,2012,2,0,0,TRUE
14521500,2013,3,0,0,TRUE
14521500,2014,3,0,100,TRUE
14521510,2010,2,NA,0,TRUE
14521510,2011,2,0,0,TRUE
14521510,2012,2,0,0,TRUE
14521510,2013,3,0,0,TRUE
14521510,2014,3,0,100,TRUE
14521520,2010,2,NA,0,TRUE
14521520,2011,2,0,0,TRUE
14521520,2012,2,0,0,TRUE
14521520,2013,3,0,0,TRUE
14521520,2014,3,0,99.84,TRUE
14521530,2010,2,NA,0,TRUE
14521530,2011,2,0,0,TRUE
14521530,2012,2,0,0,TRUE
14521530,2013,3,0,0,TRUE
14521530,2014,3,0,99.89,TRUE
14521540,2010,2,NA,0,TRUE
14521540,2011,2,0,0,TRUE
14521540,2012,2,0,0,TRUE
14521540,2013,3,0,0,TRUE
14521540,2014,3,0,99.17,TRUE
14521550,2010,2,NA,0,TRUE
14521550,2011,2,0,0,TRUE
14521550,2012,2,0,0,TRUE
14521550,2013,3,0,0,TRUE
14521550,2014,3,0,99.85,TRUE
14521560,2010,2,NA,0,TRUE
14521560,2011,2,0,0,TRUE
14521560,2012,2,0,0,TRUE
14521560,2013,3,0,0,TRUE
14521560,2014,3,0,99.86,TRUE
14521570,2010,2,NA,0,TRUE
14521570,2011,2,0,0,TRUE
14521570,2012,2,0,0,TRUE
14521570,2013,3,0,0,TRUE
14521570,2014,3,0,96.18,TRUE
14521590,2010,2,NA,0,TRUE
14521590,2011,2,0,0,TRUE
14521590,2012,2,0,0,TRUE
14521590,2013,3,0,0,TRUE
14521590,2014,3,0,99.92,TRUE
14521600,2010,2,NA,0,TRUE
14521600,2011,2,0,0,TRUE
14521600,2012,2,0,0,TRUE
14521600,2013,3,0,0,TRUE
14521600,2014,3,0,99.66,TRUE
14521610,2010,2,NA,0,TRUE
14521610,2011,2,0,0,TRUE
14521610,2012,2,0,0,TRUE
14521610,2013,3,0,0,TRUE
14521610,2014,3,0,100,TRUE
14521620,2010,2,NA,0,TRUE
14521620,2011,2,0,0,TRUE
14521620,2012,2,0,0,TRUE
14521620,2013,3,0,0,TRUE
14521620,2014,3,0,100,TRUE
14521630,2010,2,NA,0,TRUE
14521630,2011,2,0,0,TRUE
14521630,2012,2,0,0,TRUE
14521630,2013,3,0,0,TRUE
14521630,2014,3,0,100,TRUE
14521640,2010,2,NA,0,TRUE
14521640,2011,2,0,0,TRUE
14521640,2012,2,0,0,TRUE
14521640,2013,3,0,0,TRUE
14521640,2014,3,0,100,TRUE
14521670,2010,2,NA,0,TRUE
14521670,2011,2,0,0,TRUE
14521670,2012,2,0,0,TRUE
14521670,2013,3,0,0,TRUE
14521670,2014,3,0,96.6,TRUE
14521690,2010,2,NA,0,TRUE
14521690,2011,2,0,0,TRUE
14521690,2012,2,0,0,TRUE
14521690,2013,3,0,0,TRUE
14521690,2014,3,0,99.98,TRUE
14521700,2010,2,NA,0,TRUE
14521700,2011,2,0,0,TRUE
14521700,2012,2,0,0,TRUE
14521700,2013,3,0,0,TRUE
14521700,2014,3,0,99.96,TRUE
14521710,2010,2,NA,0,TRUE
14521710,2011,2,0,0,TRUE
14521710,2012,2,0,0,TRUE
14521710,2013,3,0,0,TRUE
14521710,2014,3,0,99.8,TRUE
14522010,2010,2,NA,0,TRUE
14522010,2011,2,0,0,TRUE
14522010,2012,2,0,0,TRUE
14522010,2013,3,0,0,TRUE
14522010,2014,3,0,100,TRUE
14522020,2010,2,NA,0,TRUE
14522020,2011,2,0,0,TRUE
14522020,2012,2,0,0,TRUE
14522020,2013,3,0,0,TRUE
14522020,2014,3,0,99.96,TRUE
14522035,2010,2,NA,0,TRUE
14522035,2011,2,0,0,TRUE
14522035,2012,2,0,0,TRUE
14522035,2013,3,0,0,TRUE
14522035,2014,3,0,99.97,TRUE
14522050,2010,2,NA,0,TRUE
14522050,2011,2,0,0,TRUE
14522050,2012,2,0,0,TRUE
14522050,2013,3,0,0,TRUE
14522050,2014,3,0,100,TRUE
14522060,2010,2,NA,0,TRUE
14522060,2011,2,0,0,TRUE
14522060,2012,2,0,0,TRUE
14522060,2013,3,0,0,TRUE
14522060,2014,3,0,100,TRUE
14522070,2010,2,NA,0,TRUE
14522070,2011,2,0,0,TRUE
14522070,2012,2,0,0,TRUE
14522070,2013,3,0,0,TRUE
14522070,2014,3,0,100,TRUE
14522080,2010,2,NA,0,TRUE
14522080,2011,2,0,0,TRUE
14522080,2012,2,0,0,TRUE
14522080,2013,3,0,0,TRUE
14522080,2014,3,0,99.81,TRUE
14522090,2010,2,NA,0,TRUE
14522090,2011,2,0,0,TRUE
14522090,2012,2,0,0,TRUE
14522090,2013,3,0,0,TRUE
14522090,2014,3,0,99.88,TRUE
14522110,2010,2,NA,0,TRUE
14522110,2011,2,0,0,TRUE
14522110,2012,2,0,0,TRUE
14522110,2013,3,0,0,TRUE
14522110,2014,3,0,99.95,TRUE
14522120,2010,2,NA,0,TRUE
14522120,2011,2,0,0,TRUE
14522120,2012,2,0,0,TRUE
14522120,2013,3,0,0,TRUE
14522120,2014,3,0,100,TRUE
14522140,2010,2,NA,0,TRUE
14522140,2011,2,0,0,TRUE
14522140,2012,2,0,0,TRUE
14522140,2013,3,0,0,TRUE
14522140,2014,3,0,100,TRUE
14522150,2010,2,NA,0,TRUE
14522150,2011,2,0,0,TRUE
14522150,2012,2,0,0,TRUE
14522150,2013,3,0,0,TRUE
14522150,2014,3,0,100,TRUE
14522170,2010,2,NA,0,TRUE
14522170,2011,2,0,0,TRUE
14522170,2012,2,0,0,TRUE
14522170,2013,3,0,0,TRUE
14522170,2014,3,0,99.74,TRUE
14522180,2010,2,NA,0,TRUE
14522180,2011,2,0,0,TRUE
14522180,2012,2,0,0,TRUE
14522180,2013,3,0,0,TRUE
14522180,2014,3,0,99.95,TRUE
14522190,2010,2,NA,0,TRUE
14522190,2011,2,0,0,TRUE
14522190,2012,2,0,0,TRUE
14522190,2013,3,0,0,TRUE
14522190,2014,3,0,99.92,TRUE
14522200,2010,2,NA,0,TRUE
14522200,2011,2,0,0,TRUE
14522200,2012,2,0,0,TRUE
14522200,2013,3,0,0,TRUE
14522200,2014,3,0,99.92,TRUE
14522210,2010,2,NA,0,TRUE
14522210,2011,2,0,0,TRUE
14522210,2012,2,0,0,TRUE
14522210,2013,3,0,0,TRUE
14522210,2014,3,0,100,TRUE
14522220,2010,2,NA,0,TRUE
14522220,2011,2,0,0,TRUE
14522220,2012,2,0,0,TRUE
14522220,2013,3,0,0,TRUE
14522220,2014,3,0,99.56,TRUE
14522230,2010,2,NA,0,TRUE
14522230,2011,2,0,0,TRUE
14522230,2012,2,0,0,TRUE
14522230,2013,3,0,0,TRUE
14522230,2014,3,0,100,TRUE
14522240,2010,2,NA,0,TRUE
14522240,2011,2,0,0,TRUE
14522240,2012,2,0,0,TRUE
14522240,2013,3,0,0,TRUE
14522240,2014,3,0,100,TRUE
14522250,2010,2,NA,0,TRUE
14522250,2011,2,0,0,TRUE
14522250,2012,2,0,0,TRUE
14522250,2013,3,0,0,TRUE
14522250,2014,3,0,99.8,TRUE
14522260,2010,2,NA,0,TRUE
14522260,2011,2,0,0,TRUE
14522260,2012,2,0,0,TRUE
14522260,2013,3,0,0,TRUE
14522260,2014,3,0,100,TRUE
14522280,2010,2,NA,0,TRUE
14522280,2011,2,0,0,TRUE
14522280,2012,2,0,0,TRUE
14522280,2013,3,0,0,TRUE
14522280,2014,3,0,100,TRUE
14522290,2010,2,NA,0,TRUE
14522290,2011,2,0,0,TRUE
14522290,2012,2,0,0,TRUE
14522290,2013,3,0,0,TRUE
14522290,2014,3,0,100,TRUE
14522300,2010,2,NA,0,TRUE
14522300,2011,2,0,0,TRUE
14522300,2012,2,0,0,TRUE
14522300,2013,3,0,0,TRUE
14522300,2014,3,0,100,TRUE
14522310,2010,2,NA,0,TRUE
14522310,2011,2,0,0,TRUE
14522310,2012,2,0,0,TRUE
14522310,2013,3,0,0,TRUE
14522310,2014,3,0,99.84,TRUE
14522320,2010,2,NA,0,TRUE
14522320,2011,2,0,0,TRUE
14522320,2012,2,0,0,TRUE
14522320,2013,3,0,0,TRUE
14522320,2014,3,0,99.89,TRUE
14522330,2010,2,NA,0,TRUE
14522330,2011,2,0,0,TRUE
14522330,2012,2,0,0,TRUE
14522330,2013,3,0,0,TRUE
14522330,2014,3,0,99.98,TRUE
14522340,2010,2,NA,0,TRUE
14522340,2011,2,0,0,TRUE
14522340,2012,2,0,0,TRUE
14522340,2013,3,0,0,TRUE
14522340,2014,3,0,100,TRUE
14522350,2010,2,NA,0,TRUE
14522350,2011,2,0,0,TRUE
14522350,2012,2,0,0,TRUE
14522350,2013,3,0,0,TRUE
14522350,2014,3,0,99.96,TRUE
14522360,2010,2,NA,0,TRUE
14522360,2011,2,0,0,TRUE
14522360,2012,2,0,0,TRUE
14522360,2013,3,0,0,TRUE
14522360,2014,3,0,100,TRUE
14522380,2010,2,NA,0,TRUE
14522380,2011,2,0,0,TRUE
14522380,2012,2,0,0,TRUE
14522380,2013,3,0,0,TRUE
14522380,2014,3,0,100,TRUE
14522390,2010,2,NA,0,TRUE
14522390,2011,2,0,0,TRUE
14522390,2012,2,0,0,TRUE
14522390,2013,3,0,0,TRUE
14522390,2014,3,0,99.77,TRUE
14522400,2010,2,NA,0,TRUE
14522400,2011,2,0,0,TRUE
14522400,2012,2,0,0,TRUE
14522400,2013,3,0,0,TRUE
14522400,2014,3,0,98.47,TRUE
14522420,2010,2,NA,0,TRUE
14522420,2011,2,0,0,TRUE
14522420,2012,2,0,0,TRUE
14522420,2013,3,0,0,TRUE
14522420,2014,3,0,100,TRUE
14522430,2010,2,NA,0,TRUE
14522430,2011,2,0,0,TRUE
14522430,2012,2,0,0,TRUE
14522430,2013,3,0,0,TRUE
14522430,2014,3,0,100,TRUE
14522440,2010,2,NA,0,TRUE
14522440,2011,2,0,0,TRUE
14522440,2012,2,0,0,TRUE
14522440,2013,3,0,0,TRUE
14522440,2014,3,0,99.93,TRUE
14522450,2010,2,NA,0,TRUE
14522450,2011,2,0,0,TRUE
14522450,2012,2,0,0,TRUE
14522450,2013,3,0,0,TRUE
14522450,2014,3,0,99.7,TRUE
14522460,2010,2,NA,0,TRUE
14522460,2011,2,0,0,TRUE
14522460,2012,2,0,0,TRUE
14522460,2013,3,0,0,TRUE
14522460,2014,3,0,100,TRUE
14522470,2010,2,NA,0,TRUE
14522470,2011,2,0,0,TRUE
14522470,2012,2,0,0,TRUE
14522470,2013,3,0,0,TRUE
14522470,2014,3,0,99.54,TRUE
14522480,2010,2,NA,0,TRUE
14522480,2011,2,0,0,TRUE
14522480,2012,2,0,0,TRUE
14522480,2013,3,0,0,TRUE
14522480,2014,3,0,99.92,TRUE
14522490,2010,2,NA,0,TRUE
14522490,2011,2,0,0,TRUE
14522490,2012,2,0,0,TRUE
14522490,2013,3,0,0,TRUE
14522490,2014,3,0,100,TRUE
14522500,2010,2,NA,0,TRUE
14522500,2011,2,0,0,TRUE
14522500,2012,2,0,0,TRUE
14522500,2013,3,0,0,TRUE
14522500,2014,3,0,99.95,TRUE
14522510,2010,2,NA,0,TRUE
14522510,2011,2,0,0,TRUE
14522510,2012,2,0,0,TRUE
14522510,2013,3,0,0,TRUE
14522510,2014,3,0,100,TRUE
14522520,2010,2,NA,0,TRUE
14522520,2011,2,0,0,TRUE
14522520,2012,2,0,0,TRUE
14522520,2013,3,0,0,TRUE
14522520,2014,3,0,99.25,TRUE
14522530,2010,2,NA,0,TRUE
14522530,2011,2,0,0,TRUE
14522530,2012,2,0,0,TRUE
14522530,2013,3,0,0,TRUE
14522530,2014,3,0,100,TRUE
14522540,2010,2,NA,0,TRUE
14522540,2011,2,0,0,TRUE
14522540,2012,2,0,0,TRUE
14522540,2013,3,0,0,TRUE
14522540,2014,3,0,99.96,TRUE
14522550,2010,2,NA,0,TRUE
14522550,2011,2,0,0,TRUE
14522550,2012,2,0,0,TRUE
14522550,2013,3,0,0,TRUE
14522550,2014,3,0,100,TRUE
14522570,2010,2,NA,0,TRUE
14522570,2011,2,0,0,TRUE
14522570,2012,2,0,0,TRUE
14522570,2013,3,0,0,TRUE
14522570,2014,3,0,99.82,TRUE
14522580,2010,2,NA,0,TRUE
14522580,2011,2,0,0,TRUE
14522580,2012,2,0,0,TRUE
14522580,2013,3,0,0,TRUE
14522580,2014,3,0,100,TRUE
14522590,2010,2,NA,0,TRUE
14522590,2011,2,0,0,TRUE
14522590,2012,2,0,0,TRUE
14522590,2013,3,0,0,TRUE
14522590,2014,3,0,99.77,TRUE
14522600,2010,2,NA,0,TRUE
14522600,2011,2,0,0,TRUE
14522600,2012,2,0,0,TRUE
14522600,2013,3,0,0,TRUE
14522600,2014,3,0,100,TRUE
14522620,2010,2,NA,0,TRUE
14522620,2011,2,0,0,TRUE
14522620,2012,2,0,0,TRUE
14522620,2013,3,0,0,TRUE
14522620,2014,3,0,100,TRUE
14523010,2010,2,NA,0,TRUE
14523010,2011,2,0,0,TRUE
14523010,2012,2,0,0,TRUE
14523010,2013,3,0,0,TRUE
14523010,2014,3,0,99.93,TRUE
14523020,2010,2,NA,0,TRUE
14523020,2011,2,0,0,TRUE
14523020,2012,2,0,0,TRUE
14523020,2013,3,0,0,TRUE
14523020,2014,3,0,100,TRUE
14523030,2010,2,NA,0,TRUE
14523030,2011,2,0,0,TRUE
14523030,2012,2,0,0,TRUE
14523030,2013,3,0,0,TRUE
14523030,2014,3,0,91.14,TRUE
14523040,2010,2,NA,0,TRUE
14523040,2011,2,0,0,TRUE
14523040,2012,2,0,0,TRUE
14523040,2013,3,0,0,TRUE
14523040,2014,3,0,100,TRUE
14523050,2010,2,NA,0,TRUE
14523050,2011,2,0,0,TRUE
14523050,2012,2,0,0,TRUE
14523050,2013,3,0,0,TRUE
14523050,2014,3,0,100,TRUE
14523060,2010,2,NA,0,TRUE
14523060,2011,2,0,0,TRUE
14523060,2012,2,0,0,TRUE
14523060,2013,3,0,0,TRUE
14523060,2014,3,0,99.84,TRUE
14523080,2010,2,NA,0,TRUE
14523080,2011,2,0,0,TRUE
14523080,2012,2,0,0,TRUE
14523080,2013,3,0,0,TRUE
14523080,2014,3,0,99.83,TRUE
14523090,2010,2,NA,0,TRUE
14523090,2011,2,0,0,TRUE
14523090,2012,2,0,0,TRUE
14523090,2013,3,0,0,TRUE
14523090,2014,3,0,100,TRUE
14523100,2010,2,NA,0,TRUE
14523100,2011,2,0,0,TRUE
14523100,2012,2,0,0,TRUE
14523100,2013,3,0,0,TRUE
14523100,2014,3,0,100,TRUE
14523120,2010,2,NA,0,TRUE
14523120,2011,2,0,0,TRUE
14523120,2012,2,0,0,TRUE
14523120,2013,3,0,0,TRUE
14523120,2014,3,0,99.98,TRUE
14523130,2010,2,NA,0,TRUE
14523130,2011,2,0,0,TRUE
14523130,2012,2,0,0,TRUE
14523130,2013,3,0,0,TRUE
14523130,2014,3,0,99.79,TRUE
14523150,2010,2,NA,0,TRUE
14523150,2011,2,0,0,TRUE
14523150,2012,2,0,0,TRUE
14523150,2013,3,0,0,TRUE
14523150,2014,3,0,100,TRUE
14523160,2010,2,NA,0,TRUE
14523160,2011,2,0,0,TRUE
14523160,2012,2,0,0,TRUE
14523160,2013,3,0,0,TRUE
14523160,2014,3,0,99.84,TRUE
14523170,2010,2,NA,0,TRUE
14523170,2011,2,0,0,TRUE
14523170,2012,2,0,0,TRUE
14523170,2013,3,0,0,TRUE
14523170,2014,3,0,100,TRUE
14523190,2010,2,NA,0,TRUE
14523190,2011,2,0,0,TRUE
14523190,2012,2,0,0,TRUE
14523190,2013,3,0,0,TRUE
14523190,2014,3,0,100,TRUE
14523200,2010,2,NA,0,TRUE
14523200,2011,2,0,0,TRUE
14523200,2012,2,0,0,TRUE
14523200,2013,3,0,0,TRUE
14523200,2014,3,0,99.1,TRUE
14523230,2010,2,NA,0,TRUE
14523230,2011,2,0,0,TRUE
14523230,2012,2,0,0,TRUE
14523230,2013,3,0,0,TRUE
14523230,2014,3,0,100,TRUE
14523245,2010,2,NA,0,TRUE
14523245,2011,2,0,0,TRUE
14523245,2012,2,0,0,TRUE
14523245,2013,3,0,0,TRUE
14523245,2014,3,0,99.6,TRUE
14523260,2010,2,NA,0,TRUE
14523260,2011,2,0,0,TRUE
14523260,2012,2,0,0,TRUE
14523260,2013,3,0,0,TRUE
14523260,2014,3,0,100,TRUE
14523270,2010,2,NA,0,TRUE
14523270,2011,2,0,0,TRUE
14523270,2012,2,0,0,TRUE
14523270,2013,3,0,0,TRUE
14523270,2014,3,0,99.91,TRUE
14523280,2010,2,NA,0,TRUE
14523280,2011,2,0,0,TRUE
14523280,2012,2,0,0,TRUE
14523280,2013,3,0,0,TRUE
14523280,2014,3,0,100,TRUE
14523290,2010,2,NA,0,TRUE
14523290,2011,2,0,0,TRUE
14523290,2012,2,0,0,TRUE
14523290,2013,3,0,0,TRUE
14523290,2014,3,0,99.79,TRUE
14523300,2010,2,NA,0,TRUE
14523300,2011,2,0,0,TRUE
14523300,2012,2,0,0,TRUE
14523300,2013,3,0,0,TRUE
14523300,2014,3,0,99.98,TRUE
14523310,2010,2,NA,0,TRUE
14523310,2011,2,0,0,TRUE
14523310,2012,2,0,0,TRUE
14523310,2013,3,0,0,TRUE
14523310,2014,3,0,99.86,TRUE
14523320,2010,2,NA,0,TRUE
14523320,2011,2,0,0,TRUE
14523320,2012,2,0,0,TRUE
14523320,2013,3,0,0,TRUE
14523320,2014,3,0,100,TRUE
14523330,2010,2,NA,0,TRUE
14523330,2011,2,0,0,TRUE
14523330,2012,2,0,0,TRUE
14523330,2013,3,0,0,TRUE
14523330,2014,3,0,99.92,TRUE
14523340,2010,2,NA,0,TRUE
14523340,2011,2,0,0,TRUE
14523340,2012,2,0,0,TRUE
14523340,2013,3,0,0,TRUE
14523340,2014,3,0,100,TRUE
14523360,2010,2,NA,0,TRUE
14523360,2011,2,0,0,TRUE
14523360,2012,2,0,0,TRUE
14523360,2013,3,0,0,TRUE
14523360,2014,3,0,100,TRUE
14523365,2010,2,NA,0,TRUE
14523365,2011,2,0,0,TRUE
14523365,2012,2,0,0,TRUE
14523365,2013,3,0,0,TRUE
14523365,2014,3,0,99.96,TRUE
14523370,2010,2,NA,0,TRUE
14523370,2011,2,0,0,TRUE
14523370,2012,2,0,0,TRUE
14523370,2013,3,0,0,TRUE
14523370,2014,3,0,98.89,TRUE
14523380,2010,2,NA,0,TRUE
14523380,2011,2,0,0,TRUE
14523380,2012,2,0,0,TRUE
14523380,2013,3,0,0,TRUE
14523380,2014,3,0,100,TRUE
14523410,2010,2,NA,0,TRUE
14523410,2011,2,0,0,TRUE
14523410,2012,2,0,0,TRUE
14523410,2013,3,0,0,TRUE
14523410,2014,3,0,100,TRUE
14523420,2010,2,NA,0,TRUE
14523420,2011,2,0,0,TRUE
14523420,2012,2,0,0,TRUE
14523420,2013,3,0,0,TRUE
14523420,2014,3,0,98.7,TRUE
14523430,2010,2,NA,0,TRUE
14523430,2011,2,0,0,TRUE
14523430,2012,2,0,0,TRUE
14523430,2013,3,0,0,TRUE
14523430,2014,3,0,100,TRUE
14523440,2010,2,NA,0,TRUE
14523440,2011,2,0,0,TRUE
14523440,2012,2,0,0,TRUE
14523440,2013,3,0,0,TRUE
14523440,2014,3,0,99.86,TRUE
14523450,2010,2,NA,0,TRUE
14523450,2011,2,0,0,TRUE
14523450,2012,2,0,0,TRUE
14523450,2013,3,0,0,TRUE
14523450,2014,3,0,99.64,TRUE
14523460,2010,2,NA,0,TRUE
14523460,2011,2,0,0,TRUE
14523460,2012,2,0,0,TRUE
14523460,2013,3,0,0,TRUE
14523460,2014,3,0,99.74,TRUE
14524010,2010,2,NA,0,TRUE
14524010,2011,2,0,0,TRUE
14524010,2012,2,0,0,TRUE
14524010,2013,3,0,0,TRUE
14524010,2014,3,0,100,TRUE
14524020,2010,2,NA,0,TRUE
14524020,2011,2,0,0,TRUE
14524020,2012,2,0,0,TRUE
14524020,2013,3,0,0,TRUE
14524020,2014,3,0,100,TRUE
14524030,2010,2,NA,0,TRUE
14524030,2011,2,0,0,TRUE
14524030,2012,2,0,0,TRUE
14524030,2013,3,0,0,TRUE
14524030,2014,3,0,99.96,TRUE
14524040,2010,2,NA,0,TRUE
14524040,2011,2,0,0,TRUE
14524040,2012,2,0,0,TRUE
14524040,2013,3,0,0,TRUE
14524040,2014,3,0,100,TRUE
14524050,2010,2,NA,0,TRUE
14524050,2011,2,0,0,TRUE
14524050,2012,2,0,0,TRUE
14524050,2013,3,0,0,TRUE
14524050,2014,3,0,99.86,TRUE
14524060,2010,2,NA,0,TRUE
14524060,2011,2,0,0,TRUE
14524060,2012,2,0,0,TRUE
14524060,2013,3,0,0,TRUE
14524060,2014,3,0,100,TRUE
14524070,2010,2,NA,0,TRUE
14524070,2011,2,0,0,TRUE
14524070,2012,2,0,0,TRUE
14524070,2013,3,0,0,TRUE
14524070,2014,3,0,100,TRUE
14524080,2010,2,NA,0,TRUE
14524080,2011,2,0,0,TRUE
14524080,2012,2,0,0,TRUE
14524080,2013,3,0,0,TRUE
14524080,2014,3,0,99.74,TRUE
14524090,2010,2,NA,0,TRUE
14524090,2011,2,0,0,TRUE
14524090,2012,2,0,0,TRUE
14524090,2013,3,0,0,TRUE
14524090,2014,3,0,99.66,TRUE
14524100,2010,2,NA,0,TRUE
14524100,2011,2,0,0,TRUE
14524100,2012,2,0,0,TRUE
14524100,2013,3,0,0,TRUE
14524100,2014,3,0,100,TRUE
14524110,2010,2,NA,0,TRUE
14524110,2011,2,0,0,TRUE
14524110,2012,2,0,0,TRUE
14524110,2013,3,0,0,TRUE
14524110,2014,3,0,100,TRUE
14524120,2010,2,NA,0,TRUE
14524120,2011,2,0,0,TRUE
14524120,2012,2,0,0,TRUE
14524120,2013,3,0,0,TRUE
14524120,2014,3,0,100,TRUE
14524130,2010,2,NA,0,TRUE
14524130,2011,2,0,0,TRUE
14524130,2012,2,0,0,TRUE
14524130,2013,3,0,0,TRUE
14524130,2014,3,0,99.98,TRUE
14524140,2010,2,NA,0,TRUE
14524140,2011,2,0,0,TRUE
14524140,2012,2,0,0,TRUE
14524140,2013,3,0,0,TRUE
14524140,2014,3,0,100,TRUE
14524150,2010,2,NA,0,TRUE
14524150,2011,2,0,0,TRUE
14524150,2012,2,0,0,TRUE
14524150,2013,3,0,0,TRUE
14524150,2014,3,0,99.92,TRUE
14524160,2010,2,NA,0,TRUE
14524160,2011,2,0,0,TRUE
14524160,2012,2,0,0,TRUE
14524160,2013,3,0,0,TRUE
14524160,2014,3,0,98.86,TRUE
14524170,2010,2,NA,0,TRUE
14524170,2011,2,0,0,TRUE
14524170,2012,2,0,0,TRUE
14524170,2013,3,0,0,TRUE
14524170,2014,3,0,100,TRUE
14524180,2010,2,NA,0,TRUE
14524180,2011,2,0,0,TRUE
14524180,2012,2,0,0,TRUE
14524180,2013,3,0,0,TRUE
14524180,2014,3,0,99.61,TRUE
14524190,2010,2,NA,0,TRUE
14524190,2011,2,0,0,TRUE
14524190,2012,2,0,0,TRUE
14524190,2013,3,0,0,TRUE
14524190,2014,3,0,100,TRUE
14524200,2010,2,NA,0,TRUE
14524200,2011,2,0,0,TRUE
14524200,2012,2,0,0,TRUE
14524200,2013,3,0,0,TRUE
14524200,2014,3,0,99.97,TRUE
14524210,2010,2,NA,0,TRUE
14524210,2011,2,0,0,TRUE
14524210,2012,2,0,0,TRUE
14524210,2013,3,0,0,TRUE
14524210,2014,3,0,99.91,TRUE
14524220,2010,2,NA,0,TRUE
14524220,2011,2,0,0,TRUE
14524220,2012,2,0,0,TRUE
14524220,2013,3,0,0,TRUE
14524220,2014,3,0,100,TRUE
14524230,2010,2,NA,0,TRUE
14524230,2011,2,0,0,TRUE
14524230,2012,2,0,0,TRUE
14524230,2013,3,0,0,TRUE
14524230,2014,3,0,100,TRUE
14524240,2010,2,NA,0,TRUE
14524240,2011,2,0,0,TRUE
14524240,2012,2,0,0,TRUE
14524240,2013,3,0,0,TRUE
14524240,2014,3,0,73.56,TRUE
14524250,2010,2,NA,0,TRUE
14524250,2011,2,0,0,TRUE
14524250,2012,2,0,0,TRUE
14524250,2013,3,0,0,TRUE
14524250,2014,3,0,99.98,TRUE
14524260,2010,2,NA,0,TRUE
14524260,2011,2,0,0,TRUE
14524260,2012,2,0,0,TRUE
14524260,2013,3,0,0,TRUE
14524260,2014,3,0,100,TRUE
14524270,2010,2,NA,0,TRUE
14524270,2011,2,0,0,TRUE
14524270,2012,2,0,0,TRUE
14524270,2013,3,0,0,TRUE
14524270,2014,3,0,97.57,TRUE
14524280,2010,2,NA,0,TRUE
14524280,2011,2,0,0,TRUE
14524280,2012,2,0,0,TRUE
14524280,2013,3,0,0,TRUE
14524280,2014,3,0,100,TRUE
14524290,2010,2,NA,0,TRUE
14524290,2011,2,0,0,TRUE
14524290,2012,2,0,0,TRUE
14524290,2013,3,0,0,TRUE
14524290,2014,3,0,98.69,TRUE
14524300,2010,2,NA,0,TRUE
14524300,2011,2,0,0,TRUE
14524300,2012,2,0,0,TRUE
14524300,2013,3,0,0,TRUE
14524300,2014,3,0,100,TRUE
14524310,2010,2,NA,0,TRUE
14524310,2011,2,0,0,TRUE
14524310,2012,2,0,0,TRUE
14524310,2013,3,0,0,TRUE
14524310,2014,3,0,100,TRUE
14524320,2010,2,NA,0,TRUE
14524320,2011,2,0,0,TRUE
14524320,2012,2,0,0,TRUE
14524320,2013,3,0,0,TRUE
14524320,2014,3,0,99.98,TRUE
14524330,2010,2,NA,0,TRUE
14524330,2011,2,0,0,TRUE
14524330,2012,2,0,0,TRUE
14524330,2013,3,0,0,TRUE
14524330,2014,3,0,99.95,TRUE
14612000,2010,2,NA,0,TRUE
14612000,2011,2,0,0,TRUE
14612000,2012,2,0,0,TRUE
14612000,2013,3,0,0,TRUE
14612000,2014,3,0,99.99,TRUE
14625010,2010,2,NA,0,TRUE
14625010,2011,2,0,0,TRUE
14625010,2012,2,0,0,TRUE
14625010,2013,3,0,0,TRUE
14625010,2014,3,0,100,TRUE
14625020,2010,2,NA,0,TRUE
14625020,2011,2,0,0,TRUE
14625020,2012,2,0,0,TRUE
14625020,2013,3,0,0,TRUE
14625020,2014,3,0,100,TRUE
14625030,2010,2,NA,0,TRUE
14625030,2011,2,0,0,TRUE
14625030,2012,2,0,0,TRUE
14625030,2013,3,0,0,TRUE
14625030,2014,3,0,100,TRUE
14625040,2010,2,NA,0,TRUE
14625040,2011,2,0,0,TRUE
14625040,2012,2,0,0,TRUE
14625040,2013,3,0,0,TRUE
14625040,2014,3,0,99.98,TRUE
14625060,2010,2,NA,0,TRUE
14625060,2011,2,0,0,TRUE
14625060,2012,2,0,0,TRUE
14625060,2013,3,0,0,TRUE
14625060,2014,3,0,99.92,TRUE
14625080,2010,2,NA,0,TRUE
14625080,2011,2,0,0,TRUE
14625080,2012,2,0,0,TRUE
14625080,2013,3,0,0,TRUE
14625080,2014,3,0,99.78,TRUE
14625090,2010,2,NA,0,TRUE
14625090,2011,2,0,0,TRUE
14625090,2012,2,0,0,TRUE
14625090,2013,3,0,0,TRUE
14625090,2014,3,0,100,TRUE
14625100,2010,2,NA,0,TRUE
14625100,2011,2,0,0,TRUE
14625100,2012,2,0,0,TRUE
14625100,2013,3,0,0,TRUE
14625100,2014,3,0,100,TRUE
14625110,2010,2,NA,0,TRUE
14625110,2011,2,0,0,TRUE
14625110,2012,2,0,0,TRUE
14625110,2013,3,0,0,TRUE
14625110,2014,3,0,99.86,TRUE
14625120,2010,2,NA,0,TRUE
14625120,2011,2,0,0,TRUE
14625120,2012,2,0,0,TRUE
14625120,2013,3,0,0,TRUE
14625120,2014,3,0,99.95,TRUE
14625130,2010,2,NA,0,TRUE
14625130,2011,2,0,0,TRUE
14625130,2012,2,0,0,TRUE
14625130,2013,3,0,0,TRUE
14625130,2014,3,0,100,TRUE
14625140,2010,2,NA,0,TRUE
14625140,2011,2,0,0,TRUE
14625140,2012,2,0,0,TRUE
14625140,2013,3,0,0,TRUE
14625140,2014,3,0,99.78,TRUE
14625150,2010,2,NA,0,TRUE
14625150,2011,2,0,0,TRUE
14625150,2012,2,0,0,TRUE
14625150,2013,3,0,0,TRUE
14625150,2014,3,0,100,TRUE
14625160,2010,2,NA,0,TRUE
14625160,2011,2,0,0,TRUE
14625160,2012,2,0,0,TRUE
14625160,2013,3,0,0,TRUE
14625160,2014,3,0,100,TRUE
14625170,2010,2,NA,0,TRUE
14625170,2011,2,0,0,TRUE
14625170,2012,2,0,0,TRUE
14625170,2013,3,0,0,TRUE
14625170,2014,3,0,99.82,TRUE
14625180,2010,2,NA,0,TRUE
14625180,2011,2,0,0,TRUE
14625180,2012,2,0,0,TRUE
14625180,2013,3,0,0,TRUE
14625180,2014,3,0,100,TRUE
14625190,2010,2,NA,0,TRUE
14625190,2011,2,0,0,TRUE
14625190,2012,2,0,0,TRUE
14625190,2013,3,0,0,TRUE
14625190,2014,3,0,98.8,TRUE
14625200,2010,2,NA,0,TRUE
14625200,2011,2,0,0,TRUE
14625200,2012,2,0,0,TRUE
14625200,2013,3,0,0,TRUE
14625200,2014,3,0,99.83,TRUE
14625220,2010,2,NA,0,TRUE
14625220,2011,2,0,0,TRUE
14625220,2012,2,0,0,TRUE
14625220,2013,3,0,0,TRUE
14625220,2014,3,0,100,TRUE
14625230,2010,2,NA,0,TRUE
14625230,2011,2,0,0,TRUE
14625230,2012,2,0,0,TRUE
14625230,2013,3,0,0,TRUE
14625230,2014,3,0,99.57,TRUE
14625240,2010,2,NA,0,TRUE
14625240,2011,2,0,0,TRUE
14625240,2012,2,0,0,TRUE
14625240,2013,3,0,0,TRUE
14625240,2014,3,0,99.99,TRUE
14625250,2010,2,NA,0,TRUE
14625250,2011,2,0,0,TRUE
14625250,2012,2,0,0,TRUE
14625250,2013,3,0,0,TRUE
14625250,2014,3,0,99.99,TRUE
14625270,2010,2,NA,0,TRUE
14625270,2011,2,0,0,TRUE
14625270,2012,2,0,0,TRUE
14625270,2013,3,0,0,TRUE
14625270,2014,3,0,100,TRUE
14625280,2010,2,NA,0,TRUE
14625280,2011,2,0,0,TRUE
14625280,2012,2,0,0,TRUE
14625280,2013,3,0,0,TRUE
14625280,2014,3,0,99.67,TRUE
14625290,2010,2,NA,0,TRUE
14625290,2011,2,0,0,TRUE
14625290,2012,2,0,0,TRUE
14625290,2013,3,0,0,TRUE
14625290,2014,3,0,99.85,TRUE
14625300,2010,2,NA,0,TRUE
14625300,2011,2,0,0,TRUE
14625300,2012,2,0,0,TRUE
14625300,2013,3,0,0,TRUE
14625300,2014,3,0,100,TRUE
14625310,2010,2,NA,0,TRUE
14625310,2011,2,0,0,TRUE
14625310,2012,2,0,0,TRUE
14625310,2013,3,0,0,TRUE
14625310,2014,3,0,99.98,TRUE
14625320,2010,2,NA,0,TRUE
14625320,2011,2,0,0,TRUE
14625320,2012,2,0,0,TRUE
14625320,2013,3,0,0,TRUE
14625320,2014,3,0,99.87,TRUE
14625330,2010,2,NA,0,TRUE
14625330,2011,2,0,0,TRUE
14625330,2012,2,0,0,TRUE
14625330,2013,3,0,0,TRUE
14625330,2014,3,0,99.86,TRUE
14625340,2010,2,NA,0,TRUE
14625340,2011,2,0,0,TRUE
14625340,2012,2,0,0,TRUE
14625340,2013,3,0,0,TRUE
14625340,2014,3,0,99.72,TRUE
14625350,2010,2,NA,0,TRUE
14625350,2011,2,0,0,TRUE
14625350,2012,2,0,0,TRUE
14625350,2013,3,0,0,TRUE
14625350,2014,3,0,100,TRUE
14625360,2010,2,NA,0,TRUE
14625360,2011,2,0,0,TRUE
14625360,2012,2,0,0,TRUE
14625360,2013,3,0,0,TRUE
14625360,2014,3,0,99.91,TRUE
14625370,2010,2,NA,0,TRUE
14625370,2011,2,0,0,TRUE
14625370,2012,2,0,0,TRUE
14625370,2013,3,0,0,TRUE
14625370,2014,3,0,100,TRUE
14625380,2010,2,NA,0,TRUE
14625380,2011,2,0,0,TRUE
14625380,2012,2,0,0,TRUE
14625380,2013,3,0,0,TRUE
14625380,2014,3,0,99.96,TRUE
14625390,2010,2,NA,0,TRUE
14625390,2011,2,0,0,TRUE
14625390,2012,2,0,0,TRUE
14625390,2013,3,0,0,TRUE
14625390,2014,3,0,99.57,TRUE
14625410,2010,2,NA,0,TRUE
14625410,2011,2,0,0,TRUE
14625410,2012,2,0,0,TRUE
14625410,2013,3,0,0,TRUE
14625410,2014,3,0,100,TRUE
14625420,2010,2,NA,0,TRUE
14625420,2011,2,0,0,TRUE
14625420,2012,2,0,0,TRUE
14625420,2013,3,0,0,TRUE
14625420,2014,3,0,99.91,TRUE
14625430,2010,2,NA,0,TRUE
14625430,2011,2,0,0,TRUE
14625430,2012,2,0,0,TRUE
14625430,2013,3,0,0,TRUE
14625430,2014,3,0,99.98,TRUE
14625440,2010,2,NA,0,TRUE
14625440,2011,2,0,0,TRUE
14625440,2012,2,0,0,TRUE
14625440,2013,3,0,0,TRUE
14625440,2014,3,0,99.89,TRUE
14625450,2010,2,NA,0,TRUE
14625450,2011,2,0,0,TRUE
14625450,2012,2,0,0,TRUE
14625450,2013,3,0,0,TRUE
14625450,2014,3,0,100,TRUE
14625460,2010,2,NA,0,TRUE
14625460,2011,2,0,0,TRUE
14625460,2012,2,0,0,TRUE
14625460,2013,3,0,0,TRUE
14625460,2014,3,0,100,TRUE
14625470,2010,2,NA,0,TRUE
14625470,2011,2,0,0,TRUE
14625470,2012,2,0,0,TRUE
14625470,2013,3,0,0,TRUE
14625470,2014,3,0,100,TRUE
14625480,2010,2,NA,0,TRUE
14625480,2011,2,0,0,TRUE
14625480,2012,2,0,0,TRUE
14625480,2013,3,0,0,TRUE
14625480,2014,3,0,99.98,TRUE
14625490,2010,2,NA,0,TRUE
14625490,2011,2,0,0,TRUE
14625490,2012,2,0,0,TRUE
14625490,2013,3,0,0,TRUE
14625490,2014,3,0,98.39,TRUE
14625500,2010,2,NA,0,TRUE
14625500,2011,2,0,0,TRUE
14625500,2012,2,0,0,TRUE
14625500,2013,3,0,0,TRUE
14625500,2014,3,0,99.46,TRUE
14625510,2010,2,NA,0,TRUE
14625510,2011,2,0,0,TRUE
14625510,2012,2,0,0,TRUE
14625510,2013,3,0,0,TRUE
14625510,2014,3,0,100,TRUE
14625525,2010,2,NA,0,TRUE
14625525,2011,2,0,0,TRUE
14625525,2012,2,0,0,TRUE
14625525,2013,3,0,0,TRUE
14625525,2014,3,0,100,TRUE
14625530,2010,2,NA,0,TRUE
14625530,2011,2,0,0,TRUE
14625530,2012,2,0,0,TRUE
14625530,2013,3,0,0,TRUE
14625530,2014,3,0,99.93,TRUE
14625540,2010,2,NA,0,TRUE
14625540,2011,2,0,0,TRUE
14625540,2012,2,0,0,TRUE
14625540,2013,3,0,0,TRUE
14625540,2014,3,0,99.91,TRUE
14625550,2010,2,NA,0,TRUE
14625550,2011,2,0,0,TRUE
14625550,2012,2,0,0,TRUE
14625550,2013,3,0,0,TRUE
14625550,2014,3,0,99.76,TRUE
14625560,2010,2,NA,0,TRUE
14625560,2011,2,0,0,TRUE
14625560,2012,2,0,0,TRUE
14625560,2013,3,0,0,TRUE
14625560,2014,3,0,100,TRUE
14625570,2010,2,NA,0,TRUE
14625570,2011,2,0,0,TRUE
14625570,2012,2,0,0,TRUE
14625570,2013,3,0,0,TRUE
14625570,2014,3,0,99.72,TRUE
14625580,2010,2,NA,0,TRUE
14625580,2011,2,0,0,TRUE
14625580,2012,2,0,0,TRUE
14625580,2013,3,0,0,TRUE
14625580,2014,3,0,99.88,TRUE
14625590,2010,2,NA,0,TRUE
14625590,2011,2,0,0,TRUE
14625590,2012,2,0,0,TRUE
14625590,2013,3,0,0,TRUE
14625590,2014,3,0,99.94,TRUE
14625600,2010,2,NA,0,TRUE
14625600,2011,2,0,0,TRUE
14625600,2012,2,0,0,TRUE
14625600,2013,3,0,0,TRUE
14625600,2014,3,0,100,TRUE
14625610,2010,2,NA,0,TRUE
14625610,2011,2,0,0,TRUE
14625610,2012,2,0,0,TRUE
14625610,2013,3,0,0,TRUE
14625610,2014,3,0,99.68,TRUE
14625630,2010,2,NA,0,TRUE
14625630,2011,2,0,0,TRUE
14625630,2012,2,0,0,TRUE
14625630,2013,3,0,0,TRUE
14625630,2014,3,0,100,TRUE
14625640,2010,2,NA,0,TRUE
14625640,2011,2,0,0,TRUE
14625640,2012,2,0,0,TRUE
14625640,2013,3,0,0,TRUE
14625640,2014,3,0,99.93,TRUE
14626010,2010,2,NA,0,TRUE
14626010,2011,2,0,0,TRUE
14626010,2012,2,0,0,TRUE
14626010,2013,3,0,0,TRUE
14626010,2014,3,0,96.83,TRUE
14626020,2010,2,NA,0,TRUE
14626020,2011,2,0,0,TRUE
14626020,2012,2,0,0,TRUE
14626020,2013,3,0,0,TRUE
14626020,2014,3,0,100,TRUE
14626030,2010,2,NA,0,TRUE
14626030,2011,2,0,0,TRUE
14626030,2012,2,0,0,TRUE
14626030,2013,3,0,0,TRUE
14626030,2014,3,0,99.78,TRUE
14626050,2010,2,NA,0,TRUE
14626050,2011,2,0,0,TRUE
14626050,2012,2,0,0,TRUE
14626050,2013,3,0,0,TRUE
14626050,2014,3,0,99.91,TRUE
14626060,2010,2,NA,0,TRUE
14626060,2011,2,0,0,TRUE
14626060,2012,2,0,0,TRUE
14626060,2013,3,0,0,TRUE
14626060,2014,3,0,98.01,TRUE
14626070,2010,2,NA,0,TRUE
14626070,2011,2,0,0,TRUE
14626070,2012,2,0,0,TRUE
14626070,2013,3,0,0,TRUE
14626070,2014,3,0,100,TRUE
14626085,2010,2,NA,0,TRUE
14626085,2011,2,0,0,TRUE
14626085,2012,2,0,0,TRUE
14626085,2013,3,0,0,TRUE
14626085,2014,3,0,99.17,TRUE
14626100,2010,2,NA,0,TRUE
14626100,2011,2,0,0,TRUE
14626100,2012,2,0,0,TRUE
14626100,2013,3,0,0,TRUE
14626100,2014,3,0,99.89,TRUE
14626110,2010,2,NA,0,TRUE
14626110,2011,2,0,0,TRUE
14626110,2012,2,0,0,TRUE
14626110,2013,3,0,0,TRUE
14626110,2014,3,0,99.47,TRUE
14626120,2010,2,NA,0,TRUE
14626120,2011,2,0,0,TRUE
14626120,2012,2,0,0,TRUE
14626120,2013,3,0,0,TRUE
14626120,2014,3,0,99.57,TRUE
14626140,2010,2,NA,0,TRUE
14626140,2011,2,0,0,TRUE
14626140,2012,2,0,0,TRUE
14626140,2013,3,0,0,TRUE
14626140,2014,3,0,99.8,TRUE
14626150,2010,2,NA,0,TRUE
14626150,2011,2,0,0,TRUE
14626150,2012,2,0,0,TRUE
14626150,2013,3,0,0,TRUE
14626150,2014,3,0,100,TRUE
14626160,2010,2,NA,0,TRUE
14626160,2011,2,0,0,TRUE
14626160,2012,2,0,0,TRUE
14626160,2013,3,0,0,TRUE
14626160,2014,3,0,94.59,TRUE
14626170,2010,2,NA,0,TRUE
14626170,2011,2,0,0,TRUE
14626170,2012,2,0,0,TRUE
14626170,2013,3,0,0,TRUE
14626170,2014,3,0,99.25,TRUE
14626180,2010,2,NA,0,TRUE
14626180,2011,2,0,0,TRUE
14626180,2012,2,0,0,TRUE
14626180,2013,3,0,0,TRUE
14626180,2014,3,0,99.54,TRUE
14626190,2010,2,NA,0,TRUE
14626190,2011,2,0,0,TRUE
14626190,2012,2,0,0,TRUE
14626190,2013,3,0,0,TRUE
14626190,2014,3,0,94.41,TRUE
14626200,2010,2,NA,0,TRUE
14626200,2011,2,0,0,TRUE
14626200,2012,2,0,0,TRUE
14626200,2013,3,0,0,TRUE
14626200,2014,3,0,98.69,TRUE
14626210,2010,2,NA,0,TRUE
14626210,2011,2,0,0,TRUE
14626210,2012,2,0,0,TRUE
14626210,2013,3,0,0,TRUE
14626210,2014,3,0,99.88,TRUE
14626230,2010,2,NA,0,TRUE
14626230,2011,2,0,0,TRUE
14626230,2012,2,0,0,TRUE
14626230,2013,3,0,0,TRUE
14626230,2014,3,0,100,TRUE
14626240,2010,2,NA,0,TRUE
14626240,2011,2,0,0,TRUE
14626240,2012,2,0,0,TRUE
14626240,2013,3,0,0,TRUE
14626240,2014,3,0,49.31,TRUE
14626245,2010,2,NA,0,TRUE
14626245,2011,2,0,0,TRUE
14626245,2012,2,0,0,TRUE
14626245,2013,3,0,0,TRUE
14626245,2014,3,0,93.14,TRUE
14626250,2010,2,NA,0,TRUE
14626250,2011,2,0,0,TRUE
14626250,2012,2,0,0,TRUE
14626250,2013,3,0,0,TRUE
14626250,2014,3,0,97.7,TRUE
14626260,2010,2,NA,0,TRUE
14626260,2011,2,0,0,TRUE
14626260,2012,2,0,0,TRUE
14626260,2013,3,0,0,TRUE
14626260,2014,3,0,100,TRUE
14626270,2010,2,NA,0,TRUE
14626270,2011,2,0,0,TRUE
14626270,2012,2,0,0,TRUE
14626270,2013,3,0,0,TRUE
14626270,2014,3,0,100,TRUE
14626280,2010,2,NA,0,TRUE
14626280,2011,2,0,0,TRUE
14626280,2012,2,0,0,TRUE
14626280,2013,3,0,0,TRUE
14626280,2014,3,0,98.84,TRUE
14626290,2010,2,NA,0,TRUE
14626290,2011,2,0,0,TRUE
14626290,2012,2,0,0,TRUE
14626290,2013,3,0,0,TRUE
14626290,2014,3,0,99.99,TRUE
14626300,2010,2,NA,0,TRUE
14626300,2011,2,0,0,TRUE
14626300,2012,2,0,0,TRUE
14626300,2013,3,0,0,TRUE
14626300,2014,3,0,95.43,TRUE
14626310,2010,2,NA,0,TRUE
14626310,2011,2,0,0,TRUE
14626310,2012,2,0,0,TRUE
14626310,2013,3,0,0,TRUE
14626310,2014,3,0,99.95,TRUE
14626320,2010,2,NA,0,TRUE
14626320,2011,2,0,0,TRUE
14626320,2012,2,0,0,TRUE
14626320,2013,3,0,0,TRUE
14626320,2014,3,0,98.39,TRUE
14626330,2010,2,NA,0,TRUE
14626330,2011,2,0,0,TRUE
14626330,2012,2,0,0,TRUE
14626330,2013,3,0,0,TRUE
14626330,2014,3,0,61.93,TRUE
14626350,2010,2,NA,0,TRUE
14626350,2011,2,0,0,TRUE
14626350,2012,2,0,0,TRUE
14626350,2013,3,0,0,TRUE
14626350,2014,3,0,97.16,TRUE
14626370,2010,2,NA,0,TRUE
14626370,2011,2,0,0,TRUE
14626370,2012,2,0,0,TRUE
14626370,2013,3,0,0,TRUE
14626370,2014,3,0,99.9,TRUE
14626390,2010,2,NA,0,TRUE
14626390,2011,2,0,0,TRUE
14626390,2012,2,0,0,TRUE
14626390,2013,3,0,0,TRUE
14626390,2014,3,0,99.84,TRUE
14626400,2010,2,NA,0,TRUE
14626400,2011,2,0,0,TRUE
14626400,2012,2,0,0,TRUE
14626400,2013,3,0,0,TRUE
14626400,2014,3,0,100,TRUE
14626410,2010,2,NA,0,TRUE
14626410,2011,2,0,0,TRUE
14626410,2012,2,0,0,TRUE
14626410,2013,3,0,0,TRUE
14626410,2014,3,0,99.78,TRUE
14626420,2010,2,NA,0,TRUE
14626420,2011,2,0,0,TRUE
14626420,2012,2,0,0,TRUE
14626420,2013,3,0,0,TRUE
14626420,2014,3,0,93.94,TRUE
14626430,2010,2,NA,0,TRUE
14626430,2011,2,0,0,TRUE
14626430,2012,2,0,0,TRUE
14626430,2013,3,0,0,TRUE
14626430,2014,3,0,97.56,TRUE
14626440,2010,2,NA,0,TRUE
14626440,2011,2,0,0,TRUE
14626440,2012,2,0,0,TRUE
14626440,2013,3,0,0,TRUE
14626440,2014,3,0,88.86,TRUE
14626450,2010,2,NA,0,TRUE
14626450,2011,2,0,0,TRUE
14626450,2012,2,0,0,TRUE
14626450,2013,3,0,0,TRUE
14626450,2014,3,0,98.83,TRUE
14626460,2010,2,NA,0,TRUE
14626460,2011,2,0,0,TRUE
14626460,2012,2,0,0,TRUE
14626460,2013,3,0,0,TRUE
14626460,2014,3,0,99.74,TRUE
14626470,2010,2,NA,0,TRUE
14626470,2011,2,0,0,TRUE
14626470,2012,2,0,0,TRUE
14626470,2013,3,0,0,TRUE
14626470,2014,3,0,96.38,TRUE
14626480,2010,2,NA,0,TRUE
14626480,2011,2,0,0,TRUE
14626480,2012,2,0,0,TRUE
14626480,2013,3,0,0,TRUE
14626480,2014,3,0,98.44,TRUE
14626490,2010,2,NA,0,TRUE
14626490,2011,2,0,0,TRUE
14626490,2012,2,0,0,TRUE
14626490,2013,3,0,0,TRUE
14626490,2014,3,0,99.59,TRUE
14626500,2010,2,NA,0,TRUE
14626500,2011,2,0,0,TRUE
14626500,2012,2,0,0,TRUE
14626500,2013,3,0,0,TRUE
14626500,2014,3,0,99.86,TRUE
14626510,2010,2,NA,0,TRUE
14626510,2011,2,0,0,TRUE
14626510,2012,2,0,0,TRUE
14626510,2013,3,0,0,TRUE
14626510,2014,3,0,99.83,TRUE
14626520,2010,2,NA,0,TRUE
14626520,2011,2,0,0,TRUE
14626520,2012,2,0,0,TRUE
14626520,2013,3,0,0,TRUE
14626520,2014,3,0,95.95,TRUE
14626530,2010,2,NA,0,TRUE
14626530,2011,2,0,0,TRUE
14626530,2012,2,0,0,TRUE
14626530,2013,3,0,0,TRUE
14626530,2014,3,0,99.81,TRUE
14626560,2010,2,NA,0,TRUE
14626560,2011,2,0,0,TRUE
14626560,2012,2,0,0,TRUE
14626560,2013,3,0,0,TRUE
14626560,2014,3,0,85.74,TRUE
14626570,2010,2,NA,0,TRUE
14626570,2011,2,0,0,TRUE
14626570,2012,2,0,0,TRUE
14626570,2013,3,0,0,TRUE
14626570,2014,3,0,99.32,TRUE
14626580,2010,2,NA,0,TRUE
14626580,2011,2,0,0,TRUE
14626580,2012,2,0,0,TRUE
14626580,2013,3,0,0,TRUE
14626580,2014,3,0,97.02,TRUE
14626590,2010,2,NA,0,TRUE
14626590,2011,2,0,0,TRUE
14626590,2012,2,0,0,TRUE
14626590,2013,3,0,0,TRUE
14626590,2014,3,0,99.7,TRUE
14626600,2010,2,NA,0,TRUE
14626600,2011,2,0,0,TRUE
14626600,2012,2,0,0,TRUE
14626600,2013,3,0,0,TRUE
14626600,2014,3,0,99.92,TRUE
14626610,2010,2,NA,0,TRUE
14626610,2011,2,0,0,TRUE
14626610,2012,2,0,0,TRUE
14626610,2013,3,0,0,TRUE
14626610,2014,3,0,99.89,TRUE
14627010,2010,2,NA,0,TRUE
14627010,2011,2,0,0,TRUE
14627010,2012,2,0,0,TRUE
14627010,2013,3,0,0,TRUE
14627010,2014,3,0,100,TRUE
14627020,2010,2,NA,0,TRUE
14627020,2011,2,0,0,TRUE
14627020,2012,2,0,0,TRUE
14627020,2013,3,0,0,TRUE
14627020,2014,3,0,100,TRUE
14627030,2010,2,NA,0,TRUE
14627030,2011,2,0,0,TRUE
14627030,2012,2,0,0,TRUE
14627030,2013,3,0,0,TRUE
14627030,2014,3,0,100,TRUE
14627040,2010,2,NA,0,TRUE
14627040,2011,2,0,0,TRUE
14627040,2012,2,0,0,TRUE
14627040,2013,3,0,0,TRUE
14627040,2014,3,0,100,TRUE
14627050,2010,2,NA,0,TRUE
14627050,2011,2,0,0,TRUE
14627050,2012,2,0,0,TRUE
14627050,2013,3,0,0,TRUE
14627050,2014,3,0,100,TRUE
14627060,2010,2,NA,0,TRUE
14627060,2011,2,0,0,TRUE
14627060,2012,2,0,0,TRUE
14627060,2013,3,0,0,TRUE
14627060,2014,3,0,100,TRUE
14627070,2010,2,NA,0,TRUE
14627070,2011,2,0,0,TRUE
14627070,2012,2,0,0,TRUE
14627070,2013,3,0,0,TRUE
14627070,2014,3,0,100,TRUE
14627080,2010,2,NA,0,TRUE
14627080,2011,2,0,0,TRUE
14627080,2012,2,0,0,TRUE
14627080,2013,3,0,0,TRUE
14627080,2014,3,0,100,TRUE
14627100,2010,2,NA,0,TRUE
14627100,2011,2,0,0,TRUE
14627100,2012,2,0,0,TRUE
14627100,2013,3,0,0,TRUE
14627100,2014,3,0,99.76,TRUE
14627110,2010,2,NA,0,TRUE
14627110,2011,2,0,0,TRUE
14627110,2012,2,0,0,TRUE
14627110,2013,3,0,0,TRUE
14627110,2014,3,0,100,TRUE
14627130,2010,2,NA,0,TRUE
14627130,2011,2,0,0,TRUE
14627130,2012,2,0,0,TRUE
14627130,2013,3,0,0,TRUE
14627130,2014,3,0,100,TRUE
14627140,2010,2,NA,0,TRUE
14627140,2011,2,0,0,TRUE
14627140,2012,2,0,0,TRUE
14627140,2013,3,0,0,TRUE
14627140,2014,3,0,100,TRUE
14627150,2010,2,NA,0,TRUE
14627150,2011,2,0,0,TRUE
14627150,2012,2,0,0,TRUE
14627150,2013,3,0,0,TRUE
14627150,2014,3,0,99.8,TRUE
14627170,2010,2,NA,0,TRUE
14627170,2011,2,0,0,TRUE
14627170,2012,2,0,0,TRUE
14627170,2013,3,0,0,TRUE
14627170,2014,3,0,100,TRUE
14627180,2010,2,NA,0,TRUE
14627180,2011,2,0,0,TRUE
14627180,2012,2,0,0,TRUE
14627180,2013,3,0,0,TRUE
14627180,2014,3,0,100,TRUE
14627190,2010,2,NA,0,TRUE
14627190,2011,2,0,0,TRUE
14627190,2012,2,0,0,TRUE
14627190,2013,3,0,0,TRUE
14627190,2014,3,0,100,TRUE
14627200,2010,2,NA,0,TRUE
14627200,2011,2,0,0,TRUE
14627200,2012,2,0,0,TRUE
14627200,2013,3,0,0,TRUE
14627200,2014,3,0,100,TRUE
14627210,2010,2,NA,0,TRUE
14627210,2011,2,0,0,TRUE
14627210,2012,2,0,0,TRUE
14627210,2013,3,0,0,TRUE
14627210,2014,3,0,99.93,TRUE
14627220,2010,2,NA,0,TRUE
14627220,2011,2,0,0,TRUE
14627220,2012,2,0,0,TRUE
14627220,2013,3,0,0,TRUE
14627220,2014,3,0,100,TRUE
14627230,2010,2,NA,0,TRUE
14627230,2011,2,0,0,TRUE
14627230,2012,2,0,0,TRUE
14627230,2013,3,0,0,TRUE
14627230,2014,3,0,100,TRUE
14627240,2010,2,NA,0,TRUE
14627240,2011,2,0,0,TRUE
14627240,2012,2,0,0,TRUE
14627240,2013,3,0,0,TRUE
14627240,2014,3,0,100,TRUE
14627250,2010,2,NA,0,TRUE
14627250,2011,2,0,0,TRUE
14627250,2012,2,0,0,TRUE
14627250,2013,3,0,0,TRUE
14627250,2014,3,0,100,TRUE
14627260,2010,2,NA,0,TRUE
14627260,2011,2,0,0,TRUE
14627260,2012,2,0,0,TRUE
14627260,2013,3,0,0,TRUE
14627260,2014,3,0,100,TRUE
14627270,2010,2,NA,0,TRUE
14627270,2011,2,0,0,TRUE
14627270,2012,2,0,0,TRUE
14627270,2013,3,0,0,TRUE
14627270,2014,3,0,100,TRUE
14627290,2010,2,NA,0,TRUE
14627290,2011,2,0,0,TRUE
14627290,2012,2,0,0,TRUE
14627290,2013,3,0,0,TRUE
14627290,2014,3,0,96.26,TRUE
14627310,2010,2,NA,0,TRUE
14627310,2011,2,0,0,TRUE
14627310,2012,2,0,0,TRUE
14627310,2013,3,0,0,TRUE
14627310,2014,3,0,99.96,TRUE
14627340,2010,2,NA,0,TRUE
14627340,2011,2,0,0,TRUE
14627340,2012,2,0,0,TRUE
14627340,2013,3,0,0,TRUE
14627340,2014,3,0,100,TRUE
14627360,2010,2,NA,0,TRUE
14627360,2011,2,0,0,TRUE
14627360,2012,2,0,0,TRUE
14627360,2013,3,0,0,TRUE
14627360,2014,3,0,100,TRUE
14628010,2010,2,NA,0,TRUE
14628010,2011,2,0,0,TRUE
14628010,2012,2,0,0,TRUE
14628010,2013,3,0,0,TRUE
14628010,2014,3,0,96.78,TRUE
14628020,2010,2,NA,0,TRUE
14628020,2011,2,0,0,TRUE
14628020,2012,2,0,0,TRUE
14628020,2013,3,0,0,TRUE
14628020,2014,3,0,94.38,TRUE
14628030,2010,2,NA,0,TRUE
14628030,2011,2,0,0,TRUE
14628030,2012,2,0,0,TRUE
14628030,2013,3,0,0,TRUE
14628030,2014,3,0,94.02,TRUE
14628040,2010,2,NA,0,TRUE
14628040,2011,2,0,0,TRUE
14628040,2012,2,0,0,TRUE
14628040,2013,3,0,0,TRUE
14628040,2014,3,0,95.27,TRUE
14628050,2010,2,NA,0,TRUE
14628050,2011,2,0,0,TRUE
14628050,2012,2,0,0,TRUE
14628050,2013,3,0,0,TRUE
14628050,2014,3,0,100,TRUE
14628060,2010,2,NA,0,TRUE
14628060,2011,2,0,0,TRUE
14628060,2012,2,0,0,TRUE
14628060,2013,3,0,0,TRUE
14628060,2014,3,0,97.44,TRUE
14628070,2010,2,NA,0,TRUE
14628070,2011,2,0,0,TRUE
14628070,2012,2,0,0,TRUE
14628070,2013,3,0,0,TRUE
14628070,2014,3,0,98.56,TRUE
14628080,2010,2,NA,0,TRUE
14628080,2011,2,0,0,TRUE
14628080,2012,2,0,0,TRUE
14628080,2013,3,0,0,TRUE
14628080,2014,3,0,100,TRUE
14628090,2010,2,NA,0,TRUE
14628090,2011,2,0,0,TRUE
14628090,2012,2,0,0,TRUE
14628090,2013,3,0,0,TRUE
14628090,2014,3,0,100,TRUE
14628100,2010,2,NA,0,TRUE
14628100,2011,2,0,0,TRUE
14628100,2012,2,0,0,TRUE
14628100,2013,3,0,0,TRUE
14628100,2014,3,0,99.95,TRUE
14628110,2010,2,NA,0,TRUE
14628110,2011,2,0,0,TRUE
14628110,2012,2,0,0,TRUE
14628110,2013,3,0,0,TRUE
14628110,2014,3,0,99.97,TRUE
14628130,2010,2,NA,0,TRUE
14628130,2011,2,0,0,TRUE
14628130,2012,2,0,0,TRUE
14628130,2013,3,0,0,TRUE
14628130,2014,3,0,94.68,TRUE
14628140,2010,2,NA,0,TRUE
14628140,2011,2,0,0,TRUE
14628140,2012,2,0,0,TRUE
14628140,2013,3,0,0,TRUE
14628140,2014,3,0,83.41,TRUE
14628150,2010,2,NA,0,TRUE
14628150,2011,2,0,0,TRUE
14628150,2012,2,0,0,TRUE
14628150,2013,3,0,0,TRUE
14628150,2014,3,0,97.3,TRUE
14628160,2010,2,NA,0,TRUE
14628160,2011,2,0,0,TRUE
14628160,2012,2,0,0,TRUE
14628160,2013,3,0,0,TRUE
14628160,2014,3,0,100,TRUE
14628170,2010,2,NA,0,TRUE
14628170,2011,2,0,0,TRUE
14628170,2012,2,0,0,TRUE
14628170,2013,3,0,0,TRUE
14628170,2014,3,0,85.04,TRUE
14628190,2010,2,NA,0,TRUE
14628190,2011,2,0,0,TRUE
14628190,2012,2,0,0,TRUE
14628190,2013,3,0,0,TRUE
14628190,2014,3,0,99.84,TRUE
14628205,2010,2,NA,0,TRUE
14628205,2011,2,0,0,TRUE
14628205,2012,2,0,0,TRUE
14628205,2013,3,0,0,TRUE
14628205,2014,3,0,99.27,TRUE
14628210,2010,2,NA,0,TRUE
14628210,2011,2,0,0,TRUE
14628210,2012,2,0,0,TRUE
14628210,2013,3,0,0,TRUE
14628210,2014,3,0,98.27,TRUE
14628220,2010,2,NA,0,TRUE
14628220,2011,2,0,0,TRUE
14628220,2012,2,0,0,TRUE
14628220,2013,3,0,0,TRUE
14628220,2014,3,0,100,TRUE
14628230,2010,2,NA,0,TRUE
14628230,2011,2,0,0,TRUE
14628230,2012,2,0,0,TRUE
14628230,2013,3,0,0,TRUE
14628230,2014,3,0,90.63,TRUE
14628240,2010,2,NA,0,TRUE
14628240,2011,2,0,0,TRUE
14628240,2012,2,0,0,TRUE
14628240,2013,3,0,0,TRUE
14628240,2014,3,0,97.89,TRUE
14628250,2010,2,NA,0,TRUE
14628250,2011,2,0,0,TRUE
14628250,2012,2,0,0,TRUE
14628250,2013,3,0,0,TRUE
14628250,2014,3,0,98.5,TRUE
14628260,2010,2,NA,0,TRUE
14628260,2011,2,0,0,TRUE
14628260,2012,2,0,0,TRUE
14628260,2013,3,0,0,TRUE
14628260,2014,3,0,99.93,TRUE
14628270,2010,2,NA,0,TRUE
14628270,2011,2,0,0,TRUE
14628270,2012,2,0,0,TRUE
14628270,2013,3,0,0,TRUE
14628270,2014,3,0,99.93,TRUE
14628300,2010,2,NA,0,TRUE
14628300,2011,2,0,0,TRUE
14628300,2012,2,0,0,TRUE
14628300,2013,3,0,0,TRUE
14628300,2014,3,0,99.78,TRUE
14628310,2010,2,NA,0,TRUE
14628310,2011,2,0,0,TRUE
14628310,2012,2,0,0,TRUE
14628310,2013,3,0,0,TRUE
14628310,2014,3,0,98.63,TRUE
14628320,2010,2,NA,0,TRUE
14628320,2011,2,0,0,TRUE
14628320,2012,2,0,0,TRUE
14628320,2013,3,0,0,TRUE
14628320,2014,3,0,100,TRUE
14628330,2010,2,NA,0,TRUE
14628330,2011,2,0,0,TRUE
14628330,2012,2,0,0,TRUE
14628330,2013,3,0,0,TRUE
14628330,2014,3,0,94.35,TRUE
14628340,2010,2,NA,0,TRUE
14628340,2011,2,0,0,TRUE
14628340,2012,2,0,0,TRUE
14628340,2013,3,0,0,TRUE
14628340,2014,3,0,66.6,TRUE
14628360,2010,2,NA,0,TRUE
14628360,2011,2,0,0,TRUE
14628360,2012,2,0,0,TRUE
14628360,2013,3,0,0,TRUE
14628360,2014,3,0,99.25,TRUE
14628370,2010,2,NA,0,TRUE
14628370,2011,2,0,0,TRUE
14628370,2012,2,0,0,TRUE
14628370,2013,3,0,0,TRUE
14628370,2014,3,0,98.45,TRUE
14628380,2010,2,NA,0,TRUE
14628380,2011,2,0,0,TRUE
14628380,2012,2,0,0,TRUE
14628380,2013,3,0,0,TRUE
14628380,2014,3,0,99.44,TRUE
14628390,2010,2,NA,0,TRUE
14628390,2011,2,0,0,TRUE
14628390,2012,2,0,0,TRUE
14628390,2013,3,0,0,TRUE
14628390,2014,3,0,99.83,TRUE
14628400,2010,2,NA,0,TRUE
14628400,2011,2,0,0,TRUE
14628400,2012,2,0,0,TRUE
14628400,2013,3,0,0,TRUE
14628400,2014,3,0,99.21,TRUE
14628410,2010,2,NA,0,TRUE
14628410,2011,2,0,0,TRUE
14628410,2012,2,0,0,TRUE
14628410,2013,3,0,0,TRUE
14628410,2014,3,0,99.76,TRUE
14713000,2010,2,NA,0,TRUE
14713000,2011,2,0,0,TRUE
14713000,2012,2,0,0,TRUE
14713000,2013,3,0,0,TRUE
14713000,2014,3,0,100,TRUE
14729010,2010,2,NA,0,TRUE
14729010,2011,2,0,0,TRUE
14729010,2012,2,0,0,TRUE
14729010,2013,3,0,0,TRUE
14729010,2014,3,0,99.67,TRUE
14729020,2010,2,NA,0,TRUE
14729020,2011,2,0,0,TRUE
14729020,2012,2,0,0,TRUE
14729020,2013,3,0,0,TRUE
14729020,2014,3,0,100,TRUE
14729030,2010,2,NA,0,TRUE
14729030,2011,2,0,0,TRUE
14729030,2012,2,0,0,TRUE
14729030,2013,3,0,0,TRUE
14729030,2014,3,0,99.3,TRUE
14729040,2010,2,NA,0,TRUE
14729040,2011,2,0,0,TRUE
14729040,2012,2,0,0,TRUE
14729040,2013,3,0,0,TRUE
14729040,2014,3,0,100,TRUE
14729050,2010,2,NA,0,TRUE
14729050,2011,2,0,0,TRUE
14729050,2012,2,0,0,TRUE
14729050,2013,3,0,0,TRUE
14729050,2014,3,0,100,TRUE
14729060,2010,2,NA,0,TRUE
14729060,2011,2,0,0,TRUE
14729060,2012,2,0,0,TRUE
14729060,2013,3,0,0,TRUE
14729060,2014,3,0,100,TRUE
14729070,2010,2,NA,0,TRUE
14729070,2011,2,0,0,TRUE
14729070,2012,2,0,0,TRUE
14729070,2013,3,0,0,TRUE
14729070,2014,3,0,100,TRUE
14729080,2010,2,NA,0,TRUE
14729080,2011,2,0,0,TRUE
14729080,2012,2,0,0,TRUE
14729080,2013,3,0,0,TRUE
14729080,2014,3,0,99.94,TRUE
14729100,2010,2,NA,0,TRUE
14729100,2011,2,0,0,TRUE
14729100,2012,2,0,0,TRUE
14729100,2013,3,0,0,TRUE
14729100,2014,3,0,100,TRUE
14729140,2010,2,NA,0,TRUE
14729140,2011,2,0,0,TRUE
14729140,2012,2,0,0,TRUE
14729140,2013,3,0,0,TRUE
14729140,2014,3,0,100,TRUE
14729150,2010,2,NA,0,TRUE
14729150,2011,2,0,0,TRUE
14729150,2012,2,0,0,TRUE
14729150,2013,3,0,0,TRUE
14729150,2014,3,0,99.55,TRUE
14729160,2010,2,NA,0,TRUE
14729160,2011,2,0,0,TRUE
14729160,2012,2,0,0,TRUE
14729160,2013,3,0,0,TRUE
14729160,2014,3,0,99.82,TRUE
14729170,2010,2,NA,0,TRUE
14729170,2011,2,0,0,TRUE
14729170,2012,2,0,0,TRUE
14729170,2013,3,0,0,TRUE
14729170,2014,3,0,100,TRUE
14729190,2010,2,NA,0,TRUE
14729190,2011,2,0,0,TRUE
14729190,2012,2,0,0,TRUE
14729190,2013,3,0,0,TRUE
14729190,2014,3,0,100,TRUE
14729220,2010,2,NA,0,TRUE
14729220,2011,2,0,0,TRUE
14729220,2012,2,0,0,TRUE
14729220,2013,3,0,0,TRUE
14729220,2014,3,0,99.29,TRUE
14729230,2010,2,NA,0,TRUE
14729230,2011,2,0,0,TRUE
14729230,2012,2,0,0,TRUE
14729230,2013,3,0,0,TRUE
14729230,2014,3,0,100,TRUE
14729245,2010,2,NA,0,TRUE
14729245,2011,2,0,0,TRUE
14729245,2012,2,0,0,TRUE
14729245,2013,3,0,0,TRUE
14729245,2014,3,0,99.16,TRUE
14729250,2010,2,NA,0,TRUE
14729250,2011,2,0,0,TRUE
14729250,2012,2,0,0,TRUE
14729250,2013,3,0,0,TRUE
14729250,2014,3,0,100,TRUE
14729260,2010,2,NA,0,TRUE
14729260,2011,2,0,0,TRUE
14729260,2012,2,0,0,TRUE
14729260,2013,3,0,0,TRUE
14729260,2014,3,0,100,TRUE
14729270,2010,2,NA,0,TRUE
14729270,2011,2,0,0,TRUE
14729270,2012,2,0,0,TRUE
14729270,2013,3,0,0,TRUE
14729270,2014,3,0,100,TRUE
14729300,2010,2,NA,0,TRUE
14729300,2011,2,0,0,TRUE
14729300,2012,2,0,0,TRUE
14729300,2013,3,0,0,TRUE
14729300,2014,3,0,100,TRUE
14729320,2010,2,NA,0,TRUE
14729320,2011,2,0,0,TRUE
14729320,2012,2,0,0,TRUE
14729320,2013,3,0,0,TRUE
14729320,2014,3,0,99.82,TRUE
14729330,2010,2,NA,0,TRUE
14729330,2011,2,0,0,TRUE
14729330,2012,2,0,0,TRUE
14729330,2013,3,0,0,TRUE
14729330,2014,3,0,100,TRUE
14729340,2010,2,NA,0,TRUE
14729340,2011,2,0,0,TRUE
14729340,2012,2,0,0,TRUE
14729340,2013,3,0,0,TRUE
14729340,2014,3,0,100,TRUE
14729350,2010,2,NA,0,TRUE
14729350,2011,2,0,0,TRUE
14729350,2012,2,0,0,TRUE
14729350,2013,3,0,0,TRUE
14729350,2014,3,0,100,TRUE
14729360,2010,2,NA,0,TRUE
14729360,2011,2,0,0,TRUE
14729360,2012,2,0,0,TRUE
14729360,2013,3,0,0,TRUE
14729360,2014,3,0,91.05,TRUE
14729370,2010,2,NA,0,TRUE
14729370,2011,2,0,0,TRUE
14729370,2012,2,0,0,TRUE
14729370,2013,3,0,0,TRUE
14729370,2014,3,0,100,TRUE
14729380,2010,2,NA,0,TRUE
14729380,2011,2,0,0,TRUE
14729380,2012,2,0,0,TRUE
14729380,2013,3,0,0,TRUE
14729380,2014,3,0,100,TRUE
14729400,2010,2,NA,0,TRUE
14729400,2011,2,0,0,TRUE
14729400,2012,2,0,0,TRUE
14729400,2013,3,0,0,TRUE
14729400,2014,3,0,100,TRUE
14729410,2010,2,NA,0,TRUE
14729410,2011,2,0,0,TRUE
14729410,2012,2,0,0,TRUE
14729410,2013,3,0,0,TRUE
14729410,2014,3,0,100,TRUE
14729430,2010,2,NA,0,TRUE
14729430,2011,2,0,0,TRUE
14729430,2012,2,0,0,TRUE
14729430,2013,3,0,0,TRUE
14729430,2014,3,0,99.95,TRUE
14730010,2010,2,NA,0,TRUE
14730010,2011,2,0,0,TRUE
14730010,2012,2,0,0,TRUE
14730010,2013,3,0,0,TRUE
14730010,2014,3,0,96.61,TRUE
14730020,2010,2,NA,0,TRUE
14730020,2011,2,0,0,TRUE
14730020,2012,2,0,0,TRUE
14730020,2013,3,0,0,TRUE
14730020,2014,3,0,100,TRUE
14730030,2010,2,NA,0,TRUE
14730030,2011,2,0,0,TRUE
14730030,2012,2,0,0,TRUE
14730030,2013,3,0,0,TRUE
14730030,2014,3,0,99.3,TRUE
14730045,2010,2,NA,0,TRUE
14730045,2011,2,0,0,TRUE
14730045,2012,2,0,0,TRUE
14730045,2013,3,0,0,TRUE
14730045,2014,3,0,97.96,TRUE
14730050,2010,2,NA,0,TRUE
14730050,2011,2,0,0,TRUE
14730050,2012,2,0,0,TRUE
14730050,2013,3,0,0,TRUE
14730050,2014,3,0,90.1,TRUE
14730060,2010,2,NA,0,TRUE
14730060,2011,2,0,0,TRUE
14730060,2012,2,0,0,TRUE
14730060,2013,3,0,0,TRUE
14730060,2014,3,0,99.49,TRUE
14730070,2010,2,NA,0,TRUE
14730070,2011,2,0,0,TRUE
14730070,2012,2,0,0,TRUE
14730070,2013,3,0,0,TRUE
14730070,2014,3,0,100,TRUE
14730080,2010,2,NA,0,TRUE
14730080,2011,2,0,0,TRUE
14730080,2012,2,0,0,TRUE
14730080,2013,3,0,0,TRUE
14730080,2014,3,0,100,TRUE
14730090,2010,2,NA,0,TRUE
14730090,2011,2,0,0,TRUE
14730090,2012,2,0,0,TRUE
14730090,2013,3,0,0,TRUE
14730090,2014,3,0,98.14,TRUE
14730100,2010,2,NA,0,TRUE
14730100,2011,2,0,0,TRUE
14730100,2012,2,0,0,TRUE
14730100,2013,3,0,0,TRUE
14730100,2014,3,0,99.92,TRUE
14730110,2010,2,NA,0,TRUE
14730110,2011,2,0,0,TRUE
14730110,2012,2,0,0,TRUE
14730110,2013,3,0,0,TRUE
14730110,2014,3,0,99.97,TRUE
14730120,2010,2,NA,0,TRUE
14730120,2011,2,0,0,TRUE
14730120,2012,2,0,0,TRUE
14730120,2013,3,0,0,TRUE
14730120,2014,3,0,90.73,TRUE
14730140,2010,2,NA,0,TRUE
14730140,2011,2,0,0,TRUE
14730140,2012,2,0,0,TRUE
14730140,2013,3,0,0,TRUE
14730140,2014,3,0,100,TRUE
14730150,2010,2,NA,0,TRUE
14730150,2011,2,0,0,TRUE
14730150,2012,2,0,0,TRUE
14730150,2013,3,0,0,TRUE
14730150,2014,3,0,100,TRUE
14730160,2010,2,NA,0,TRUE
14730160,2011,2,0,0,TRUE
14730160,2012,2,0,0,TRUE
14730160,2013,3,0,0,TRUE
14730160,2014,3,0,99.95,TRUE
14730170,2010,2,NA,0,TRUE
14730170,2011,2,0,0,TRUE
14730170,2012,2,0,0,TRUE
14730170,2013,3,0,0,TRUE
14730170,2014,3,0,98.13,TRUE
14730180,2010,2,NA,0,TRUE
14730180,2011,2,0,0,TRUE
14730180,2012,2,0,0,TRUE
14730180,2013,3,0,0,TRUE
14730180,2014,3,0,100,TRUE
14730190,2010,2,NA,0,TRUE
14730190,2011,2,0,0,TRUE
14730190,2012,2,0,0,TRUE
14730190,2013,3,0,0,TRUE
14730190,2014,3,0,100,TRUE
14730200,2010,2,NA,0,TRUE
14730200,2011,2,0,0,TRUE
14730200,2012,2,0,0,TRUE
14730200,2013,3,0,0,TRUE
14730200,2014,3,0,99.54,TRUE
14730210,2010,2,NA,0,TRUE
14730210,2011,2,0,0,TRUE
14730210,2012,2,0,0,TRUE
14730210,2013,3,0,0,TRUE
14730210,2014,3,0,99.12,TRUE
14730230,2010,2,NA,0,TRUE
14730230,2011,2,0,0,TRUE
14730230,2012,2,0,0,TRUE
14730230,2013,3,0,0,TRUE
14730230,2014,3,0,99.91,TRUE
14730250,2010,2,NA,0,TRUE
14730250,2011,2,0,0,TRUE
14730250,2012,2,0,0,TRUE
14730250,2013,3,0,0,TRUE
14730250,2014,3,0,100,TRUE
14730270,2010,2,NA,0,TRUE
14730270,2011,2,0,0,TRUE
14730270,2012,2,0,0,TRUE
14730270,2013,3,0,0,TRUE
14730270,2014,3,0,100,TRUE
14730280,2010,2,NA,0,TRUE
14730280,2011,2,0,0,TRUE
14730280,2012,2,0,0,TRUE
14730280,2013,3,0,0,TRUE
14730280,2014,3,0,100,TRUE
14730300,2010,2,NA,0,TRUE
14730300,2011,2,0,0,TRUE
14730300,2012,2,0,0,TRUE
14730300,2013,3,0,0,TRUE
14730300,2014,3,0,100,TRUE
14730310,2010,2,NA,0,TRUE
14730310,2011,2,0,0,TRUE
14730310,2012,2,0,0,TRUE
14730310,2013,3,0,0,TRUE
14730310,2014,3,0,99.46,TRUE
14730320,2010,2,NA,0,TRUE
14730320,2011,2,0,0,TRUE
14730320,2012,2,0,0,TRUE
14730320,2013,3,0,0,TRUE
14730320,2014,3,0,93.18,TRUE
14730330,2010,2,NA,0,TRUE
14730330,2011,2,0,0,TRUE
14730330,2012,2,0,0,TRUE
14730330,2013,3,0,0,TRUE
14730330,2014,3,0,100,TRUE
14730340,2010,2,NA,0,TRUE
14730340,2011,2,0,0,TRUE
14730340,2012,2,0,0,TRUE
14730340,2013,3,0,0,TRUE
14730340,2014,3,0,100,TRUE
14730360,2010,2,NA,0,TRUE
14730360,2011,2,0,0,TRUE
14730360,2012,2,0,0,TRUE
14730360,2013,3,0,0,TRUE
14730360,2014,3,0,100,TRUE
15001000,2010,2,NA,0,TRUE
15001000,2011,2,0,0,TRUE
15001000,2012,2,0,0,TRUE
15001000,2013,3,0,0,TRUE
15001000,2014,3,0,99.9,TRUE
15002000,2010,2,NA,0,TRUE
15002000,2011,2,0,0,TRUE
15002000,2012,2,0,0,TRUE
15002000,2013,3,0,0,TRUE
15002000,2014,3,0,100,TRUE
15003000,2010,2,NA,0,TRUE
15003000,2011,2,0,0,TRUE
15003000,2012,2,0,0,TRUE
15003000,2013,3,0,0,TRUE
15003000,2014,3,0,99.97,TRUE
15081026,2010,2,NA,0,TRUE
15081026,2011,2,0,0,TRUE
15081026,2012,2,0,0,TRUE
15081026,2013,3,0,0,TRUE
15081026,2014,3,0,98.27,TRUE
15081030,2010,2,NA,0,TRUE
15081030,2011,2,0,0,TRUE
15081030,2012,2,0,0,TRUE
15081030,2013,3,0,0,TRUE
15081030,2014,3,0,89.11,TRUE
15081045,2010,2,NA,0,TRUE
15081045,2011,2,0,0,TRUE
15081045,2012,2,0,0,TRUE
15081045,2013,3,0,0,TRUE
15081045,2014,3,0,98.77,TRUE
15081095,2010,2,NA,0,TRUE
15081095,2011,2,0,0,TRUE
15081095,2012,2,0,0,TRUE
15081095,2013,3,0,0,TRUE
15081095,2014,3,0,95.11,TRUE
15081105,2010,2,NA,0,TRUE
15081105,2011,2,0,0,TRUE
15081105,2012,2,0,0,TRUE
15081105,2013,3,0,0,TRUE
15081105,2014,3,0,92.26,TRUE
15081135,2010,2,NA,0,TRUE
15081135,2011,2,0,0,TRUE
15081135,2012,2,0,0,TRUE
15081135,2013,3,0,0,TRUE
15081135,2014,3,0,95.74,TRUE
15081225,2010,2,NA,0,TRUE
15081225,2011,2,0,0,TRUE
15081225,2012,2,0,0,TRUE
15081225,2013,3,0,0,TRUE
15081225,2014,3,0,97.01,TRUE
15081240,2010,2,NA,0,TRUE
15081240,2011,2,0,0,TRUE
15081240,2012,2,0,0,TRUE
15081240,2013,3,0,0,TRUE
15081240,2014,3,0,94.96,TRUE
15081280,2010,2,NA,0,TRUE
15081280,2011,2,0,0,TRUE
15081280,2012,2,0,0,TRUE
15081280,2013,3,0,0,TRUE
15081280,2014,3,0,97.76,TRUE
15081290,2010,2,NA,0,TRUE
15081290,2011,2,0,0,TRUE
15081290,2012,2,0,0,TRUE
15081290,2013,3,0,0,TRUE
15081290,2014,3,0,98.27,TRUE
15081440,2010,2,NA,0,TRUE
15081440,2011,2,0,0,TRUE
15081440,2012,2,0,0,TRUE
15081440,2013,3,0,0,TRUE
15081440,2014,3,0,81.82,TRUE
15081455,2010,2,NA,0,TRUE
15081455,2011,2,0,0,TRUE
15081455,2012,2,0,0,TRUE
15081455,2013,3,0,0,TRUE
15081455,2014,3,0,98.37,TRUE
15081545,2010,2,NA,0,TRUE
15081545,2011,2,0,0,TRUE
15081545,2012,2,0,0,TRUE
15081545,2013,3,0,0,TRUE
15081545,2014,3,0,97.68,TRUE
15082005,2010,2,NA,0,TRUE
15082005,2011,2,0,0,TRUE
15082005,2012,2,0,0,TRUE
15082005,2013,3,0,0,TRUE
15082005,2014,3,0,99.52,TRUE
15082015,2010,2,NA,0,TRUE
15082015,2011,2,0,0,TRUE
15082015,2012,2,0,0,TRUE
15082015,2013,3,0,0,TRUE
15082015,2014,3,0,100,TRUE
15082180,2010,2,NA,0,TRUE
15082180,2011,2,0,0,TRUE
15082180,2012,2,0,0,TRUE
15082180,2013,3,0,0,TRUE
15082180,2014,3,0,100,TRUE
15082241,2010,2,NA,0,TRUE
15082241,2011,2,0,0,TRUE
15082241,2012,2,0,0,TRUE
15082241,2013,3,0,0,TRUE
15082241,2014,3,0,99.98,TRUE
15082256,2010,2,NA,0,TRUE
15082256,2011,2,0,0,TRUE
15082256,2012,2,0,0,TRUE
15082256,2013,3,0,0,TRUE
15082256,2014,3,0,98.84,TRUE
15082301,2010,2,NA,0,TRUE
15082301,2011,2,0,0,TRUE
15082301,2012,2,0,0,TRUE
15082301,2013,3,0,0,TRUE
15082301,2014,3,0,100,TRUE
15082340,2010,2,NA,0,TRUE
15082340,2011,2,0,0,TRUE
15082340,2012,2,0,0,TRUE
15082340,2013,3,0,0,TRUE
15082340,2014,3,0,99.99,TRUE
15082377,2010,2,NA,0,TRUE
15082377,2011,2,0,0,TRUE
15082377,2012,2,0,0,TRUE
15082377,2013,3,0,0,TRUE
15082377,2014,3,0,99.99,TRUE
15082430,2010,2,NA,0,TRUE
15082430,2011,2,0,0,TRUE
15082430,2012,2,0,0,TRUE
15082430,2013,3,0,0,TRUE
15082430,2014,3,0,99.78,TRUE
15082440,2010,2,NA,0,TRUE
15082440,2011,2,0,0,TRUE
15082440,2012,2,0,0,TRUE
15082440,2013,3,0,0,TRUE
15082440,2014,3,0,99.71,TRUE
15083020,2010,2,NA,0,TRUE
15083020,2011,2,0,0,TRUE
15083020,2012,2,0,0,TRUE
15083020,2013,3,0,0,TRUE
15083020,2014,3,0,99.65,TRUE
15083025,2010,2,NA,0,TRUE
15083025,2011,2,0,0,TRUE
15083025,2012,2,0,0,TRUE
15083025,2013,3,0,0,TRUE
15083025,2014,3,0,92.03,TRUE
15083030,2010,2,NA,0,TRUE
15083030,2011,2,0,0,TRUE
15083030,2012,2,0,0,TRUE
15083030,2013,3,0,0,TRUE
15083030,2014,3,0,90.6,TRUE
15083035,2010,2,NA,0,TRUE
15083035,2011,2,0,0,TRUE
15083035,2012,2,0,0,TRUE
15083035,2013,3,0,0,TRUE
15083035,2014,3,0,99.89,TRUE
15083040,2010,2,NA,0,TRUE
15083040,2011,2,0,0,TRUE
15083040,2012,2,0,0,TRUE
15083040,2013,3,0,0,TRUE
15083040,2014,3,0,100,TRUE
15083060,2010,2,NA,0,TRUE
15083060,2011,2,0,0,TRUE
15083060,2012,2,0,0,TRUE
15083060,2013,3,0,0,TRUE
15083060,2014,3,0,100,TRUE
15083115,2010,2,NA,0,TRUE
15083115,2011,2,0,0,TRUE
15083115,2012,2,0,0,TRUE
15083115,2013,3,0,0,TRUE
15083115,2014,3,0,94.34,TRUE
15083120,2010,2,NA,0,TRUE
15083120,2011,2,0,0,TRUE
15083120,2012,2,0,0,TRUE
15083120,2013,3,0,0,TRUE
15083120,2014,3,0,99.14,TRUE
15083125,2010,2,NA,0,TRUE
15083125,2011,2,0,0,TRUE
15083125,2012,2,0,0,TRUE
15083125,2013,3,0,0,TRUE
15083125,2014,3,0,93.38,TRUE
15083130,2010,2,NA,0,TRUE
15083130,2011,2,0,0,TRUE
15083130,2012,2,0,0,TRUE
15083130,2013,3,0,0,TRUE
15083130,2014,3,0,99.75,TRUE
15083190,2010,2,NA,0,TRUE
15083190,2011,2,0,0,TRUE
15083190,2012,2,0,0,TRUE
15083190,2013,3,0,0,TRUE
15083190,2014,3,0,99.31,TRUE
15083205,2010,2,NA,0,TRUE
15083205,2011,2,0,0,TRUE
15083205,2012,2,0,0,TRUE
15083205,2013,3,0,0,TRUE
15083205,2014,3,0,100,TRUE
15083230,2010,2,NA,0,TRUE
15083230,2011,2,0,0,TRUE
15083230,2012,2,0,0,TRUE
15083230,2013,3,0,0,TRUE
15083230,2014,3,0,98.55,TRUE
15083245,2010,2,NA,0,TRUE
15083245,2011,2,0,0,TRUE
15083245,2012,2,0,0,TRUE
15083245,2013,3,0,0,TRUE
15083245,2014,3,0,99.01,TRUE
15083270,2010,2,NA,0,TRUE
15083270,2011,2,0,0,TRUE
15083270,2012,2,0,0,TRUE
15083270,2013,3,0,0,TRUE
15083270,2014,3,0,98.25,TRUE
15083275,2010,2,NA,0,TRUE
15083275,2011,2,0,0,TRUE
15083275,2012,2,0,0,TRUE
15083275,2013,3,0,0,TRUE
15083275,2014,3,0,100,TRUE
15083298,2010,2,NA,0,TRUE
15083298,2011,2,0,0,TRUE
15083298,2012,2,0,0,TRUE
15083298,2013,3,0,0,TRUE
15083298,2014,3,0,99.82,TRUE
15083320,2010,2,NA,0,TRUE
15083320,2011,2,0,0,TRUE
15083320,2012,2,0,0,TRUE
15083320,2013,3,0,0,TRUE
15083320,2014,3,0,93.03,TRUE
15083323,2010,2,NA,0,TRUE
15083323,2011,2,0,0,TRUE
15083323,2012,2,0,0,TRUE
15083323,2013,3,0,0,TRUE
15083323,2014,3,0,99.85,TRUE
15083355,2010,2,NA,0,TRUE
15083355,2011,2,0,0,TRUE
15083355,2012,2,0,0,TRUE
15083355,2013,3,0,0,TRUE
15083355,2014,3,0,100,TRUE
15083361,2010,2,NA,0,TRUE
15083361,2011,2,0,0,TRUE
15083361,2012,2,0,0,TRUE
15083361,2013,3,0,0,TRUE
15083361,2014,3,0,97.63,TRUE
15083390,2010,2,NA,0,TRUE
15083390,2011,2,0,0,TRUE
15083390,2012,2,0,0,TRUE
15083390,2013,3,0,0,TRUE
15083390,2014,3,0,99.94,TRUE
15083411,2010,2,NA,0,TRUE
15083411,2011,2,0,0,TRUE
15083411,2012,2,0,0,TRUE
15083411,2013,3,0,0,TRUE
15083411,2014,3,0,93.43,TRUE
15083415,2010,2,NA,0,TRUE
15083415,2011,2,0,0,TRUE
15083415,2012,2,0,0,TRUE
15083415,2013,3,0,0,TRUE
15083415,2014,3,0,100,TRUE
15083440,2010,2,NA,0,TRUE
15083440,2011,2,0,0,TRUE
15083440,2012,2,0,0,TRUE
15083440,2013,3,0,0,TRUE
15083440,2014,3,0,99.64,TRUE
15083485,2010,2,NA,0,TRUE
15083485,2011,2,0,0,TRUE
15083485,2012,2,0,0,TRUE
15083485,2013,3,0,0,TRUE
15083485,2014,3,0,99.87,TRUE
15083490,2010,2,NA,0,TRUE
15083490,2011,2,0,0,TRUE
15083490,2012,2,0,0,TRUE
15083490,2013,3,0,0,TRUE
15083490,2014,3,0,99.89,TRUE
15083505,2010,2,NA,0,TRUE
15083505,2011,2,0,0,TRUE
15083505,2012,2,0,0,TRUE
15083505,2013,3,0,0,TRUE
15083505,2014,3,0,100,TRUE
15083515,2010,2,NA,0,TRUE
15083515,2011,2,0,0,TRUE
15083515,2012,2,0,0,TRUE
15083515,2013,3,0,0,TRUE
15083515,2014,3,0,100,TRUE
15083531,2010,2,NA,0,TRUE
15083531,2011,2,0,0,TRUE
15083531,2012,2,0,0,TRUE
15083531,2013,3,0,0,TRUE
15083531,2014,3,0,99.99,TRUE
15083535,2010,2,NA,0,TRUE
15083535,2011,2,0,0,TRUE
15083535,2012,2,0,0,TRUE
15083535,2013,3,0,0,TRUE
15083535,2014,3,0,100,TRUE
15083557,2010,2,NA,0,TRUE
15083557,2011,2,0,0,TRUE
15083557,2012,2,0,0,TRUE
15083557,2013,3,0,0,TRUE
15083557,2014,3,0,88.15,TRUE
15083565,2010,2,NA,0,TRUE
15083565,2011,2,0,0,TRUE
15083565,2012,2,0,0,TRUE
15083565,2013,3,0,0,TRUE
15083565,2014,3,0,100,TRUE
15083580,2010,2,NA,0,TRUE
15083580,2011,2,0,0,TRUE
15083580,2012,2,0,0,TRUE
15083580,2013,3,0,0,TRUE
15083580,2014,3,0,100,TRUE
15084012,2010,2,NA,0,TRUE
15084012,2011,2,0,0,TRUE
15084012,2012,2,0,0,TRUE
15084012,2013,3,0,0,TRUE
15084012,2014,3,0,100,TRUE
15084013,2010,2,NA,0,TRUE
15084013,2011,2,0,0,TRUE
15084013,2012,2,0,0,TRUE
15084013,2013,3,0,0,TRUE
15084013,2014,3,0,97.57,TRUE
15084015,2010,2,NA,0,TRUE
15084015,2011,2,0,0,TRUE
15084015,2012,2,0,0,TRUE
15084015,2013,3,0,0,TRUE
15084015,2014,3,0,99.71,TRUE
15084025,2010,2,NA,0,TRUE
15084025,2011,2,0,0,TRUE
15084025,2012,2,0,0,TRUE
15084025,2013,3,0,0,TRUE
15084025,2014,3,0,100,TRUE
15084115,2010,2,NA,0,TRUE
15084115,2011,2,0,0,TRUE
15084115,2012,2,0,0,TRUE
15084115,2013,3,0,0,TRUE
15084115,2014,3,0,100,TRUE
15084125,2010,2,NA,0,TRUE
15084125,2011,2,0,0,TRUE
15084125,2012,2,0,0,TRUE
15084125,2013,3,0,0,TRUE
15084125,2014,3,0,100,TRUE
15084130,2010,2,NA,0,TRUE
15084130,2011,2,0,0,TRUE
15084130,2012,2,0,0,TRUE
15084130,2013,3,0,0,TRUE
15084130,2014,3,0,99.81,TRUE
15084132,2010,2,NA,0,TRUE
15084132,2011,2,0,0,TRUE
15084132,2012,2,0,0,TRUE
15084132,2013,3,0,0,TRUE
15084132,2014,3,0,100,TRUE
15084133,2010,2,NA,0,TRUE
15084133,2011,2,0,0,TRUE
15084133,2012,2,0,0,TRUE
15084133,2013,3,0,0,TRUE
15084133,2014,3,0,99.82,TRUE
15084135,2010,2,NA,0,TRUE
15084135,2011,2,0,0,TRUE
15084135,2012,2,0,0,TRUE
15084135,2013,3,0,0,TRUE
15084135,2014,3,0,100,TRUE
15084150,2010,2,NA,0,TRUE
15084150,2011,2,0,0,TRUE
15084150,2012,2,0,0,TRUE
15084150,2013,3,0,0,TRUE
15084150,2014,3,0,87.15,TRUE
15084170,2010,2,NA,0,TRUE
15084170,2011,2,0,0,TRUE
15084170,2012,2,0,0,TRUE
15084170,2013,3,0,0,TRUE
15084170,2014,3,0,100,TRUE
15084207,2010,2,NA,0,TRUE
15084207,2011,2,0,0,TRUE
15084207,2012,2,0,0,TRUE
15084207,2013,3,0,0,TRUE
15084207,2014,3,0,94.37,TRUE
15084235,2010,2,NA,0,TRUE
15084235,2011,2,0,0,TRUE
15084235,2012,2,0,0,TRUE
15084235,2013,3,0,0,TRUE
15084235,2014,3,0,100,TRUE
15084246,2010,2,NA,0,TRUE
15084246,2011,2,0,0,TRUE
15084246,2012,2,0,0,TRUE
15084246,2013,3,0,0,TRUE
15084246,2014,3,0,99.54,TRUE
15084250,2010,2,NA,0,TRUE
15084250,2011,2,0,0,TRUE
15084250,2012,2,0,0,TRUE
15084250,2013,3,0,0,TRUE
15084250,2014,3,0,100,TRUE
15084275,2010,2,NA,0,TRUE
15084275,2011,2,0,0,TRUE
15084275,2012,2,0,0,TRUE
15084275,2013,3,0,0,TRUE
15084275,2014,3,0,94.85,TRUE
15084282,2010,2,NA,0,TRUE
15084282,2011,2,0,0,TRUE
15084282,2012,2,0,0,TRUE
15084282,2013,3,0,0,TRUE
15084282,2014,3,0,96.43,TRUE
15084285,2010,2,NA,0,TRUE
15084285,2011,2,0,0,TRUE
15084285,2012,2,0,0,TRUE
15084285,2013,3,0,0,TRUE
15084285,2014,3,0,98.59,TRUE
15084315,2010,2,NA,0,TRUE
15084315,2011,2,0,0,TRUE
15084315,2012,2,0,0,TRUE
15084315,2013,3,0,0,TRUE
15084315,2014,3,0,100,TRUE
15084335,2010,2,NA,0,TRUE
15084335,2011,2,0,0,TRUE
15084335,2012,2,0,0,TRUE
15084335,2013,3,0,0,TRUE
15084335,2014,3,0,91.74,TRUE
15084341,2010,2,NA,0,TRUE
15084341,2011,2,0,0,TRUE
15084341,2012,2,0,0,TRUE
15084341,2013,3,0,0,TRUE
15084341,2014,3,0,91.9,TRUE
15084355,2010,2,NA,0,TRUE
15084355,2011,2,0,0,TRUE
15084355,2012,2,0,0,TRUE
15084355,2013,3,0,0,TRUE
15084355,2014,3,0,99.45,TRUE
15084360,2010,2,NA,0,TRUE
15084360,2011,2,0,0,TRUE
15084360,2012,2,0,0,TRUE
15084360,2013,3,0,0,TRUE
15084360,2014,3,0,100,TRUE
15084375,2010,2,NA,0,TRUE
15084375,2011,2,0,0,TRUE
15084375,2012,2,0,0,TRUE
15084375,2013,3,0,0,TRUE
15084375,2014,3,0,99.78,TRUE
15084442,2010,2,NA,0,TRUE
15084442,2011,2,0,0,TRUE
15084442,2012,2,0,0,TRUE
15084442,2013,3,0,0,TRUE
15084442,2014,3,0,100,TRUE
15084445,2010,2,NA,0,TRUE
15084445,2011,2,0,0,TRUE
15084445,2012,2,0,0,TRUE
15084445,2013,3,0,0,TRUE
15084445,2014,3,0,100,TRUE
15084470,2010,2,NA,0,TRUE
15084470,2011,2,0,0,TRUE
15084470,2012,2,0,0,TRUE
15084470,2013,3,0,0,TRUE
15084470,2014,3,0,100,TRUE
15084490,2010,2,NA,0,TRUE
15084490,2011,2,0,0,TRUE
15084490,2012,2,0,0,TRUE
15084490,2013,3,0,0,TRUE
15084490,2014,3,0,99.98,TRUE
15084550,2010,2,NA,0,TRUE
15084550,2011,2,0,0,TRUE
15084550,2012,2,0,0,TRUE
15084550,2013,3,0,0,TRUE
15084550,2014,3,0,99.98,TRUE
15084560,2010,2,NA,0,TRUE
15084560,2011,2,0,0,TRUE
15084560,2012,2,0,0,TRUE
15084560,2013,3,0,0,TRUE
15084560,2014,3,0,100,TRUE
15084565,2010,2,NA,0,TRUE
15084565,2011,2,0,0,TRUE
15084565,2012,2,0,0,TRUE
15084565,2013,3,0,0,TRUE
15084565,2014,3,0,99.78,TRUE
15084590,2010,2,NA,0,TRUE
15084590,2011,2,0,0,TRUE
15084590,2012,2,0,0,TRUE
15084590,2013,3,0,0,TRUE
15084590,2014,3,0,100,TRUE
15085040,2010,2,NA,0,TRUE
15085040,2011,2,0,0,TRUE
15085040,2012,2,0,0,TRUE
15085040,2013,3,0,0,TRUE
15085040,2014,3,0,99.96,TRUE
15085055,2010,2,NA,0,TRUE
15085055,2011,2,0,0,TRUE
15085055,2012,2,0,0,TRUE
15085055,2013,3,0,0,TRUE
15085055,2014,3,0,99.99,TRUE
15085090,2010,2,NA,0,TRUE
15085090,2011,2,0,0,TRUE
15085090,2012,2,0,0,TRUE
15085090,2013,3,0,0,TRUE
15085090,2014,3,0,100,TRUE
15085110,2010,2,NA,0,TRUE
15085110,2011,2,0,0,TRUE
15085110,2012,2,0,0,TRUE
15085110,2013,3,0,0,TRUE
15085110,2014,3,0,99.76,TRUE
15085125,2010,2,NA,0,TRUE
15085125,2011,2,0,0,TRUE
15085125,2012,2,0,0,TRUE
15085125,2013,3,0,0,TRUE
15085125,2014,3,0,100,TRUE
15085135,2010,2,NA,0,TRUE
15085135,2011,2,0,0,TRUE
15085135,2012,2,0,0,TRUE
15085135,2013,3,0,0,TRUE
15085135,2014,3,0,99.99,TRUE
15085140,2010,2,NA,0,TRUE
15085140,2011,2,0,0,TRUE
15085140,2012,2,0,0,TRUE
15085140,2013,3,0,0,TRUE
15085140,2014,3,0,100,TRUE
15085145,2010,2,NA,0,TRUE
15085145,2011,2,0,0,TRUE
15085145,2012,2,0,0,TRUE
15085145,2013,3,0,0,TRUE
15085145,2014,3,0,96,TRUE
15085160,2010,2,NA,0,TRUE
15085160,2011,2,0,0,TRUE
15085160,2012,2,0,0,TRUE
15085160,2013,3,0,0,TRUE
15085160,2014,3,0,100,TRUE
15085185,2010,2,NA,0,TRUE
15085185,2011,2,0,0,TRUE
15085185,2012,2,0,0,TRUE
15085185,2013,3,0,0,TRUE
15085185,2014,3,0,99.85,TRUE
15085190,2010,2,NA,0,TRUE
15085190,2011,2,0,0,TRUE
15085190,2012,2,0,0,TRUE
15085190,2013,3,0,0,TRUE
15085190,2014,3,0,99.83,TRUE
15085227,2010,2,NA,0,TRUE
15085227,2011,2,0,0,TRUE
15085227,2012,2,0,0,TRUE
15085227,2013,3,0,0,TRUE
15085227,2014,3,0,99.85,TRUE
15085228,2010,2,NA,0,TRUE
15085228,2011,2,0,0,TRUE
15085228,2012,2,0,0,TRUE
15085228,2013,3,0,0,TRUE
15085228,2014,3,0,99.95,TRUE
15085230,2010,2,NA,0,TRUE
15085230,2011,2,0,0,TRUE
15085230,2012,2,0,0,TRUE
15085230,2013,3,0,0,TRUE
15085230,2014,3,0,99.83,TRUE
15085235,2010,2,NA,0,TRUE
15085235,2011,2,0,0,TRUE
15085235,2012,2,0,0,TRUE
15085235,2013,3,0,0,TRUE
15085235,2014,3,0,100,TRUE
15085285,2010,2,NA,0,TRUE
15085285,2011,2,0,0,TRUE
15085285,2012,2,0,0,TRUE
15085285,2013,3,0,0,TRUE
15085285,2014,3,0,100,TRUE
15085287,2010,2,NA,0,TRUE
15085287,2011,2,0,0,TRUE
15085287,2012,2,0,0,TRUE
15085287,2013,3,0,0,TRUE
15085287,2014,3,0,100,TRUE
15085330,2010,2,NA,0,TRUE
15085330,2011,2,0,0,TRUE
15085330,2012,2,0,0,TRUE
15085330,2013,3,0,0,TRUE
15085330,2014,3,0,99.91,TRUE
15085365,2010,2,NA,0,TRUE
15085365,2011,2,0,0,TRUE
15085365,2012,2,0,0,TRUE
15085365,2013,3,0,0,TRUE
15085365,2014,3,0,97.19,TRUE
15085370,2010,2,NA,0,TRUE
15085370,2011,2,0,0,TRUE
15085370,2012,2,0,0,TRUE
15085370,2013,3,0,0,TRUE
15085370,2014,3,0,99.69,TRUE
15086005,2010,2,NA,0,TRUE
15086005,2011,2,0,0,TRUE
15086005,2012,2,0,0,TRUE
15086005,2013,3,0,0,TRUE
15086005,2014,3,0,98.27,TRUE
15086015,2010,2,NA,0,TRUE
15086015,2011,2,0,0,TRUE
15086015,2012,2,0,0,TRUE
15086015,2013,3,0,0,TRUE
15086015,2014,3,0,99.71,TRUE
15086035,2010,2,NA,0,TRUE
15086035,2011,2,0,0,TRUE
15086035,2012,2,0,0,TRUE
15086035,2013,3,0,0,TRUE
15086035,2014,3,0,98.29,TRUE
15086040,2010,2,NA,0,TRUE
15086040,2011,2,0,0,TRUE
15086040,2012,2,0,0,TRUE
15086040,2013,3,0,0,TRUE
15086040,2014,3,0,98.71,TRUE
15086055,2010,2,NA,0,TRUE
15086055,2011,2,0,0,TRUE
15086055,2012,2,0,0,TRUE
15086055,2013,3,0,0,TRUE
15086055,2014,3,0,99.82,TRUE
15086080,2010,2,NA,0,TRUE
15086080,2011,2,0,0,TRUE
15086080,2012,2,0,0,TRUE
15086080,2013,3,0,0,TRUE
15086080,2014,3,0,85.86,TRUE
15086140,2010,2,NA,0,TRUE
15086140,2011,2,0,0,TRUE
15086140,2012,2,0,0,TRUE
15086140,2013,3,0,0,TRUE
15086140,2014,3,0,98.18,TRUE
15086145,2010,2,NA,0,TRUE
15086145,2011,2,0,0,TRUE
15086145,2012,2,0,0,TRUE
15086145,2013,3,0,0,TRUE
15086145,2014,3,0,100,TRUE
15087010,2010,2,NA,0,TRUE
15087010,2011,2,0,0,TRUE
15087010,2012,2,0,0,TRUE
15087010,2013,3,0,0,TRUE
15087010,2014,3,0,100,TRUE
15087015,2010,2,NA,0,TRUE
15087015,2011,2,0,0,TRUE
15087015,2012,2,0,0,TRUE
15087015,2013,3,0,0,TRUE
15087015,2014,3,0,99.21,TRUE
15087031,2010,2,NA,0,TRUE
15087031,2011,2,0,0,TRUE
15087031,2012,2,0,0,TRUE
15087031,2013,3,0,0,TRUE
15087031,2014,3,0,99.65,TRUE
15087045,2010,2,NA,0,TRUE
15087045,2011,2,0,0,TRUE
15087045,2012,2,0,0,TRUE
15087045,2013,3,0,0,TRUE
15087045,2014,3,0,99.92,TRUE
15087055,2010,2,NA,0,TRUE
15087055,2011,2,0,0,TRUE
15087055,2012,2,0,0,TRUE
15087055,2013,3,0,0,TRUE
15087055,2014,3,0,100,TRUE
15087070,2010,2,NA,0,TRUE
15087070,2011,2,0,0,TRUE
15087070,2012,2,0,0,TRUE
15087070,2013,3,0,0,TRUE
15087070,2014,3,0,99.7,TRUE
15087075,2010,2,NA,0,TRUE
15087075,2011,2,0,0,TRUE
15087075,2012,2,0,0,TRUE
15087075,2013,3,0,0,TRUE
15087075,2014,3,0,100,TRUE
15087101,2010,2,NA,0,TRUE
15087101,2011,2,0,0,TRUE
15087101,2012,2,0,0,TRUE
15087101,2013,3,0,0,TRUE
15087101,2014,3,0,100,TRUE
15087125,2010,2,NA,0,TRUE
15087125,2011,2,0,0,TRUE
15087125,2012,2,0,0,TRUE
15087125,2013,3,0,0,TRUE
15087125,2014,3,0,99.54,TRUE
15087130,2010,2,NA,0,TRUE
15087130,2011,2,0,0,TRUE
15087130,2012,2,0,0,TRUE
15087130,2013,3,0,0,TRUE
15087130,2014,3,0,99.88,TRUE
15087165,2010,2,NA,0,TRUE
15087165,2011,2,0,0,TRUE
15087165,2012,2,0,0,TRUE
15087165,2013,3,0,0,TRUE
15087165,2014,3,0,99.95,TRUE
15087205,2010,2,NA,0,TRUE
15087205,2011,2,0,0,TRUE
15087205,2012,2,0,0,TRUE
15087205,2013,3,0,0,TRUE
15087205,2014,3,0,100,TRUE
15087210,2010,2,NA,0,TRUE
15087210,2011,2,0,0,TRUE
15087210,2012,2,0,0,TRUE
15087210,2013,3,0,0,TRUE
15087210,2014,3,0,100,TRUE
15087220,2010,2,NA,0,TRUE
15087220,2011,2,0,0,TRUE
15087220,2012,2,0,0,TRUE
15087220,2013,3,0,0,TRUE
15087220,2014,3,0,99.93,TRUE
15087250,2010,2,NA,0,TRUE
15087250,2011,2,0,0,TRUE
15087250,2012,2,0,0,TRUE
15087250,2013,3,0,0,TRUE
15087250,2014,3,0,99.95,TRUE
15087260,2010,2,NA,0,TRUE
15087260,2011,2,0,0,TRUE
15087260,2012,2,0,0,TRUE
15087260,2013,3,0,0,TRUE
15087260,2014,3,0,99.69,TRUE
15087275,2010,2,NA,0,TRUE
15087275,2011,2,0,0,TRUE
15087275,2012,2,0,0,TRUE
15087275,2013,3,0,0,TRUE
15087275,2014,3,0,99.94,TRUE
15087370,2010,2,NA,0,TRUE
15087370,2011,2,0,0,TRUE
15087370,2012,2,0,0,TRUE
15087370,2013,3,0,0,TRUE
15087370,2014,3,0,99.96,TRUE
15087386,2010,2,NA,0,TRUE
15087386,2011,2,0,0,TRUE
15087386,2012,2,0,0,TRUE
15087386,2013,3,0,0,TRUE
15087386,2014,3,0,98.8,TRUE
15087412,2010,2,NA,0,TRUE
15087412,2011,2,0,0,TRUE
15087412,2012,2,0,0,TRUE
15087412,2013,3,0,0,TRUE
15087412,2014,3,0,99.42,TRUE
15087440,2010,2,NA,0,TRUE
15087440,2011,2,0,0,TRUE
15087440,2012,2,0,0,TRUE
15087440,2013,3,0,0,TRUE
15087440,2014,3,0,100,TRUE
15087470,2010,2,NA,0,TRUE
15087470,2011,2,0,0,TRUE
15087470,2012,2,0,0,TRUE
15087470,2013,3,0,0,TRUE
15087470,2014,3,0,100,TRUE
15088020,2010,2,NA,0,TRUE
15088020,2011,2,0,0,TRUE
15088020,2012,2,0,0,TRUE
15088020,2013,3,0,0,TRUE
15088020,2014,3,0,100,TRUE
15088025,2010,2,NA,0,TRUE
15088025,2011,2,0,0,TRUE
15088025,2012,2,0,0,TRUE
15088025,2013,3,0,0,TRUE
15088025,2014,3,0,100,TRUE
15088030,2010,2,NA,0,TRUE
15088030,2011,2,0,0,TRUE
15088030,2012,2,0,0,TRUE
15088030,2013,3,0,0,TRUE
15088030,2014,3,0,100,TRUE
15088065,2010,2,NA,0,TRUE
15088065,2011,2,0,0,TRUE
15088065,2012,2,0,0,TRUE
15088065,2013,3,0,0,TRUE
15088065,2014,3,0,100,TRUE
15088100,2010,2,NA,0,TRUE
15088100,2011,2,0,0,TRUE
15088100,2012,2,0,0,TRUE
15088100,2013,3,0,0,TRUE
15088100,2014,3,0,100,TRUE
15088150,2010,2,NA,0,TRUE
15088150,2011,2,0,0,TRUE
15088150,2012,2,0,0,TRUE
15088150,2013,3,0,0,TRUE
15088150,2014,3,0,100,TRUE
15088195,2010,2,NA,0,TRUE
15088195,2011,2,0,0,TRUE
15088195,2012,2,0,0,TRUE
15088195,2013,3,0,0,TRUE
15088195,2014,3,0,100,TRUE
15088205,2010,2,NA,0,TRUE
15088205,2011,2,0,0,TRUE
15088205,2012,2,0,0,TRUE
15088205,2013,3,0,0,TRUE
15088205,2014,3,0,100,TRUE
15088216,2010,2,NA,0,TRUE
15088216,2011,2,0,0,TRUE
15088216,2012,2,0,0,TRUE
15088216,2013,3,0,0,TRUE
15088216,2014,3,0,99.98,TRUE
15088220,2010,2,NA,0,TRUE
15088220,2011,2,0,0,TRUE
15088220,2012,2,0,0,TRUE
15088220,2013,3,0,0,TRUE
15088220,2014,3,0,100,TRUE
15088235,2010,2,NA,0,TRUE
15088235,2011,2,0,0,TRUE
15088235,2012,2,0,0,TRUE
15088235,2013,3,0,0,TRUE
15088235,2014,3,0,100,TRUE
15088250,2010,2,NA,0,TRUE
15088250,2011,2,0,0,TRUE
15088250,2012,2,0,0,TRUE
15088250,2013,3,0,0,TRUE
15088250,2014,3,0,100,TRUE
15088265,2010,2,NA,0,TRUE
15088265,2011,2,0,0,TRUE
15088265,2012,2,0,0,TRUE
15088265,2013,3,0,0,TRUE
15088265,2014,3,0,99.91,TRUE
15088295,2010,2,NA,0,TRUE
15088295,2011,2,0,0,TRUE
15088295,2012,2,0,0,TRUE
15088295,2013,3,0,0,TRUE
15088295,2014,3,0,99.01,TRUE
15088305,2010,2,NA,0,TRUE
15088305,2011,2,0,0,TRUE
15088305,2012,2,0,0,TRUE
15088305,2013,3,0,0,TRUE
15088305,2014,3,0,99.82,TRUE
15088319,2010,2,NA,0,TRUE
15088319,2011,2,0,0,TRUE
15088319,2012,2,0,0,TRUE
15088319,2013,3,0,0,TRUE
15088319,2014,3,0,100,TRUE
15088330,2010,2,NA,0,TRUE
15088330,2011,2,0,0,TRUE
15088330,2012,2,0,0,TRUE
15088330,2013,3,0,0,TRUE
15088330,2014,3,0,100,TRUE
15088340,2010,2,NA,0,TRUE
15088340,2011,2,0,0,TRUE
15088340,2012,2,0,0,TRUE
15088340,2013,3,0,0,TRUE
15088340,2014,3,0,99.84,TRUE
15088355,2010,2,NA,0,TRUE
15088355,2011,2,0,0,TRUE
15088355,2012,2,0,0,TRUE
15088355,2013,3,0,0,TRUE
15088355,2014,3,0,100,TRUE
15088365,2010,2,NA,0,TRUE
15088365,2011,2,0,0,TRUE
15088365,2012,2,0,0,TRUE
15088365,2013,3,0,0,TRUE
15088365,2014,3,0,99.99,TRUE
15089005,2010,2,NA,0,TRUE
15089005,2011,2,0,0,TRUE
15089005,2012,2,0,0,TRUE
15089005,2013,3,0,0,TRUE
15089005,2014,3,0,100,TRUE
15089015,2010,2,NA,0,TRUE
15089015,2011,2,0,0,TRUE
15089015,2012,2,0,0,TRUE
15089015,2013,3,0,0,TRUE
15089015,2014,3,0,99.81,TRUE
15089026,2010,2,NA,0,TRUE
15089026,2011,2,0,0,TRUE
15089026,2012,2,0,0,TRUE
15089026,2013,3,0,0,TRUE
15089026,2014,3,0,98.84,TRUE
15089030,2010,2,NA,0,TRUE
15089030,2011,2,0,0,TRUE
15089030,2012,2,0,0,TRUE
15089030,2013,3,0,0,TRUE
15089030,2014,3,0,100,TRUE
15089041,2010,2,NA,0,TRUE
15089041,2011,2,0,0,TRUE
15089041,2012,2,0,0,TRUE
15089041,2013,3,0,0,TRUE
15089041,2014,3,0,99.9,TRUE
15089042,2010,2,NA,0,TRUE
15089042,2011,2,0,0,TRUE
15089042,2012,2,0,0,TRUE
15089042,2013,3,0,0,TRUE
15089042,2014,3,0,95.76,TRUE
15089043,2010,2,NA,0,TRUE
15089043,2011,2,0,0,TRUE
15089043,2012,2,0,0,TRUE
15089043,2013,3,0,0,TRUE
15089043,2014,3,0,95.55,TRUE
15089045,2010,2,NA,0,TRUE
15089045,2011,2,0,0,TRUE
15089045,2012,2,0,0,TRUE
15089045,2013,3,0,0,TRUE
15089045,2014,3,0,100,TRUE
15089055,2010,2,NA,0,TRUE
15089055,2011,2,0,0,TRUE
15089055,2012,2,0,0,TRUE
15089055,2013,3,0,0,TRUE
15089055,2014,3,0,100,TRUE
15089075,2010,2,NA,0,TRUE
15089075,2011,2,0,0,TRUE
15089075,2012,2,0,0,TRUE
15089075,2013,3,0,0,TRUE
15089075,2014,3,0,100,TRUE
15089130,2010,2,NA,0,TRUE
15089130,2011,2,0,0,TRUE
15089130,2012,2,0,0,TRUE
15089130,2013,3,0,0,TRUE
15089130,2014,3,0,100,TRUE
15089165,2010,2,NA,0,TRUE
15089165,2011,2,0,0,TRUE
15089165,2012,2,0,0,TRUE
15089165,2013,3,0,0,TRUE
15089165,2014,3,0,100,TRUE
15089175,2010,2,NA,0,TRUE
15089175,2011,2,0,0,TRUE
15089175,2012,2,0,0,TRUE
15089175,2013,3,0,0,TRUE
15089175,2014,3,0,99.95,TRUE
15089185,2010,2,NA,0,TRUE
15089185,2011,2,0,0,TRUE
15089185,2012,2,0,0,TRUE
15089185,2013,3,0,0,TRUE
15089185,2014,3,0,100,TRUE
15089195,2010,2,NA,0,TRUE
15089195,2011,2,0,0,TRUE
15089195,2012,2,0,0,TRUE
15089195,2013,3,0,0,TRUE
15089195,2014,3,0,90.49,TRUE
15089235,2010,2,NA,0,TRUE
15089235,2011,2,0,0,TRUE
15089235,2012,2,0,0,TRUE
15089235,2013,3,0,0,TRUE
15089235,2014,3,0,97.46,TRUE
15089245,2010,2,NA,0,TRUE
15089245,2011,2,0,0,TRUE
15089245,2012,2,0,0,TRUE
15089245,2013,3,0,0,TRUE
15089245,2014,3,0,100,TRUE
15089305,2010,2,NA,0,TRUE
15089305,2011,2,0,0,TRUE
15089305,2012,2,0,0,TRUE
15089305,2013,3,0,0,TRUE
15089305,2014,3,0,99.99,TRUE
15089307,2010,2,NA,0,TRUE
15089307,2011,2,0,0,TRUE
15089307,2012,2,0,0,TRUE
15089307,2013,3,0,0,TRUE
15089307,2014,3,0,100,TRUE
15089310,2010,2,NA,0,TRUE
15089310,2011,2,0,0,TRUE
15089310,2012,2,0,0,TRUE
15089310,2013,3,0,0,TRUE
15089310,2014,3,0,99.95,TRUE
15089365,2010,2,NA,0,TRUE
15089365,2011,2,0,0,TRUE
15089365,2012,2,0,0,TRUE
15089365,2013,3,0,0,TRUE
15089365,2014,3,0,100,TRUE
15090003,2010,2,NA,0,TRUE
15090003,2011,2,0,0,TRUE
15090003,2012,2,0,0,TRUE
15090003,2013,3,0,0,TRUE
15090003,2014,3,0,99.76,TRUE
15090007,2010,2,NA,0,TRUE
15090007,2011,2,0,0,TRUE
15090007,2012,2,0,0,TRUE
15090007,2013,3,0,0,TRUE
15090007,2014,3,0,83.38,TRUE
15090008,2010,2,NA,0,TRUE
15090008,2011,2,0,0,TRUE
15090008,2012,2,0,0,TRUE
15090008,2013,3,0,0,TRUE
15090008,2014,3,0,90.44,TRUE
15090010,2010,2,NA,0,TRUE
15090010,2011,2,0,0,TRUE
15090010,2012,2,0,0,TRUE
15090010,2013,3,0,0,TRUE
15090010,2014,3,0,76.96,TRUE
15090070,2010,2,NA,0,TRUE
15090070,2011,2,0,0,TRUE
15090070,2012,2,0,0,TRUE
15090070,2013,3,0,0,TRUE
15090070,2014,3,0,86.35,TRUE
15090135,2010,2,NA,0,TRUE
15090135,2011,2,0,0,TRUE
15090135,2012,2,0,0,TRUE
15090135,2013,3,0,0,TRUE
15090135,2014,3,0,84.17,TRUE
15090180,2010,2,NA,0,TRUE
15090180,2011,2,0,0,TRUE
15090180,2012,2,0,0,TRUE
15090180,2013,3,0,0,TRUE
15090180,2014,3,0,98.49,TRUE
15090220,2010,2,NA,0,TRUE
15090220,2011,2,0,0,TRUE
15090220,2012,2,0,0,TRUE
15090220,2013,3,0,0,TRUE
15090220,2014,3,0,95.62,TRUE
15090225,2010,2,NA,0,TRUE
15090225,2011,2,0,0,TRUE
15090225,2012,2,0,0,TRUE
15090225,2013,3,0,0,TRUE
15090225,2014,3,0,95.49,TRUE
15090245,2010,2,NA,0,TRUE
15090245,2011,2,0,0,TRUE
15090245,2012,2,0,0,TRUE
15090245,2013,3,0,0,TRUE
15090245,2014,3,0,94.31,TRUE
15090270,2010,2,NA,0,TRUE
15090270,2011,2,0,0,TRUE
15090270,2012,2,0,0,TRUE
15090270,2013,3,0,0,TRUE
15090270,2014,3,0,95.2,TRUE
15090285,2010,2,NA,0,TRUE
15090285,2011,2,0,0,TRUE
15090285,2012,2,0,0,TRUE
15090285,2013,3,0,0,TRUE
15090285,2014,3,0,56.23,TRUE
15090310,2010,2,NA,0,TRUE
15090310,2011,2,0,0,TRUE
15090310,2012,2,0,0,TRUE
15090310,2013,3,0,0,TRUE
15090310,2014,3,0,99.19,TRUE
15090415,2010,2,NA,0,TRUE
15090415,2011,2,0,0,TRUE
15090415,2012,2,0,0,TRUE
15090415,2013,3,0,0,TRUE
15090415,2014,3,0,99.77,TRUE
15090435,2010,2,NA,0,TRUE
15090435,2011,2,0,0,TRUE
15090435,2012,2,0,0,TRUE
15090435,2013,3,0,0,TRUE
15090435,2014,3,0,72.21,TRUE
15090445,2010,2,NA,0,TRUE
15090445,2011,2,0,0,TRUE
15090445,2012,2,0,0,TRUE
15090445,2013,3,0,0,TRUE
15090445,2014,3,0,93.02,TRUE
15090485,2010,2,NA,0,TRUE
15090485,2011,2,0,0,TRUE
15090485,2012,2,0,0,TRUE
15090485,2013,3,0,0,TRUE
15090485,2014,3,0,97.22,TRUE
15090500,2010,2,NA,0,TRUE
15090500,2011,2,0,0,TRUE
15090500,2012,2,0,0,TRUE
15090500,2013,3,0,0,TRUE
15090500,2014,3,0,93.84,TRUE
15090520,2010,2,NA,0,TRUE
15090520,2011,2,0,0,TRUE
15090520,2012,2,0,0,TRUE
15090520,2013,3,0,0,TRUE
15090520,2014,3,0,97.17,TRUE
15090535,2010,2,NA,0,TRUE
15090535,2011,2,0,0,TRUE
15090535,2012,2,0,0,TRUE
15090535,2013,3,0,0,TRUE
15090535,2014,3,0,99.3,TRUE
15090546,2010,2,NA,0,TRUE
15090546,2011,2,0,0,TRUE
15090546,2012,2,0,0,TRUE
15090546,2013,3,0,0,TRUE
15090546,2014,3,0,88.23,TRUE
15090550,2010,2,NA,0,TRUE
15090550,2011,2,0,0,TRUE
15090550,2012,2,0,0,TRUE
15090550,2013,3,0,0,TRUE
15090550,2014,3,0,97.86,TRUE
15090610,2010,2,NA,0,TRUE
15090610,2011,2,0,0,TRUE
15090610,2012,2,0,0,TRUE
15090610,2013,3,0,0,TRUE
15090610,2014,3,0,98.99,TRUE
15090631,2010,2,NA,0,TRUE
15090631,2011,2,0,0,TRUE
15090631,2012,2,0,0,TRUE
15090631,2013,3,0,0,TRUE
15090631,2014,3,0,69.27,TRUE
15090635,2010,2,NA,0,TRUE
15090635,2011,2,0,0,TRUE
15090635,2012,2,0,0,TRUE
15090635,2013,3,0,0,TRUE
15090635,2014,3,0,78.96,TRUE
15091010,2010,2,NA,0,TRUE
15091010,2011,2,0,0,TRUE
15091010,2012,2,0,0,TRUE
15091010,2013,3,0,0,TRUE
15091010,2014,3,0,100,TRUE
15091020,2010,2,NA,0,TRUE
15091020,2011,2,0,0,TRUE
15091020,2012,2,0,0,TRUE
15091020,2013,3,0,0,TRUE
15091020,2014,3,0,99.93,TRUE
15091060,2010,2,NA,0,TRUE
15091060,2011,2,0,0,TRUE
15091060,2012,2,0,0,TRUE
15091060,2013,3,0,0,TRUE
15091060,2014,3,0,99.82,TRUE
15091110,2010,2,NA,0,TRUE
15091110,2011,2,0,0,TRUE
15091110,2012,2,0,0,TRUE
15091110,2013,3,0,0,TRUE
15091110,2014,3,0,100,TRUE
15091145,2010,2,NA,0,TRUE
15091145,2011,2,0,0,TRUE
15091145,2012,2,0,0,TRUE
15091145,2013,3,0,0,TRUE
15091145,2014,3,0,99.09,TRUE
15091160,2010,2,NA,0,TRUE
15091160,2011,2,0,0,TRUE
15091160,2012,2,0,0,TRUE
15091160,2013,3,0,0,TRUE
15091160,2014,3,0,99.94,TRUE
15091241,2010,2,NA,0,TRUE
15091241,2011,2,0,0,TRUE
15091241,2012,2,0,0,TRUE
15091241,2013,3,0,0,TRUE
15091241,2014,3,0,98.63,TRUE
15091375,2010,2,NA,0,TRUE
15091375,2011,2,0,0,TRUE
15091375,2012,2,0,0,TRUE
15091375,2013,3,0,0,TRUE
15091375,2014,3,0,99.97,TRUE
15091391,2010,2,NA,0,TRUE
15091391,2011,2,0,0,TRUE
15091391,2012,2,0,0,TRUE
15091391,2013,3,0,0,TRUE
15091391,2014,3,0,99.98,TRUE
16051000,2010,2,NA,0,TRUE
16051000,2011,2,0,0,TRUE
16051000,2012,2,0,0,TRUE
16051000,2013,3,0,0,TRUE
16051000,2014,3,0,99.99,TRUE
16052000,2010,2,NA,0,TRUE
16052000,2011,2,0,0,TRUE
16052000,2012,2,0,0,TRUE
16052000,2013,3,0,0,TRUE
16052000,2014,3,0,99.76,TRUE
16053000,2010,2,NA,0,TRUE
16053000,2011,2,0,0,TRUE
16053000,2012,2,0,0,TRUE
16053000,2013,3,0,0,TRUE
16053000,2014,3,0,100,TRUE
16054000,2010,2,NA,0,TRUE
16054000,2011,2,0,0,TRUE
16054000,2012,2,0,0,TRUE
16054000,2013,3,0,0,TRUE
16054000,2014,3,0,100,TRUE
16055000,2010,2,NA,0,TRUE
16055000,2011,2,0,0,TRUE
16055000,2012,2,0,0,TRUE
16055000,2013,3,0,0,TRUE
16055000,2014,3,0,100,TRUE
16056000,2010,2,NA,0,TRUE
16056000,2011,2,0,0,TRUE
16056000,2012,2,0,0,TRUE
16056000,2013,3,0,0,TRUE
16056000,2014,3,0,100,TRUE
16061001,2010,2,NA,0,TRUE
16061001,2011,2,0,0,TRUE
16061001,2012,2,0,0,TRUE
16061001,2013,3,0,0,TRUE
16061001,2014,3,0,100,TRUE
16061002,2010,2,NA,0,TRUE
16061002,2011,2,0,0,TRUE
16061002,2012,2,0,0,TRUE
16061002,2013,3,0,0,TRUE
16061002,2014,3,0,98.44,TRUE
16061003,2010,2,NA,0,TRUE
16061003,2011,2,0,0,TRUE
16061003,2012,2,0,0,TRUE
16061003,2013,3,0,0,TRUE
16061003,2014,3,0,100,TRUE
16061004,2010,2,NA,0,TRUE
16061004,2011,2,0,0,TRUE
16061004,2012,2,0,0,TRUE
16061004,2013,3,0,0,TRUE
16061004,2014,3,0,100,TRUE
16061007,2010,2,NA,0,TRUE
16061007,2011,2,0,0,TRUE
16061007,2012,2,0,0,TRUE
16061007,2013,3,0,0,TRUE
16061007,2014,3,0,100,TRUE
16061012,2010,2,NA,0,TRUE
16061012,2011,2,0,0,TRUE
16061012,2012,2,0,0,TRUE
16061012,2013,3,0,0,TRUE
16061012,2014,3,0,100,TRUE
16061014,2010,2,NA,0,TRUE
16061014,2011,2,0,0,TRUE
16061014,2012,2,0,0,TRUE
16061014,2013,3,0,0,TRUE
16061014,2014,3,0,100,TRUE
16061015,2010,2,NA,0,TRUE
16061015,2011,2,0,0,TRUE
16061015,2012,2,0,0,TRUE
16061015,2013,3,0,0,TRUE
16061015,2014,3,0,99.79,TRUE
16061017,2010,2,NA,0,TRUE
16061017,2011,2,0,0,TRUE
16061017,2012,2,0,0,TRUE
16061017,2013,3,0,0,TRUE
16061017,2014,3,0,100,TRUE
16061018,2010,2,NA,0,TRUE
16061018,2011,2,0,0,TRUE
16061018,2012,2,0,0,TRUE
16061018,2013,3,0,0,TRUE
16061018,2014,3,0,100,TRUE
16061019,2010,2,NA,0,TRUE
16061019,2011,2,0,0,TRUE
16061019,2012,2,0,0,TRUE
16061019,2013,3,0,0,TRUE
16061019,2014,3,0,99.26,TRUE
16061021,2010,2,NA,0,TRUE
16061021,2011,2,0,0,TRUE
16061021,2012,2,0,0,TRUE
16061021,2013,3,0,0,TRUE
16061021,2014,3,0,100,TRUE
16061022,2010,2,NA,0,TRUE
16061022,2011,2,0,0,TRUE
16061022,2012,2,0,0,TRUE
16061022,2013,3,0,0,TRUE
16061022,2014,3,0,100,TRUE
16061023,2010,2,NA,0,TRUE
16061023,2011,2,0,0,TRUE
16061023,2012,2,0,0,TRUE
16061023,2013,3,0,0,TRUE
16061023,2014,3,0,100,TRUE
16061024,2010,2,NA,0,TRUE
16061024,2011,2,0,0,TRUE
16061024,2012,2,0,0,TRUE
16061024,2013,3,0,0,TRUE
16061024,2014,3,0,100,TRUE
16061025,2010,2,NA,0,TRUE
16061025,2011,2,0,0,TRUE
16061025,2012,2,0,0,TRUE
16061025,2013,3,0,0,TRUE
16061025,2014,3,0,100,TRUE
16061026,2010,2,NA,0,TRUE
16061026,2011,2,0,0,TRUE
16061026,2012,2,0,0,TRUE
16061026,2013,3,0,0,TRUE
16061026,2014,3,0,100,TRUE
16061027,2010,2,NA,0,TRUE
16061027,2011,2,0,0,TRUE
16061027,2012,2,0,0,TRUE
16061027,2013,3,0,0,TRUE
16061027,2014,3,0,99.29,TRUE
16061028,2010,2,NA,0,TRUE
16061028,2011,2,0,0,TRUE
16061028,2012,2,0,0,TRUE
16061028,2013,3,0,0,TRUE
16061028,2014,3,0,100,TRUE
16061031,2010,2,NA,0,TRUE
16061031,2011,2,0,0,TRUE
16061031,2012,2,0,0,TRUE
16061031,2013,3,0,0,TRUE
16061031,2014,3,0,100,TRUE
16061032,2010,2,NA,0,TRUE
16061032,2011,2,0,0,TRUE
16061032,2012,2,0,0,TRUE
16061032,2013,3,0,0,TRUE
16061032,2014,3,0,100,TRUE
16061033,2010,2,NA,0,TRUE
16061033,2011,2,0,0,TRUE
16061033,2012,2,0,0,TRUE
16061033,2013,3,0,0,TRUE
16061033,2014,3,0,100,TRUE
16061034,2010,2,NA,0,TRUE
16061034,2011,2,0,0,TRUE
16061034,2012,2,0,0,TRUE
16061034,2013,3,0,0,TRUE
16061034,2014,3,0,100,TRUE
16061035,2010,2,NA,0,TRUE
16061035,2011,2,0,0,TRUE
16061035,2012,2,0,0,TRUE
16061035,2013,3,0,0,TRUE
16061035,2014,3,0,99.8,TRUE
16061036,2010,2,NA,0,TRUE
16061036,2011,2,0,0,TRUE
16061036,2012,2,0,0,TRUE
16061036,2013,3,0,0,TRUE
16061036,2014,3,0,100,TRUE
16061037,2010,2,NA,0,TRUE
16061037,2011,2,0,0,TRUE
16061037,2012,2,0,0,TRUE
16061037,2013,3,0,0,TRUE
16061037,2014,3,0,100,TRUE
16061038,2010,2,NA,0,TRUE
16061038,2011,2,0,0,TRUE
16061038,2012,2,0,0,TRUE
16061038,2013,3,0,0,TRUE
16061038,2014,3,0,100,TRUE
16061039,2010,2,NA,0,TRUE
16061039,2011,2,0,0,TRUE
16061039,2012,2,0,0,TRUE
16061039,2013,3,0,0,TRUE
16061039,2014,3,0,98.78,TRUE
16061041,2010,2,NA,0,TRUE
16061041,2011,2,0,0,TRUE
16061041,2012,2,0,0,TRUE
16061041,2013,3,0,0,TRUE
16061041,2014,3,0,100,TRUE
16061043,2010,2,NA,0,TRUE
16061043,2011,2,0,0,TRUE
16061043,2012,2,0,0,TRUE
16061043,2013,3,0,0,TRUE
16061043,2014,3,0,100,TRUE
16061044,2010,2,NA,0,TRUE
16061044,2011,2,0,0,TRUE
16061044,2012,2,0,0,TRUE
16061044,2013,3,0,0,TRUE
16061044,2014,3,0,100,TRUE
16061045,2010,2,NA,0,TRUE
16061045,2011,2,0,0,TRUE
16061045,2012,2,0,0,TRUE
16061045,2013,3,0,0,TRUE
16061045,2014,3,0,99.92,TRUE
16061046,2010,2,NA,0,TRUE
16061046,2011,2,0,0,TRUE
16061046,2012,2,0,0,TRUE
16061046,2013,3,0,0,TRUE
16061046,2014,3,0,100,TRUE
16061047,2010,2,NA,0,TRUE
16061047,2011,2,0,0,TRUE
16061047,2012,2,0,0,TRUE
16061047,2013,3,0,0,TRUE
16061047,2014,3,0,100,TRUE
16061048,2010,2,NA,0,TRUE
16061048,2011,2,0,0,TRUE
16061048,2012,2,0,0,TRUE
16061048,2013,3,0,0,TRUE
16061048,2014,3,0,100,TRUE
16061049,2010,2,NA,0,TRUE
16061049,2011,2,0,0,TRUE
16061049,2012,2,0,0,TRUE
16061049,2013,3,0,0,TRUE
16061049,2014,3,0,100,TRUE
16061052,2010,2,NA,0,TRUE
16061052,2011,2,0,0,TRUE
16061052,2012,2,0,0,TRUE
16061052,2013,3,0,0,TRUE
16061052,2014,3,0,100,TRUE
16061054,2010,2,NA,0,TRUE
16061054,2011,2,0,0,TRUE
16061054,2012,2,0,0,TRUE
16061054,2013,3,0,0,TRUE
16061054,2014,3,0,100,TRUE
16061055,2010,2,NA,0,TRUE
16061055,2011,2,0,0,TRUE
16061055,2012,2,0,0,TRUE
16061055,2013,3,0,0,TRUE
16061055,2014,3,0,99.72,TRUE
16061056,2010,2,NA,0,TRUE
16061056,2011,2,0,0,TRUE
16061056,2012,2,0,0,TRUE
16061056,2013,3,0,0,TRUE
16061056,2014,3,0,87.98,TRUE
16061057,2010,2,NA,0,TRUE
16061057,2011,2,0,0,TRUE
16061057,2012,2,0,0,TRUE
16061057,2013,3,0,0,TRUE
16061057,2014,3,0,100,TRUE
16061058,2010,2,NA,0,TRUE
16061058,2011,2,0,0,TRUE
16061058,2012,2,0,0,TRUE
16061058,2013,3,0,0,TRUE
16061058,2014,3,0,100,TRUE
16061059,2010,2,NA,0,TRUE
16061059,2011,2,0,0,TRUE
16061059,2012,2,0,0,TRUE
16061059,2013,3,0,0,TRUE
16061059,2014,3,0,100,TRUE
16061061,2010,2,NA,0,TRUE
16061061,2011,2,0,0,TRUE
16061061,2012,2,0,0,TRUE
16061061,2013,3,0,0,TRUE
16061061,2014,3,0,100,TRUE
16061062,2010,2,NA,0,TRUE
16061062,2011,2,0,0,TRUE
16061062,2012,2,0,0,TRUE
16061062,2013,3,0,0,TRUE
16061062,2014,3,0,100,TRUE
16061063,2010,2,NA,0,TRUE
16061063,2011,2,0,0,TRUE
16061063,2012,2,0,0,TRUE
16061063,2013,3,0,0,TRUE
16061063,2014,3,0,100,TRUE
16061065,2010,2,NA,0,TRUE
16061065,2011,2,0,0,TRUE
16061065,2012,2,0,0,TRUE
16061065,2013,3,0,0,TRUE
16061065,2014,3,0,84.4,TRUE
16061066,2010,2,NA,0,TRUE
16061066,2011,2,0,0,TRUE
16061066,2012,2,0,0,TRUE
16061066,2013,3,0,0,TRUE
16061066,2014,3,0,100,TRUE
16061067,2010,2,NA,0,TRUE
16061067,2011,2,0,0,TRUE
16061067,2012,2,0,0,TRUE
16061067,2013,3,0,0,TRUE
16061067,2014,3,0,100,TRUE
16061068,2010,2,NA,0,TRUE
16061068,2011,2,0,0,TRUE
16061068,2012,2,0,0,TRUE
16061068,2013,3,0,0,TRUE
16061068,2014,3,0,100,TRUE
16061069,2010,2,NA,0,TRUE
16061069,2011,2,0,0,TRUE
16061069,2012,2,0,0,TRUE
16061069,2013,3,0,0,TRUE
16061069,2014,3,0,100,TRUE
16061074,2010,2,NA,0,TRUE
16061074,2011,2,0,0,TRUE
16061074,2012,2,0,0,TRUE
16061074,2013,3,0,0,TRUE
16061074,2014,3,0,100,TRUE
16061075,2010,2,NA,0,TRUE
16061075,2011,2,0,0,TRUE
16061075,2012,2,0,0,TRUE
16061075,2013,3,0,0,TRUE
16061075,2014,3,0,100,TRUE
16061076,2010,2,NA,0,TRUE
16061076,2011,2,0,0,TRUE
16061076,2012,2,0,0,TRUE
16061076,2013,3,0,0,TRUE
16061076,2014,3,0,100,TRUE
16061077,2010,2,NA,0,TRUE
16061077,2011,2,0,0,TRUE
16061077,2012,2,0,0,TRUE
16061077,2013,3,0,0,TRUE
16061077,2014,3,0,96.8,TRUE
16061078,2010,2,NA,0,TRUE
16061078,2011,2,0,0,TRUE
16061078,2012,2,0,0,TRUE
16061078,2013,3,0,0,TRUE
16061078,2014,3,0,100,TRUE
16061082,2010,2,NA,0,TRUE
16061082,2011,2,0,0,TRUE
16061082,2012,2,0,0,TRUE
16061082,2013,3,0,0,TRUE
16061082,2014,3,0,100,TRUE
16061083,2010,2,NA,0,TRUE
16061083,2011,2,0,0,TRUE
16061083,2012,2,0,0,TRUE
16061083,2013,3,0,0,TRUE
16061083,2014,3,0,100,TRUE
16061084,2010,2,NA,0,TRUE
16061084,2011,2,0,0,TRUE
16061084,2012,2,0,0,TRUE
16061084,2013,3,0,0,TRUE
16061084,2014,3,0,100,TRUE
16061085,2010,2,NA,0,TRUE
16061085,2011,2,0,0,TRUE
16061085,2012,2,0,0,TRUE
16061085,2013,3,0,0,TRUE
16061085,2014,3,0,100,TRUE
16061086,2010,2,NA,0,TRUE
16061086,2011,2,0,0,TRUE
16061086,2012,2,0,0,TRUE
16061086,2013,3,0,0,TRUE
16061086,2014,3,0,100,TRUE
16061087,2010,2,NA,0,TRUE
16061087,2011,2,0,0,TRUE
16061087,2012,2,0,0,TRUE
16061087,2013,3,0,0,TRUE
16061087,2014,3,0,100,TRUE
16061089,2010,2,NA,0,TRUE
16061089,2011,2,0,0,TRUE
16061089,2012,2,0,0,TRUE
16061089,2013,3,0,0,TRUE
16061089,2014,3,0,100,TRUE
16061091,2010,2,NA,0,TRUE
16061091,2011,2,0,0,TRUE
16061091,2012,2,0,0,TRUE
16061091,2013,3,0,0,TRUE
16061091,2014,3,0,100,TRUE
16061094,2010,2,NA,0,TRUE
16061094,2011,2,0,0,TRUE
16061094,2012,2,0,0,TRUE
16061094,2013,3,0,0,TRUE
16061094,2014,3,0,100,TRUE
16061096,2010,2,NA,0,TRUE
16061096,2011,2,0,0,TRUE
16061096,2012,2,0,0,TRUE
16061096,2013,3,0,0,TRUE
16061096,2014,3,0,100,TRUE
16061097,2010,2,NA,0,TRUE
16061097,2011,2,0,0,TRUE
16061097,2012,2,0,0,TRUE
16061097,2013,3,0,0,TRUE
16061097,2014,3,0,99.91,TRUE
16061098,2010,2,NA,0,TRUE
16061098,2011,2,0,0,TRUE
16061098,2012,2,0,0,TRUE
16061098,2013,3,0,0,TRUE
16061098,2014,3,0,100,TRUE
16061101,2010,2,NA,0,TRUE
16061101,2011,2,0,0,TRUE
16061101,2012,2,0,0,TRUE
16061101,2013,3,0,0,TRUE
16061101,2014,3,0,100,TRUE
16061102,2010,2,NA,0,TRUE
16061102,2011,2,0,0,TRUE
16061102,2012,2,0,0,TRUE
16061102,2013,3,0,0,TRUE
16061102,2014,3,0,100,TRUE
16061103,2010,2,NA,0,TRUE
16061103,2011,2,0,0,TRUE
16061103,2012,2,0,0,TRUE
16061103,2013,3,0,0,TRUE
16061103,2014,3,0,100,TRUE
16061105,2010,2,NA,0,TRUE
16061105,2011,2,0,0,TRUE
16061105,2012,2,0,0,TRUE
16061105,2013,3,0,0,TRUE
16061105,2014,3,0,100,TRUE
16061107,2010,2,NA,0,TRUE
16061107,2011,2,0,0,TRUE
16061107,2012,2,0,0,TRUE
16061107,2013,3,0,0,TRUE
16061107,2014,3,0,100,TRUE
16061111,2010,2,NA,0,TRUE
16061111,2011,2,0,0,TRUE
16061111,2012,2,0,0,TRUE
16061111,2013,3,0,0,TRUE
16061111,2014,3,0,100,TRUE
16061113,2010,2,NA,0,TRUE
16061113,2011,2,0,0,TRUE
16061113,2012,2,0,0,TRUE
16061113,2013,3,0,0,TRUE
16061113,2014,3,0,99.69,TRUE
16061114,2010,2,NA,0,TRUE
16061114,2011,2,0,0,TRUE
16061114,2012,2,0,0,TRUE
16061114,2013,3,0,0,TRUE
16061114,2014,3,0,99.91,TRUE
16061115,2010,2,NA,0,TRUE
16061115,2011,2,0,0,TRUE
16061115,2012,2,0,0,TRUE
16061115,2013,3,0,0,TRUE
16061115,2014,3,0,99.99,TRUE
16061116,2010,2,NA,0,TRUE
16061116,2011,2,0,0,TRUE
16061116,2012,2,0,0,TRUE
16061116,2013,3,0,0,TRUE
16061116,2014,3,0,100,TRUE
16061117,2010,2,NA,0,TRUE
16061117,2011,2,0,0,TRUE
16061117,2012,2,0,0,TRUE
16061117,2013,3,0,0,TRUE
16061117,2014,3,0,99.91,TRUE
16062002,2010,2,NA,0,TRUE
16062002,2011,2,0,0,TRUE
16062002,2012,2,0,0,TRUE
16062002,2013,3,0,0,TRUE
16062002,2014,3,0,100,TRUE
16062004,2010,2,NA,0,TRUE
16062004,2011,2,0,0,TRUE
16062004,2012,2,0,0,TRUE
16062004,2013,3,0,0,TRUE
16062004,2014,3,0,100,TRUE
16062005,2010,2,NA,0,TRUE
16062005,2011,2,0,0,TRUE
16062005,2012,2,0,0,TRUE
16062005,2013,3,0,0,TRUE
16062005,2014,3,0,98,TRUE
16062006,2010,2,NA,0,TRUE
16062006,2011,2,0,0,TRUE
16062006,2012,2,0,0,TRUE
16062006,2013,3,0,0,TRUE
16062006,2014,3,0,94.74,TRUE
16062007,2010,2,NA,0,TRUE
16062007,2011,2,0,0,TRUE
16062007,2012,2,0,0,TRUE
16062007,2013,3,0,0,TRUE
16062007,2014,3,0,99.17,TRUE
16062008,2010,2,NA,0,TRUE
16062008,2011,2,0,0,TRUE
16062008,2012,2,0,0,TRUE
16062008,2013,3,0,0,TRUE
16062008,2014,3,0,100,TRUE
16062009,2010,2,NA,0,TRUE
16062009,2011,2,0,0,TRUE
16062009,2012,2,0,0,TRUE
16062009,2013,3,0,0,TRUE
16062009,2014,3,0,100,TRUE
16062014,2010,2,NA,0,TRUE
16062014,2011,2,0,0,TRUE
16062014,2012,2,0,0,TRUE
16062014,2013,3,0,0,TRUE
16062014,2014,3,0,96.81,TRUE
16062016,2010,2,NA,0,TRUE
16062016,2011,2,0,0,TRUE
16062016,2012,2,0,0,TRUE
16062016,2013,3,0,0,TRUE
16062016,2014,3,0,100,TRUE
16062018,2010,2,NA,0,TRUE
16062018,2011,2,0,0,TRUE
16062018,2012,2,0,0,TRUE
16062018,2013,3,0,0,TRUE
16062018,2014,3,0,98.92,TRUE
16062024,2010,2,NA,0,TRUE
16062024,2011,2,0,0,TRUE
16062024,2012,2,0,0,TRUE
16062024,2013,3,0,0,TRUE
16062024,2014,3,0,100,TRUE
16062025,2010,2,NA,0,TRUE
16062025,2011,2,0,0,TRUE
16062025,2012,2,0,0,TRUE
16062025,2013,3,0,0,TRUE
16062025,2014,3,0,99.49,TRUE
16062026,2010,2,NA,0,TRUE
16062026,2011,2,0,0,TRUE
16062026,2012,2,0,0,TRUE
16062026,2013,3,0,0,TRUE
16062026,2014,3,0,92.39,TRUE
16062029,2010,2,NA,0,TRUE
16062029,2011,2,0,0,TRUE
16062029,2012,2,0,0,TRUE
16062029,2013,3,0,0,TRUE
16062029,2014,3,0,100,TRUE
16062033,2010,2,NA,0,TRUE
16062033,2011,2,0,0,TRUE
16062033,2012,2,0,0,TRUE
16062033,2013,3,0,0,TRUE
16062033,2014,3,0,100,TRUE
16062036,2010,2,NA,0,TRUE
16062036,2011,2,0,0,TRUE
16062036,2012,2,0,0,TRUE
16062036,2013,3,0,0,TRUE
16062036,2014,3,0,100,TRUE
16062037,2010,2,NA,0,TRUE
16062037,2011,2,0,0,TRUE
16062037,2012,2,0,0,TRUE
16062037,2013,3,0,0,TRUE
16062037,2014,3,0,100,TRUE
16062039,2010,2,NA,0,TRUE
16062039,2011,2,0,0,TRUE
16062039,2012,2,0,0,TRUE
16062039,2013,3,0,0,TRUE
16062039,2014,3,0,97.52,TRUE
16062041,2010,2,NA,0,TRUE
16062041,2011,2,0,0,TRUE
16062041,2012,2,0,0,TRUE
16062041,2013,3,0,0,TRUE
16062041,2014,3,0,99.91,TRUE
16062049,2010,2,NA,0,TRUE
16062049,2011,2,0,0,TRUE
16062049,2012,2,0,0,TRUE
16062049,2013,3,0,0,TRUE
16062049,2014,3,0,98.8,TRUE
16062054,2010,2,NA,0,TRUE
16062054,2011,2,0,0,TRUE
16062054,2012,2,0,0,TRUE
16062054,2013,3,0,0,TRUE
16062054,2014,3,0,100,TRUE
16062058,2010,2,NA,0,TRUE
16062058,2011,2,0,0,TRUE
16062058,2012,2,0,0,TRUE
16062058,2013,3,0,0,TRUE
16062058,2014,3,0,100,TRUE
16062059,2010,2,NA,0,TRUE
16062059,2011,2,0,0,TRUE
16062059,2012,2,0,0,TRUE
16062059,2013,3,0,0,TRUE
16062059,2014,3,0,99.79,TRUE
16062062,2010,2,NA,0,TRUE
16062062,2011,2,0,0,TRUE
16062062,2012,2,0,0,TRUE
16062062,2013,3,0,0,TRUE
16062062,2014,3,0,99.06,TRUE
16062063,2010,2,NA,0,TRUE
16062063,2011,2,0,0,TRUE
16062063,2012,2,0,0,TRUE
16062063,2013,3,0,0,TRUE
16062063,2014,3,0,99.69,TRUE
16062064,2010,2,NA,0,TRUE
16062064,2011,2,0,0,TRUE
16062064,2012,2,0,0,TRUE
16062064,2013,3,0,0,TRUE
16062064,2014,3,0,99.68,TRUE
16062065,2010,2,NA,0,TRUE
16062065,2011,2,0,0,TRUE
16062065,2012,2,0,0,TRUE
16062065,2013,3,0,0,TRUE
16062065,2014,3,0,99.42,TRUE
16063003,2010,2,NA,0,TRUE
16063003,2011,2,0,0,TRUE
16063003,2012,2,0,0,TRUE
16063003,2013,3,0,0,TRUE
16063003,2014,3,0,100,TRUE
16063004,2010,2,NA,0,TRUE
16063004,2011,2,0,0,TRUE
16063004,2012,2,0,0,TRUE
16063004,2013,3,0,0,TRUE
16063004,2014,3,0,100,TRUE
16063006,2010,2,NA,0,TRUE
16063006,2011,2,0,0,TRUE
16063006,2012,2,0,0,TRUE
16063006,2013,3,0,0,TRUE
16063006,2014,3,0,100,TRUE
16063007,2010,2,NA,0,TRUE
16063007,2011,2,0,0,TRUE
16063007,2012,2,0,0,TRUE
16063007,2013,3,0,0,TRUE
16063007,2014,3,0,99.9,TRUE
16063008,2010,2,NA,0,TRUE
16063008,2011,2,0,0,TRUE
16063008,2012,2,0,0,TRUE
16063008,2013,3,0,0,TRUE
16063008,2014,3,0,100,TRUE
16063009,2010,2,NA,0,TRUE
16063009,2011,2,0,0,TRUE
16063009,2012,2,0,0,TRUE
16063009,2013,3,0,0,TRUE
16063009,2014,3,0,98.34,TRUE
16063011,2010,2,NA,0,TRUE
16063011,2011,2,0,0,TRUE
16063011,2012,2,0,0,TRUE
16063011,2013,3,0,0,TRUE
16063011,2014,3,0,97.72,TRUE
16063013,2010,2,NA,0,TRUE
16063013,2011,2,0,0,TRUE
16063013,2012,2,0,0,TRUE
16063013,2013,3,0,0,TRUE
16063013,2014,3,0,89.56,TRUE
16063014,2010,2,NA,0,TRUE
16063014,2011,2,0,0,TRUE
16063014,2012,2,0,0,TRUE
16063014,2013,3,0,0,TRUE
16063014,2014,3,0,100,TRUE
16063015,2010,2,NA,0,TRUE
16063015,2011,2,0,0,TRUE
16063015,2012,2,0,0,TRUE
16063015,2013,3,0,0,TRUE
16063015,2014,3,0,100,TRUE
16063016,2010,2,NA,0,TRUE
16063016,2011,2,0,0,TRUE
16063016,2012,2,0,0,TRUE
16063016,2013,3,0,0,TRUE
16063016,2014,3,0,100,TRUE
16063017,2010,2,NA,0,TRUE
16063017,2011,2,0,0,TRUE
16063017,2012,2,0,0,TRUE
16063017,2013,3,0,0,TRUE
16063017,2014,3,0,100,TRUE
16063019,2010,2,NA,0,TRUE
16063019,2011,2,0,0,TRUE
16063019,2012,2,0,0,TRUE
16063019,2013,3,0,0,TRUE
16063019,2014,3,0,100,TRUE
16063023,2010,2,NA,0,TRUE
16063023,2011,2,0,0,TRUE
16063023,2012,2,0,0,TRUE
16063023,2013,3,0,0,TRUE
16063023,2014,3,0,100,TRUE
16063024,2010,2,NA,0,TRUE
16063024,2011,2,0,0,TRUE
16063024,2012,2,0,0,TRUE
16063024,2013,3,0,0,TRUE
16063024,2014,3,0,89.73,TRUE
16063028,2010,2,NA,0,TRUE
16063028,2011,2,0,0,TRUE
16063028,2012,2,0,0,TRUE
16063028,2013,3,0,0,TRUE
16063028,2014,3,0,98.05,TRUE
16063029,2010,2,NA,0,TRUE
16063029,2011,2,0,0,TRUE
16063029,2012,2,0,0,TRUE
16063029,2013,3,0,0,TRUE
16063029,2014,3,0,80.53,TRUE
16063032,2010,2,NA,0,TRUE
16063032,2011,2,0,0,TRUE
16063032,2012,2,0,0,TRUE
16063032,2013,3,0,0,TRUE
16063032,2014,3,0,98.7,TRUE
16063033,2010,2,NA,0,TRUE
16063033,2011,2,0,0,TRUE
16063033,2012,2,0,0,TRUE
16063033,2013,3,0,0,TRUE
16063033,2014,3,0,7.14,TRUE
16063036,2010,2,NA,0,TRUE
16063036,2011,2,0,0,TRUE
16063036,2012,2,0,0,TRUE
16063036,2013,3,0,0,TRUE
16063036,2014,3,0,100,TRUE
16063037,2010,2,NA,0,TRUE
16063037,2011,2,0,0,TRUE
16063037,2012,2,0,0,TRUE
16063037,2013,3,0,0,TRUE
16063037,2014,3,0,69.81,TRUE
16063039,2010,2,NA,0,TRUE
16063039,2011,2,0,0,TRUE
16063039,2012,2,0,0,TRUE
16063039,2013,3,0,0,TRUE
16063039,2014,3,0,97.98,TRUE
16063046,2010,2,NA,0,TRUE
16063046,2011,2,0,0,TRUE
16063046,2012,2,0,0,TRUE
16063046,2013,3,0,0,TRUE
16063046,2014,3,0,100,TRUE
16063049,2010,2,NA,0,TRUE
16063049,2011,2,0,0,TRUE
16063049,2012,2,0,0,TRUE
16063049,2013,3,0,0,TRUE
16063049,2014,3,0,100,TRUE
16063051,2010,2,NA,0,TRUE
16063051,2011,2,0,0,TRUE
16063051,2012,2,0,0,TRUE
16063051,2013,3,0,0,TRUE
16063051,2014,3,0,100,TRUE
16063052,2010,2,NA,0,TRUE
16063052,2011,2,0,0,TRUE
16063052,2012,2,0,0,TRUE
16063052,2013,3,0,0,TRUE
16063052,2014,3,0,99.56,TRUE
16063055,2010,2,NA,0,TRUE
16063055,2011,2,0,0,TRUE
16063055,2012,2,0,0,TRUE
16063055,2013,3,0,0,TRUE
16063055,2014,3,0,99.9,TRUE
16063058,2010,2,NA,0,TRUE
16063058,2011,2,0,0,TRUE
16063058,2012,2,0,0,TRUE
16063058,2013,3,0,0,TRUE
16063058,2014,3,0,95.89,TRUE
16063059,2010,2,NA,0,TRUE
16063059,2011,2,0,0,TRUE
16063059,2012,2,0,0,TRUE
16063059,2013,3,0,0,TRUE
16063059,2014,3,0,100,TRUE
16063062,2010,2,NA,0,TRUE
16063062,2011,2,0,0,TRUE
16063062,2012,2,0,0,TRUE
16063062,2013,3,0,0,TRUE
16063062,2014,3,0,99.03,TRUE
16063066,2010,2,NA,0,TRUE
16063066,2011,2,0,0,TRUE
16063066,2012,2,0,0,TRUE
16063066,2013,3,0,0,TRUE
16063066,2014,3,0,99.94,TRUE
16063068,2010,2,NA,0,TRUE
16063068,2011,2,0,0,TRUE
16063068,2012,2,0,0,TRUE
16063068,2013,3,0,0,TRUE
16063068,2014,3,0,100,TRUE
16063071,2010,2,NA,0,TRUE
16063071,2011,2,0,0,TRUE
16063071,2012,2,0,0,TRUE
16063071,2013,3,0,0,TRUE
16063071,2014,3,0,100,TRUE
16063072,2010,2,NA,0,TRUE
16063072,2011,2,0,0,TRUE
16063072,2012,2,0,0,TRUE
16063072,2013,3,0,0,TRUE
16063072,2014,3,0,99.52,TRUE
16063075,2010,2,NA,0,TRUE
16063075,2011,2,0,0,TRUE
16063075,2012,2,0,0,TRUE
16063075,2013,3,0,0,TRUE
16063075,2014,3,0,99.62,TRUE
16063076,2010,2,NA,0,TRUE
16063076,2011,2,0,0,TRUE
16063076,2012,2,0,0,TRUE
16063076,2013,3,0,0,TRUE
16063076,2014,3,0,91.23,TRUE
16063078,2010,2,NA,0,TRUE
16063078,2011,2,0,0,TRUE
16063078,2012,2,0,0,TRUE
16063078,2013,3,0,0,TRUE
16063078,2014,3,0,99.88,TRUE
16063081,2010,2,NA,0,TRUE
16063081,2011,2,0,0,TRUE
16063081,2012,2,0,0,TRUE
16063081,2013,3,0,0,TRUE
16063081,2014,3,0,91.9,TRUE
16063082,2010,2,NA,0,TRUE
16063082,2011,2,0,0,TRUE
16063082,2012,2,0,0,TRUE
16063082,2013,3,0,0,TRUE
16063082,2014,3,0,99.8,TRUE
16063084,2010,2,NA,0,TRUE
16063084,2011,2,0,0,TRUE
16063084,2012,2,0,0,TRUE
16063084,2013,3,0,0,TRUE
16063084,2014,3,0,100,TRUE
16063086,2010,2,NA,0,TRUE
16063086,2011,2,0,0,TRUE
16063086,2012,2,0,0,TRUE
16063086,2013,3,0,0,TRUE
16063086,2014,3,0,100,TRUE
16063089,2010,2,NA,0,TRUE
16063089,2011,2,0,0,TRUE
16063089,2012,2,0,0,TRUE
16063089,2013,3,0,0,TRUE
16063089,2014,3,0,96.66,TRUE
16063092,2010,2,NA,0,TRUE
16063092,2011,2,0,0,TRUE
16063092,2012,2,0,0,TRUE
16063092,2013,3,0,0,TRUE
16063092,2014,3,0,98.99,TRUE
16063093,2010,2,NA,0,TRUE
16063093,2011,2,0,0,TRUE
16063093,2012,2,0,0,TRUE
16063093,2013,3,0,0,TRUE
16063093,2014,3,0,100,TRUE
16063094,2010,2,NA,0,TRUE
16063094,2011,2,0,0,TRUE
16063094,2012,2,0,0,TRUE
16063094,2013,3,0,0,TRUE
16063094,2014,3,0,98.67,TRUE
16063097,2010,2,NA,0,TRUE
16063097,2011,2,0,0,TRUE
16063097,2012,2,0,0,TRUE
16063097,2013,3,0,0,TRUE
16063097,2014,3,0,99.93,TRUE
16063098,2010,2,NA,0,TRUE
16063098,2011,2,0,0,TRUE
16063098,2012,2,0,0,TRUE
16063098,2013,3,0,0,TRUE
16063098,2014,3,0,96.88,TRUE
16063099,2010,2,NA,0,TRUE
16063099,2011,2,0,0,TRUE
16063099,2012,2,0,0,TRUE
16063099,2013,3,0,0,TRUE
16063099,2014,3,0,99.9,TRUE
16063101,2010,2,NA,0,TRUE
16063101,2011,2,0,0,TRUE
16063101,2012,2,0,0,TRUE
16063101,2013,3,0,0,TRUE
16063101,2014,3,0,99.92,TRUE
16063102,2010,2,NA,0,TRUE
16063102,2011,2,0,0,TRUE
16063102,2012,2,0,0,TRUE
16063102,2013,3,0,0,TRUE
16063102,2014,3,0,99.74,TRUE
16064001,2010,2,NA,0,TRUE
16064001,2011,2,0,0,TRUE
16064001,2012,2,0,0,TRUE
16064001,2013,3,0,0,TRUE
16064001,2014,3,0,100,TRUE
16064003,2010,2,NA,0,TRUE
16064003,2011,2,0,0,TRUE
16064003,2012,2,0,0,TRUE
16064003,2013,3,0,0,TRUE
16064003,2014,3,0,100,TRUE
16064004,2010,2,NA,0,TRUE
16064004,2011,2,0,0,TRUE
16064004,2012,2,0,0,TRUE
16064004,2013,3,0,0,TRUE
16064004,2014,3,0,100,TRUE
16064005,2010,2,NA,0,TRUE
16064005,2011,2,0,0,TRUE
16064005,2012,2,0,0,TRUE
16064005,2013,3,0,0,TRUE
16064005,2014,3,0,100,TRUE
16064007,2010,2,NA,0,TRUE
16064007,2011,2,0,0,TRUE
16064007,2012,2,0,0,TRUE
16064007,2013,3,0,0,TRUE
16064007,2014,3,0,100,TRUE
16064008,2010,2,NA,0,TRUE
16064008,2011,2,0,0,TRUE
16064008,2012,2,0,0,TRUE
16064008,2013,3,0,0,TRUE
16064008,2014,3,0,100,TRUE
16064009,2010,2,NA,0,TRUE
16064009,2011,2,0,0,TRUE
16064009,2012,2,0,0,TRUE
16064009,2013,3,0,0,TRUE
16064009,2014,3,0,100,TRUE
16064014,2010,2,NA,0,TRUE
16064014,2011,2,0,0,TRUE
16064014,2012,2,0,0,TRUE
16064014,2013,3,0,0,TRUE
16064014,2014,3,0,100,TRUE
16064017,2010,2,NA,0,TRUE
16064017,2011,2,0,0,TRUE
16064017,2012,2,0,0,TRUE
16064017,2013,3,0,0,TRUE
16064017,2014,3,0,100,TRUE
16064018,2010,2,NA,0,TRUE
16064018,2011,2,0,0,TRUE
16064018,2012,2,0,0,TRUE
16064018,2013,3,0,0,TRUE
16064018,2014,3,0,100,TRUE
16064019,2010,2,NA,0,TRUE
16064019,2011,2,0,0,TRUE
16064019,2012,2,0,0,TRUE
16064019,2013,3,0,0,TRUE
16064019,2014,3,0,100,TRUE
16064021,2010,2,NA,0,TRUE
16064021,2011,2,0,0,TRUE
16064021,2012,2,0,0,TRUE
16064021,2013,3,0,0,TRUE
16064021,2014,3,0,100,TRUE
16064022,2010,2,NA,0,TRUE
16064022,2011,2,0,0,TRUE
16064022,2012,2,0,0,TRUE
16064022,2013,3,0,0,TRUE
16064022,2014,3,0,100,TRUE
16064023,2010,2,NA,0,TRUE
16064023,2011,2,0,0,TRUE
16064023,2012,2,0,0,TRUE
16064023,2013,3,0,0,TRUE
16064023,2014,3,0,100,TRUE
16064027,2010,2,NA,0,TRUE
16064027,2011,2,0,0,TRUE
16064027,2012,2,0,0,TRUE
16064027,2013,3,0,0,TRUE
16064027,2014,3,0,100,TRUE
16064029,2010,2,NA,0,TRUE
16064029,2011,2,0,0,TRUE
16064029,2012,2,0,0,TRUE
16064029,2013,3,0,0,TRUE
16064029,2014,3,0,100,TRUE
16064032,2010,2,NA,0,TRUE
16064032,2011,2,0,0,TRUE
16064032,2012,2,0,0,TRUE
16064032,2013,3,0,0,TRUE
16064032,2014,3,0,100,TRUE
16064033,2010,2,NA,0,TRUE
16064033,2011,2,0,0,TRUE
16064033,2012,2,0,0,TRUE
16064033,2013,3,0,0,TRUE
16064033,2014,3,0,100,TRUE
16064035,2010,2,NA,0,TRUE
16064035,2011,2,0,0,TRUE
16064035,2012,2,0,0,TRUE
16064035,2013,3,0,0,TRUE
16064035,2014,3,0,100,TRUE
16064036,2010,2,NA,0,TRUE
16064036,2011,2,0,0,TRUE
16064036,2012,2,0,0,TRUE
16064036,2013,3,0,0,TRUE
16064036,2014,3,0,56.19,TRUE
16064037,2010,2,NA,0,TRUE
16064037,2011,2,0,0,TRUE
16064037,2012,2,0,0,TRUE
16064037,2013,3,0,0,TRUE
16064037,2014,3,0,100,TRUE
16064038,2010,2,NA,0,TRUE
16064038,2011,2,0,0,TRUE
16064038,2012,2,0,0,TRUE
16064038,2013,3,0,0,TRUE
16064038,2014,3,0,100,TRUE
16064043,2010,2,NA,0,TRUE
16064043,2011,2,0,0,TRUE
16064043,2012,2,0,0,TRUE
16064043,2013,3,0,0,TRUE
16064043,2014,3,0,100,TRUE
16064045,2010,2,NA,0,TRUE
16064045,2011,2,0,0,TRUE
16064045,2012,2,0,0,TRUE
16064045,2013,3,0,0,TRUE
16064045,2014,3,0,100,TRUE
16064046,2010,2,NA,0,TRUE
16064046,2011,2,0,0,TRUE
16064046,2012,2,0,0,TRUE
16064046,2013,3,0,0,TRUE
16064046,2014,3,0,99.54,TRUE
16064047,2010,2,NA,0,TRUE
16064047,2011,2,0,0,TRUE
16064047,2012,2,0,0,TRUE
16064047,2013,3,0,0,TRUE
16064047,2014,3,0,100,TRUE
16064048,2010,2,NA,0,TRUE
16064048,2011,2,0,0,TRUE
16064048,2012,2,0,0,TRUE
16064048,2013,3,0,0,TRUE
16064048,2014,3,0,100,TRUE
16064052,2010,2,NA,0,TRUE
16064052,2011,2,0,0,TRUE
16064052,2012,2,0,0,TRUE
16064052,2013,3,0,0,TRUE
16064052,2014,3,0,90.71,TRUE
16064053,2010,2,NA,0,TRUE
16064053,2011,2,0,0,TRUE
16064053,2012,2,0,0,TRUE
16064053,2013,3,0,0,TRUE
16064053,2014,3,0,100,TRUE
16064055,2010,2,NA,0,TRUE
16064055,2011,2,0,0,TRUE
16064055,2012,2,0,0,TRUE
16064055,2013,3,0,0,TRUE
16064055,2014,3,0,99.55,TRUE
16064057,2010,2,NA,0,TRUE
16064057,2011,2,0,0,TRUE
16064057,2012,2,0,0,TRUE
16064057,2013,3,0,0,TRUE
16064057,2014,3,0,100,TRUE
16064058,2010,2,NA,0,TRUE
16064058,2011,2,0,0,TRUE
16064058,2012,2,0,0,TRUE
16064058,2013,3,0,0,TRUE
16064058,2014,3,0,99.84,TRUE
16064061,2010,2,NA,0,TRUE
16064061,2011,2,0,0,TRUE
16064061,2012,2,0,0,TRUE
16064061,2013,3,0,0,TRUE
16064061,2014,3,0,100,TRUE
16064062,2010,2,NA,0,TRUE
16064062,2011,2,0,0,TRUE
16064062,2012,2,0,0,TRUE
16064062,2013,3,0,0,TRUE
16064062,2014,3,0,100,TRUE
16064064,2010,2,NA,0,TRUE
16064064,2011,2,0,0,TRUE
16064064,2012,2,0,0,TRUE
16064064,2013,3,0,0,TRUE
16064064,2014,3,0,100,TRUE
16064065,2010,2,NA,0,TRUE
16064065,2011,2,0,0,TRUE
16064065,2012,2,0,0,TRUE
16064065,2013,3,0,0,TRUE
16064065,2014,3,0,100,TRUE
16064066,2010,2,NA,0,TRUE
16064066,2011,2,0,0,TRUE
16064066,2012,2,0,0,TRUE
16064066,2013,3,0,0,TRUE
16064066,2014,3,0,100,TRUE
16064071,2010,2,NA,0,TRUE
16064071,2011,2,0,0,TRUE
16064071,2012,2,0,0,TRUE
16064071,2013,3,0,0,TRUE
16064071,2014,3,0,99.93,TRUE
16064072,2010,2,NA,0,TRUE
16064072,2011,2,0,0,TRUE
16064072,2012,2,0,0,TRUE
16064072,2013,3,0,0,TRUE
16064072,2014,3,0,100,TRUE
16064073,2010,2,NA,0,TRUE
16064073,2011,2,0,0,TRUE
16064073,2012,2,0,0,TRUE
16064073,2013,3,0,0,TRUE
16064073,2014,3,0,100,TRUE
16064074,2010,2,NA,0,TRUE
16064074,2011,2,0,0,TRUE
16064074,2012,2,0,0,TRUE
16064074,2013,3,0,0,TRUE
16064074,2014,3,0,98.71,TRUE
16064075,2010,2,NA,0,TRUE
16064075,2011,2,0,0,TRUE
16064075,2012,2,0,0,TRUE
16064075,2013,3,0,0,TRUE
16064075,2014,3,0,99.9,TRUE
16065001,2010,2,NA,0,TRUE
16065001,2011,2,0,0,TRUE
16065001,2012,2,0,0,TRUE
16065001,2013,3,0,0,TRUE
16065001,2014,3,0,100,TRUE
16065002,2010,2,NA,0,TRUE
16065002,2011,2,0,0,TRUE
16065002,2012,2,0,0,TRUE
16065002,2013,3,0,0,TRUE
16065002,2014,3,0,100,TRUE
16065003,2010,2,NA,0,TRUE
16065003,2011,2,0,0,TRUE
16065003,2012,2,0,0,TRUE
16065003,2013,3,0,0,TRUE
16065003,2014,3,0,99.36,TRUE
16065005,2010,2,NA,0,TRUE
16065005,2011,2,0,0,TRUE
16065005,2012,2,0,0,TRUE
16065005,2013,3,0,0,TRUE
16065005,2014,3,0,100,TRUE
16065008,2010,2,NA,0,TRUE
16065008,2011,2,0,0,TRUE
16065008,2012,2,0,0,TRUE
16065008,2013,3,0,0,TRUE
16065008,2014,3,0,100,TRUE
16065011,2010,2,NA,0,TRUE
16065011,2011,2,0,0,TRUE
16065011,2012,2,0,0,TRUE
16065011,2013,3,0,0,TRUE
16065011,2014,3,0,100,TRUE
16065012,2010,2,NA,0,TRUE
16065012,2011,2,0,0,TRUE
16065012,2012,2,0,0,TRUE
16065012,2013,3,0,0,TRUE
16065012,2014,3,0,100,TRUE
16065013,2010,2,NA,0,TRUE
16065013,2011,2,0,0,TRUE
16065013,2012,2,0,0,TRUE
16065013,2013,3,0,0,TRUE
16065013,2014,3,0,100,TRUE
16065014,2010,2,NA,0,TRUE
16065014,2011,2,0,0,TRUE
16065014,2012,2,0,0,TRUE
16065014,2013,3,0,0,TRUE
16065014,2014,3,0,97.11,TRUE
16065016,2010,2,NA,0,TRUE
16065016,2011,2,0,0,TRUE
16065016,2012,2,0,0,TRUE
16065016,2013,3,0,0,TRUE
16065016,2014,3,0,100,TRUE
16065018,2010,2,NA,0,TRUE
16065018,2011,2,0,0,TRUE
16065018,2012,2,0,0,TRUE
16065018,2013,3,0,0,TRUE
16065018,2014,3,0,96.82,TRUE
16065019,2010,2,NA,0,TRUE
16065019,2011,2,0,0,TRUE
16065019,2012,2,0,0,TRUE
16065019,2013,3,0,0,TRUE
16065019,2014,3,0,100,TRUE
16065022,2010,2,NA,0,TRUE
16065022,2011,2,0,0,TRUE
16065022,2012,2,0,0,TRUE
16065022,2013,3,0,0,TRUE
16065022,2014,3,0,100,TRUE
16065023,2010,2,NA,0,TRUE
16065023,2011,2,0,0,TRUE
16065023,2012,2,0,0,TRUE
16065023,2013,3,0,0,TRUE
16065023,2014,3,0,100,TRUE
16065031,2010,2,NA,0,TRUE
16065031,2011,2,0,0,TRUE
16065031,2012,2,0,0,TRUE
16065031,2013,3,0,0,TRUE
16065031,2014,3,0,100,TRUE
16065032,2010,2,NA,0,TRUE
16065032,2011,2,0,0,TRUE
16065032,2012,2,0,0,TRUE
16065032,2013,3,0,0,TRUE
16065032,2014,3,0,99.31,TRUE
16065033,2010,2,NA,0,TRUE
16065033,2011,2,0,0,TRUE
16065033,2012,2,0,0,TRUE
16065033,2013,3,0,0,TRUE
16065033,2014,3,0,100,TRUE
16065034,2010,2,NA,0,TRUE
16065034,2011,2,0,0,TRUE
16065034,2012,2,0,0,TRUE
16065034,2013,3,0,0,TRUE
16065034,2014,3,0,100,TRUE
16065035,2010,2,NA,0,TRUE
16065035,2011,2,0,0,TRUE
16065035,2012,2,0,0,TRUE
16065035,2013,3,0,0,TRUE
16065035,2014,3,0,100,TRUE
16065038,2010,2,NA,0,TRUE
16065038,2011,2,0,0,TRUE
16065038,2012,2,0,0,TRUE
16065038,2013,3,0,0,TRUE
16065038,2014,3,0,100,TRUE
16065039,2010,2,NA,0,TRUE
16065039,2011,2,0,0,TRUE
16065039,2012,2,0,0,TRUE
16065039,2013,3,0,0,TRUE
16065039,2014,3,0,100,TRUE
16065042,2010,2,NA,0,TRUE
16065042,2011,2,0,0,TRUE
16065042,2012,2,0,0,TRUE
16065042,2013,3,0,0,TRUE
16065042,2014,3,0,100,TRUE
16065046,2010,2,NA,0,TRUE
16065046,2011,2,0,0,TRUE
16065046,2012,2,0,0,TRUE
16065046,2013,3,0,0,TRUE
16065046,2014,3,0,78.49,TRUE
16065047,2010,2,NA,0,TRUE
16065047,2011,2,0,0,TRUE
16065047,2012,2,0,0,TRUE
16065047,2013,3,0,0,TRUE
16065047,2014,3,0,100,TRUE
16065048,2010,2,NA,0,TRUE
16065048,2011,2,0,0,TRUE
16065048,2012,2,0,0,TRUE
16065048,2013,3,0,0,TRUE
16065048,2014,3,0,81.43,TRUE
16065051,2010,2,NA,0,TRUE
16065051,2011,2,0,0,TRUE
16065051,2012,2,0,0,TRUE
16065051,2013,3,0,0,TRUE
16065051,2014,3,0,96.86,TRUE
16065052,2010,2,NA,0,TRUE
16065052,2011,2,0,0,TRUE
16065052,2012,2,0,0,TRUE
16065052,2013,3,0,0,TRUE
16065052,2014,3,0,100,TRUE
16065054,2010,2,NA,0,TRUE
16065054,2011,2,0,0,TRUE
16065054,2012,2,0,0,TRUE
16065054,2013,3,0,0,TRUE
16065054,2014,3,0,99.91,TRUE
16065056,2010,2,NA,0,TRUE
16065056,2011,2,0,0,TRUE
16065056,2012,2,0,0,TRUE
16065056,2013,3,0,0,TRUE
16065056,2014,3,0,93.86,TRUE
16065057,2010,2,NA,0,TRUE
16065057,2011,2,0,0,TRUE
16065057,2012,2,0,0,TRUE
16065057,2013,3,0,0,TRUE
16065057,2014,3,0,94.79,TRUE
16065058,2010,2,NA,0,TRUE
16065058,2011,2,0,0,TRUE
16065058,2012,2,0,0,TRUE
16065058,2013,3,0,0,TRUE
16065058,2014,3,0,100,TRUE
16065061,2010,2,NA,0,TRUE
16065061,2011,2,0,0,TRUE
16065061,2012,2,0,0,TRUE
16065061,2013,3,0,0,TRUE
16065061,2014,3,0,100,TRUE
16065067,2010,2,NA,0,TRUE
16065067,2011,2,0,0,TRUE
16065067,2012,2,0,0,TRUE
16065067,2013,3,0,0,TRUE
16065067,2014,3,0,98.9,TRUE
16065072,2010,2,NA,0,TRUE
16065072,2011,2,0,0,TRUE
16065072,2012,2,0,0,TRUE
16065072,2013,3,0,0,TRUE
16065072,2014,3,0,100,TRUE
16065074,2010,2,NA,0,TRUE
16065074,2011,2,0,0,TRUE
16065074,2012,2,0,0,TRUE
16065074,2013,3,0,0,TRUE
16065074,2014,3,0,100,TRUE
16065075,2010,2,NA,0,TRUE
16065075,2011,2,0,0,TRUE
16065075,2012,2,0,0,TRUE
16065075,2013,3,0,0,TRUE
16065075,2014,3,0,100,TRUE
16065076,2010,2,NA,0,TRUE
16065076,2011,2,0,0,TRUE
16065076,2012,2,0,0,TRUE
16065076,2013,3,0,0,TRUE
16065076,2014,3,0,98.96,TRUE
16065077,2010,2,NA,0,TRUE
16065077,2011,2,0,0,TRUE
16065077,2012,2,0,0,TRUE
16065077,2013,3,0,0,TRUE
16065077,2014,3,0,100,TRUE
16065079,2010,2,NA,0,TRUE
16065079,2011,2,0,0,TRUE
16065079,2012,2,0,0,TRUE
16065079,2013,3,0,0,TRUE
16065079,2014,3,0,100,TRUE
16065081,2010,2,NA,0,TRUE
16065081,2011,2,0,0,TRUE
16065081,2012,2,0,0,TRUE
16065081,2013,3,0,0,TRUE
16065081,2014,3,0,100,TRUE
16065082,2010,2,NA,0,TRUE
16065082,2011,2,0,0,TRUE
16065082,2012,2,0,0,TRUE
16065082,2013,3,0,0,TRUE
16065082,2014,3,0,93.94,TRUE
16065084,2010,2,NA,0,TRUE
16065084,2011,2,0,0,TRUE
16065084,2012,2,0,0,TRUE
16065084,2013,3,0,0,TRUE
16065084,2014,3,0,99.71,TRUE
16065085,2010,2,NA,0,TRUE
16065085,2011,2,0,0,TRUE
16065085,2012,2,0,0,TRUE
16065085,2013,3,0,0,TRUE
16065085,2014,3,0,99.76,TRUE
16066001,2010,2,NA,0,TRUE
16066001,2011,2,0,0,TRUE
16066001,2012,2,0,0,TRUE
16066001,2013,3,0,0,TRUE
16066001,2014,3,0,100,TRUE
16066002,2010,2,NA,0,TRUE
16066002,2011,2,0,0,TRUE
16066002,2012,2,0,0,TRUE
16066002,2013,3,0,0,TRUE
16066002,2014,3,0,100,TRUE
16066005,2010,2,NA,0,TRUE
16066005,2011,2,0,0,TRUE
16066005,2012,2,0,0,TRUE
16066005,2013,3,0,0,TRUE
16066005,2014,3,0,100,TRUE
16066006,2010,2,NA,0,TRUE
16066006,2011,2,0,0,TRUE
16066006,2012,2,0,0,TRUE
16066006,2013,3,0,0,TRUE
16066006,2014,3,0,99.91,TRUE
16066008,2010,2,NA,0,TRUE
16066008,2011,2,0,0,TRUE
16066008,2012,2,0,0,TRUE
16066008,2013,3,0,0,TRUE
16066008,2014,3,0,100,TRUE
16066012,2010,2,NA,0,TRUE
16066012,2011,2,0,0,TRUE
16066012,2012,2,0,0,TRUE
16066012,2013,3,0,0,TRUE
16066012,2014,3,0,100,TRUE
16066013,2010,2,NA,0,TRUE
16066013,2011,2,0,0,TRUE
16066013,2012,2,0,0,TRUE
16066013,2013,3,0,0,TRUE
16066013,2014,3,0,99.96,TRUE
16066015,2010,2,NA,0,TRUE
16066015,2011,2,0,0,TRUE
16066015,2012,2,0,0,TRUE
16066015,2013,3,0,0,TRUE
16066015,2014,3,0,99.67,TRUE
16066016,2010,2,NA,0,TRUE
16066016,2011,2,0,0,TRUE
16066016,2012,2,0,0,TRUE
16066016,2013,3,0,0,TRUE
16066016,2014,3,0,100,TRUE
16066017,2010,2,NA,0,TRUE
16066017,2011,2,0,0,TRUE
16066017,2012,2,0,0,TRUE
16066017,2013,3,0,0,TRUE
16066017,2014,3,0,100,TRUE
16066018,2010,2,NA,0,TRUE
16066018,2011,2,0,0,TRUE
16066018,2012,2,0,0,TRUE
16066018,2013,3,0,0,TRUE
16066018,2014,3,0,100,TRUE
16066019,2010,2,NA,0,TRUE
16066019,2011,2,0,0,TRUE
16066019,2012,2,0,0,TRUE
16066019,2013,3,0,0,TRUE
16066019,2014,3,0,100,TRUE
16066022,2010,2,NA,0,TRUE
16066022,2011,2,0,0,TRUE
16066022,2012,2,0,0,TRUE
16066022,2013,3,0,0,TRUE
16066022,2014,3,0,98.15,TRUE
16066023,2010,2,NA,0,TRUE
16066023,2011,2,0,0,TRUE
16066023,2012,2,0,0,TRUE
16066023,2013,3,0,0,TRUE
16066023,2014,3,0,99.55,TRUE
16066024,2010,2,NA,0,TRUE
16066024,2011,2,0,0,TRUE
16066024,2012,2,0,0,TRUE
16066024,2013,3,0,0,TRUE
16066024,2014,3,0,100,TRUE
16066025,2010,2,NA,0,TRUE
16066025,2011,2,0,0,TRUE
16066025,2012,2,0,0,TRUE
16066025,2013,3,0,0,TRUE
16066025,2014,3,0,98.73,TRUE
16066028,2010,2,NA,0,TRUE
16066028,2011,2,0,0,TRUE
16066028,2012,2,0,0,TRUE
16066028,2013,3,0,0,TRUE
16066028,2014,3,0,97.67,TRUE
16066033,2010,2,NA,0,TRUE
16066033,2011,2,0,0,TRUE
16066033,2012,2,0,0,TRUE
16066033,2013,3,0,0,TRUE
16066033,2014,3,0,99.45,TRUE
16066035,2010,2,NA,0,TRUE
16066035,2011,2,0,0,TRUE
16066035,2012,2,0,0,TRUE
16066035,2013,3,0,0,TRUE
16066035,2014,3,0,100,TRUE
16066036,2010,2,NA,0,TRUE
16066036,2011,2,0,0,TRUE
16066036,2012,2,0,0,TRUE
16066036,2013,3,0,0,TRUE
16066036,2014,3,0,99.53,TRUE
16066038,2010,2,NA,0,TRUE
16066038,2011,2,0,0,TRUE
16066038,2012,2,0,0,TRUE
16066038,2013,3,0,0,TRUE
16066038,2014,3,0,100,TRUE
16066039,2010,2,NA,0,TRUE
16066039,2011,2,0,0,TRUE
16066039,2012,2,0,0,TRUE
16066039,2013,3,0,0,TRUE
16066039,2014,3,0,100,TRUE
16066041,2010,2,NA,0,TRUE
16066041,2011,2,0,0,TRUE
16066041,2012,2,0,0,TRUE
16066041,2013,3,0,0,TRUE
16066041,2014,3,0,100,TRUE
16066042,2010,2,NA,0,TRUE
16066042,2011,2,0,0,TRUE
16066042,2012,2,0,0,TRUE
16066042,2013,3,0,0,TRUE
16066042,2014,3,0,99.99,TRUE
16066043,2010,2,NA,0,TRUE
16066043,2011,2,0,0,TRUE
16066043,2012,2,0,0,TRUE
16066043,2013,3,0,0,TRUE
16066043,2014,3,0,100,TRUE
16066044,2010,2,NA,0,TRUE
16066044,2011,2,0,0,TRUE
16066044,2012,2,0,0,TRUE
16066044,2013,3,0,0,TRUE
16066044,2014,3,0,100,TRUE
16066045,2010,2,NA,0,TRUE
16066045,2011,2,0,0,TRUE
16066045,2012,2,0,0,TRUE
16066045,2013,3,0,0,TRUE
16066045,2014,3,0,100,TRUE
16066047,2010,2,NA,0,TRUE
16066047,2011,2,0,0,TRUE
16066047,2012,2,0,0,TRUE
16066047,2013,3,0,0,TRUE
16066047,2014,3,0,98.47,TRUE
16066048,2010,2,NA,0,TRUE
16066048,2011,2,0,0,TRUE
16066048,2012,2,0,0,TRUE
16066048,2013,3,0,0,TRUE
16066048,2014,3,0,100,TRUE
16066049,2010,2,NA,0,TRUE
16066049,2011,2,0,0,TRUE
16066049,2012,2,0,0,TRUE
16066049,2013,3,0,0,TRUE
16066049,2014,3,0,100,TRUE
16066051,2010,2,NA,0,TRUE
16066051,2011,2,0,0,TRUE
16066051,2012,2,0,0,TRUE
16066051,2013,3,0,0,TRUE
16066051,2014,3,0,93.98,TRUE
16066052,2010,2,NA,0,TRUE
16066052,2011,2,0,0,TRUE
16066052,2012,2,0,0,TRUE
16066052,2013,3,0,0,TRUE
16066052,2014,3,0,100,TRUE
16066053,2010,2,NA,0,TRUE
16066053,2011,2,0,0,TRUE
16066053,2012,2,0,0,TRUE
16066053,2013,3,0,0,TRUE
16066053,2014,3,0,100,TRUE
16066056,2010,2,NA,0,TRUE
16066056,2011,2,0,0,TRUE
16066056,2012,2,0,0,TRUE
16066056,2013,3,0,0,TRUE
16066056,2014,3,0,100,TRUE
16066057,2010,2,NA,0,TRUE
16066057,2011,2,0,0,TRUE
16066057,2012,2,0,0,TRUE
16066057,2013,3,0,0,TRUE
16066057,2014,3,0,100,TRUE
16066058,2010,2,NA,0,TRUE
16066058,2011,2,0,0,TRUE
16066058,2012,2,0,0,TRUE
16066058,2013,3,0,0,TRUE
16066058,2014,3,0,100,TRUE
16066059,2010,2,NA,0,TRUE
16066059,2011,2,0,0,TRUE
16066059,2012,2,0,0,TRUE
16066059,2013,3,0,0,TRUE
16066059,2014,3,0,99.72,TRUE
16066061,2010,2,NA,0,TRUE
16066061,2011,2,0,0,TRUE
16066061,2012,2,0,0,TRUE
16066061,2013,3,0,0,TRUE
16066061,2014,3,0,99.71,TRUE
16066062,2010,2,NA,0,TRUE
16066062,2011,2,0,0,TRUE
16066062,2012,2,0,0,TRUE
16066062,2013,3,0,0,TRUE
16066062,2014,3,0,100,TRUE
16066063,2010,2,NA,0,TRUE
16066063,2011,2,0,0,TRUE
16066063,2012,2,0,0,TRUE
16066063,2013,3,0,0,TRUE
16066063,2014,3,0,98.29,TRUE
16066064,2010,2,NA,0,TRUE
16066064,2011,2,0,0,TRUE
16066064,2012,2,0,0,TRUE
16066064,2013,3,0,0,TRUE
16066064,2014,3,0,99.44,TRUE
16066065,2010,2,NA,0,TRUE
16066065,2011,2,0,0,TRUE
16066065,2012,2,0,0,TRUE
16066065,2013,3,0,0,TRUE
16066065,2014,3,0,100,TRUE
16066067,2010,2,NA,0,TRUE
16066067,2011,2,0,0,TRUE
16066067,2012,2,0,0,TRUE
16066067,2013,3,0,0,TRUE
16066067,2014,3,0,100,TRUE
16066069,2010,2,NA,0,TRUE
16066069,2011,2,0,0,TRUE
16066069,2012,2,0,0,TRUE
16066069,2013,3,0,0,TRUE
16066069,2014,3,0,100,TRUE
16066071,2010,2,NA,0,TRUE
16066071,2011,2,0,0,TRUE
16066071,2012,2,0,0,TRUE
16066071,2013,3,0,0,TRUE
16066071,2014,3,0,98.71,TRUE
16066073,2010,2,NA,0,TRUE
16066073,2011,2,0,0,TRUE
16066073,2012,2,0,0,TRUE
16066073,2013,3,0,0,TRUE
16066073,2014,3,0,99.27,TRUE
16066074,2010,2,NA,0,TRUE
16066074,2011,2,0,0,TRUE
16066074,2012,2,0,0,TRUE
16066074,2013,3,0,0,TRUE
16066074,2014,3,0,99.75,TRUE
16066075,2010,2,NA,0,TRUE
16066075,2011,2,0,0,TRUE
16066075,2012,2,0,0,TRUE
16066075,2013,3,0,0,TRUE
16066075,2014,3,0,98.99,TRUE
16066076,2010,2,NA,0,TRUE
16066076,2011,2,0,0,TRUE
16066076,2012,2,0,0,TRUE
16066076,2013,3,0,0,TRUE
16066076,2014,3,0,100,TRUE
16066077,2010,2,NA,0,TRUE
16066077,2011,2,0,0,TRUE
16066077,2012,2,0,0,TRUE
16066077,2013,3,0,0,TRUE
16066077,2014,3,0,100,TRUE
16066078,2010,2,NA,0,TRUE
16066078,2011,2,0,0,TRUE
16066078,2012,2,0,0,TRUE
16066078,2013,3,0,0,TRUE
16066078,2014,3,0,99.06,TRUE
16066079,2010,2,NA,0,TRUE
16066079,2011,2,0,0,TRUE
16066079,2012,2,0,0,TRUE
16066079,2013,3,0,0,TRUE
16066079,2014,3,0,100,TRUE
16066081,2010,2,NA,0,TRUE
16066081,2011,2,0,0,TRUE
16066081,2012,2,0,0,TRUE
16066081,2013,3,0,0,TRUE
16066081,2014,3,0,100,TRUE
16066082,2010,2,NA,0,TRUE
16066082,2011,2,0,0,TRUE
16066082,2012,2,0,0,TRUE
16066082,2013,3,0,0,TRUE
16066082,2014,3,0,100,TRUE
16066083,2010,2,NA,0,TRUE
16066083,2011,2,0,0,TRUE
16066083,2012,2,0,0,TRUE
16066083,2013,3,0,0,TRUE
16066083,2014,3,0,100,TRUE
16066084,2010,2,NA,0,TRUE
16066084,2011,2,0,0,TRUE
16066084,2012,2,0,0,TRUE
16066084,2013,3,0,0,TRUE
16066084,2014,3,0,100,TRUE
16066085,2010,2,NA,0,TRUE
16066085,2011,2,0,0,TRUE
16066085,2012,2,0,0,TRUE
16066085,2013,3,0,0,TRUE
16066085,2014,3,0,100,TRUE
16066086,2010,2,NA,0,TRUE
16066086,2011,2,0,0,TRUE
16066086,2012,2,0,0,TRUE
16066086,2013,3,0,0,TRUE
16066086,2014,3,0,99.94,TRUE
16066088,2010,2,NA,0,TRUE
16066088,2011,2,0,0,TRUE
16066088,2012,2,0,0,TRUE
16066088,2013,3,0,0,TRUE
16066088,2014,3,0,100,TRUE
16066092,2010,2,NA,0,TRUE
16066092,2011,2,0,0,TRUE
16066092,2012,2,0,0,TRUE
16066092,2013,3,0,0,TRUE
16066092,2014,3,0,99.95,TRUE
16066093,2010,2,NA,0,TRUE
16066093,2011,2,0,0,TRUE
16066093,2012,2,0,0,TRUE
16066093,2013,3,0,0,TRUE
16066093,2014,3,0,98.58,TRUE
16066094,2010,2,NA,0,TRUE
16066094,2011,2,0,0,TRUE
16066094,2012,2,0,0,TRUE
16066094,2013,3,0,0,TRUE
16066094,2014,3,0,100,TRUE
16067003,2010,2,NA,0,TRUE
16067003,2011,2,0,0,TRUE
16067003,2012,2,0,0,TRUE
16067003,2013,3,0,0,TRUE
16067003,2014,3,0,66.67,TRUE
16067004,2010,2,NA,0,TRUE
16067004,2011,2,0,0,TRUE
16067004,2012,2,0,0,TRUE
16067004,2013,3,0,0,TRUE
16067004,2014,3,0,100,TRUE
16067005,2010,2,NA,0,TRUE
16067005,2011,2,0,0,TRUE
16067005,2012,2,0,0,TRUE
16067005,2013,3,0,0,TRUE
16067005,2014,3,0,100,TRUE
16067006,2010,2,NA,0,TRUE
16067006,2011,2,0,0,TRUE
16067006,2012,2,0,0,TRUE
16067006,2013,3,0,0,TRUE
16067006,2014,3,0,100,TRUE
16067008,2010,2,NA,0,TRUE
16067008,2011,2,0,0,TRUE
16067008,2012,2,0,0,TRUE
16067008,2013,3,0,0,TRUE
16067008,2014,3,0,100,TRUE
16067009,2010,2,NA,0,TRUE
16067009,2011,2,0,0,TRUE
16067009,2012,2,0,0,TRUE
16067009,2013,3,0,0,TRUE
16067009,2014,3,0,100,TRUE
16067011,2010,2,NA,0,TRUE
16067011,2011,2,0,0,TRUE
16067011,2012,2,0,0,TRUE
16067011,2013,3,0,0,TRUE
16067011,2014,3,0,100,TRUE
16067013,2010,2,NA,0,TRUE
16067013,2011,2,0,0,TRUE
16067013,2012,2,0,0,TRUE
16067013,2013,3,0,0,TRUE
16067013,2014,3,0,100,TRUE
16067016,2010,2,NA,0,TRUE
16067016,2011,2,0,0,TRUE
16067016,2012,2,0,0,TRUE
16067016,2013,3,0,0,TRUE
16067016,2014,3,0,99.41,TRUE
16067019,2010,2,NA,0,TRUE
16067019,2011,2,0,0,TRUE
16067019,2012,2,0,0,TRUE
16067019,2013,3,0,0,TRUE
16067019,2014,3,0,99.95,TRUE
16067021,2010,2,NA,0,TRUE
16067021,2011,2,0,0,TRUE
16067021,2012,2,0,0,TRUE
16067021,2013,3,0,0,TRUE
16067021,2014,3,0,100,TRUE
16067022,2010,2,NA,0,TRUE
16067022,2011,2,0,0,TRUE
16067022,2012,2,0,0,TRUE
16067022,2013,3,0,0,TRUE
16067022,2014,3,0,99.42,TRUE
16067025,2010,2,NA,0,TRUE
16067025,2011,2,0,0,TRUE
16067025,2012,2,0,0,TRUE
16067025,2013,3,0,0,TRUE
16067025,2014,3,0,95.73,TRUE
16067026,2010,2,NA,0,TRUE
16067026,2011,2,0,0,TRUE
16067026,2012,2,0,0,TRUE
16067026,2013,3,0,0,TRUE
16067026,2014,3,0,100,TRUE
16067027,2010,2,NA,0,TRUE
16067027,2011,2,0,0,TRUE
16067027,2012,2,0,0,TRUE
16067027,2013,3,0,0,TRUE
16067027,2014,3,0,100,TRUE
16067029,2010,2,NA,0,TRUE
16067029,2011,2,0,0,TRUE
16067029,2012,2,0,0,TRUE
16067029,2013,3,0,0,TRUE
16067029,2014,3,0,99.95,TRUE
16067032,2010,2,NA,0,TRUE
16067032,2011,2,0,0,TRUE
16067032,2012,2,0,0,TRUE
16067032,2013,3,0,0,TRUE
16067032,2014,3,0,99.24,TRUE
16067033,2010,2,NA,0,TRUE
16067033,2011,2,0,0,TRUE
16067033,2012,2,0,0,TRUE
16067033,2013,3,0,0,TRUE
16067033,2014,3,0,100,TRUE
16067035,2010,2,NA,0,TRUE
16067035,2011,2,0,0,TRUE
16067035,2012,2,0,0,TRUE
16067035,2013,3,0,0,TRUE
16067035,2014,3,0,100,TRUE
16067036,2010,2,NA,0,TRUE
16067036,2011,2,0,0,TRUE
16067036,2012,2,0,0,TRUE
16067036,2013,3,0,0,TRUE
16067036,2014,3,0,100,TRUE
16067037,2010,2,NA,0,TRUE
16067037,2011,2,0,0,TRUE
16067037,2012,2,0,0,TRUE
16067037,2013,3,0,0,TRUE
16067037,2014,3,0,98.2,TRUE
16067039,2010,2,NA,0,TRUE
16067039,2011,2,0,0,TRUE
16067039,2012,2,0,0,TRUE
16067039,2013,3,0,0,TRUE
16067039,2014,3,0,100,TRUE
16067044,2010,2,NA,0,TRUE
16067044,2011,2,0,0,TRUE
16067044,2012,2,0,0,TRUE
16067044,2013,3,0,0,TRUE
16067044,2014,3,0,99.84,TRUE
16067047,2010,2,NA,0,TRUE
16067047,2011,2,0,0,TRUE
16067047,2012,2,0,0,TRUE
16067047,2013,3,0,0,TRUE
16067047,2014,3,0,100,TRUE
16067052,2010,2,NA,0,TRUE
16067052,2011,2,0,0,TRUE
16067052,2012,2,0,0,TRUE
16067052,2013,3,0,0,TRUE
16067052,2014,3,0,98.49,TRUE
16067053,2010,2,NA,0,TRUE
16067053,2011,2,0,0,TRUE
16067053,2012,2,0,0,TRUE
16067053,2013,3,0,0,TRUE
16067053,2014,3,0,100,TRUE
16067054,2010,2,NA,0,TRUE
16067054,2011,2,0,0,TRUE
16067054,2012,2,0,0,TRUE
16067054,2013,3,0,0,TRUE
16067054,2014,3,0,100,TRUE
16067055,2010,2,NA,0,TRUE
16067055,2011,2,0,0,TRUE
16067055,2012,2,0,0,TRUE
16067055,2013,3,0,0,TRUE
16067055,2014,3,0,100,TRUE
16067056,2010,2,NA,0,TRUE
16067056,2011,2,0,0,TRUE
16067056,2012,2,0,0,TRUE
16067056,2013,3,0,0,TRUE
16067056,2014,3,0,100,TRUE
16067059,2010,2,NA,0,TRUE
16067059,2011,2,0,0,TRUE
16067059,2012,2,0,0,TRUE
16067059,2013,3,0,0,TRUE
16067059,2014,3,0,99.7,TRUE
16067063,2010,2,NA,0,TRUE
16067063,2011,2,0,0,TRUE
16067063,2012,2,0,0,TRUE
16067063,2013,3,0,0,TRUE
16067063,2014,3,0,100,TRUE
16067064,2010,2,NA,0,TRUE
16067064,2011,2,0,0,TRUE
16067064,2012,2,0,0,TRUE
16067064,2013,3,0,0,TRUE
16067064,2014,3,0,99.9,TRUE
16067065,2010,2,NA,0,TRUE
16067065,2011,2,0,0,TRUE
16067065,2012,2,0,0,TRUE
16067065,2013,3,0,0,TRUE
16067065,2014,3,0,99.95,TRUE
16067067,2010,2,NA,0,TRUE
16067067,2011,2,0,0,TRUE
16067067,2012,2,0,0,TRUE
16067067,2013,3,0,0,TRUE
16067067,2014,3,0,100,TRUE
16067068,2010,2,NA,0,TRUE
16067068,2011,2,0,0,TRUE
16067068,2012,2,0,0,TRUE
16067068,2013,3,0,0,TRUE
16067068,2014,3,0,100,TRUE
16067071,2010,2,NA,0,TRUE
16067071,2011,2,0,0,TRUE
16067071,2012,2,0,0,TRUE
16067071,2013,3,0,0,TRUE
16067071,2014,3,0,100,TRUE
16067072,2010,2,NA,0,TRUE
16067072,2011,2,0,0,TRUE
16067072,2012,2,0,0,TRUE
16067072,2013,3,0,0,TRUE
16067072,2014,3,0,99.82,TRUE
16067074,2010,2,NA,0,TRUE
16067074,2011,2,0,0,TRUE
16067074,2012,2,0,0,TRUE
16067074,2013,3,0,0,TRUE
16067074,2014,3,0,100,TRUE
16067075,2010,2,NA,0,TRUE
16067075,2011,2,0,0,TRUE
16067075,2012,2,0,0,TRUE
16067075,2013,3,0,0,TRUE
16067075,2014,3,0,100,TRUE
16067078,2010,2,NA,0,TRUE
16067078,2011,2,0,0,TRUE
16067078,2012,2,0,0,TRUE
16067078,2013,3,0,0,TRUE
16067078,2014,3,0,100,TRUE
16067081,2010,2,NA,0,TRUE
16067081,2011,2,0,0,TRUE
16067081,2012,2,0,0,TRUE
16067081,2013,3,0,0,TRUE
16067081,2014,3,0,100,TRUE
16067082,2010,2,NA,0,TRUE
16067082,2011,2,0,0,TRUE
16067082,2012,2,0,0,TRUE
16067082,2013,3,0,0,TRUE
16067082,2014,3,0,100,TRUE
16067083,2010,2,NA,0,TRUE
16067083,2011,2,0,0,TRUE
16067083,2012,2,0,0,TRUE
16067083,2013,3,0,0,TRUE
16067083,2014,3,0,99.87,TRUE
16067085,2010,2,NA,0,TRUE
16067085,2011,2,0,0,TRUE
16067085,2012,2,0,0,TRUE
16067085,2013,3,0,0,TRUE
16067085,2014,3,0,100,TRUE
16067086,2010,2,NA,0,TRUE
16067086,2011,2,0,0,TRUE
16067086,2012,2,0,0,TRUE
16067086,2013,3,0,0,TRUE
16067086,2014,3,0,96.46,TRUE
16067087,2010,2,NA,0,TRUE
16067087,2011,2,0,0,TRUE
16067087,2012,2,0,0,TRUE
16067087,2013,3,0,0,TRUE
16067087,2014,3,0,100,TRUE
16067088,2010,2,NA,0,TRUE
16067088,2011,2,0,0,TRUE
16067088,2012,2,0,0,TRUE
16067088,2013,3,0,0,TRUE
16067088,2014,3,0,100,TRUE
16068001,2010,2,NA,0,TRUE
16068001,2011,2,0,0,TRUE
16068001,2012,2,0,0,TRUE
16068001,2013,3,0,0,TRUE
16068001,2014,3,0,100,TRUE
16068002,2010,2,NA,0,TRUE
16068002,2011,2,0,0,TRUE
16068002,2012,2,0,0,TRUE
16068002,2013,3,0,0,TRUE
16068002,2014,3,0,100,TRUE
16068003,2010,2,NA,0,TRUE
16068003,2011,2,0,0,TRUE
16068003,2012,2,0,0,TRUE
16068003,2013,3,0,0,TRUE
16068003,2014,3,0,51.15,TRUE
16068004,2010,2,NA,0,TRUE
16068004,2011,2,0,0,TRUE
16068004,2012,2,0,0,TRUE
16068004,2013,3,0,0,TRUE
16068004,2014,3,0,100,TRUE
16068005,2010,2,NA,0,TRUE
16068005,2011,2,0,0,TRUE
16068005,2012,2,0,0,TRUE
16068005,2013,3,0,0,TRUE
16068005,2014,3,0,100,TRUE
16068006,2010,2,NA,0,TRUE
16068006,2011,2,0,0,TRUE
16068006,2012,2,0,0,TRUE
16068006,2013,3,0,0,TRUE
16068006,2014,3,0,100,TRUE
16068007,2010,2,NA,0,TRUE
16068007,2011,2,0,0,TRUE
16068007,2012,2,0,0,TRUE
16068007,2013,3,0,0,TRUE
16068007,2014,3,0,100,TRUE
16068008,2010,2,NA,0,TRUE
16068008,2011,2,0,0,TRUE
16068008,2012,2,0,0,TRUE
16068008,2013,3,0,0,TRUE
16068008,2014,3,0,100,TRUE
16068009,2010,2,NA,0,TRUE
16068009,2011,2,0,0,TRUE
16068009,2012,2,0,0,TRUE
16068009,2013,3,0,0,TRUE
16068009,2014,3,0,100,TRUE
16068011,2010,2,NA,0,TRUE
16068011,2011,2,0,0,TRUE
16068011,2012,2,0,0,TRUE
16068011,2013,3,0,0,TRUE
16068011,2014,3,0,67.78,TRUE
16068012,2010,2,NA,0,TRUE
16068012,2011,2,0,0,TRUE
16068012,2012,2,0,0,TRUE
16068012,2013,3,0,0,TRUE
16068012,2014,3,0,100,TRUE
16068013,2010,2,NA,0,TRUE
16068013,2011,2,0,0,TRUE
16068013,2012,2,0,0,TRUE
16068013,2013,3,0,0,TRUE
16068013,2014,3,0,99.01,TRUE
16068014,2010,2,NA,0,TRUE
16068014,2011,2,0,0,TRUE
16068014,2012,2,0,0,TRUE
16068014,2013,3,0,0,TRUE
16068014,2014,3,0,100,TRUE
16068015,2010,2,NA,0,TRUE
16068015,2011,2,0,0,TRUE
16068015,2012,2,0,0,TRUE
16068015,2013,3,0,0,TRUE
16068015,2014,3,0,100,TRUE
16068016,2010,2,NA,0,TRUE
16068016,2011,2,0,0,TRUE
16068016,2012,2,0,0,TRUE
16068016,2013,3,0,0,TRUE
16068016,2014,3,0,100,TRUE
16068017,2010,2,NA,0,TRUE
16068017,2011,2,0,0,TRUE
16068017,2012,2,0,0,TRUE
16068017,2013,3,0,0,TRUE
16068017,2014,3,0,91.53,TRUE
16068019,2010,2,NA,0,TRUE
16068019,2011,2,0,0,TRUE
16068019,2012,2,0,0,TRUE
16068019,2013,3,0,0,TRUE
16068019,2014,3,0,100,TRUE
16068021,2010,2,NA,0,TRUE
16068021,2011,2,0,0,TRUE
16068021,2012,2,0,0,TRUE
16068021,2013,3,0,0,TRUE
16068021,2014,3,0,95.85,TRUE
16068022,2010,2,NA,0,TRUE
16068022,2011,2,0,0,TRUE
16068022,2012,2,0,0,TRUE
16068022,2013,3,0,0,TRUE
16068022,2014,3,0,100,TRUE
16068023,2010,2,NA,0,TRUE
16068023,2011,2,0,0,TRUE
16068023,2012,2,0,0,TRUE
16068023,2013,3,0,0,TRUE
16068023,2014,3,0,100,TRUE
16068024,2010,2,NA,0,TRUE
16068024,2011,2,0,0,TRUE
16068024,2012,2,0,0,TRUE
16068024,2013,3,0,0,TRUE
16068024,2014,3,0,100,TRUE
16068025,2010,2,NA,0,TRUE
16068025,2011,2,0,0,TRUE
16068025,2012,2,0,0,TRUE
16068025,2013,3,0,0,TRUE
16068025,2014,3,0,76.51,TRUE
16068026,2010,2,NA,0,TRUE
16068026,2011,2,0,0,TRUE
16068026,2012,2,0,0,TRUE
16068026,2013,3,0,0,TRUE
16068026,2014,3,0,100,TRUE
16068027,2010,2,NA,0,TRUE
16068027,2011,2,0,0,TRUE
16068027,2012,2,0,0,TRUE
16068027,2013,3,0,0,TRUE
16068027,2014,3,0,100,TRUE
16068028,2010,2,NA,0,TRUE
16068028,2011,2,0,0,TRUE
16068028,2012,2,0,0,TRUE
16068028,2013,3,0,0,TRUE
16068028,2014,3,0,100,TRUE
16068029,2010,2,NA,0,TRUE
16068029,2011,2,0,0,TRUE
16068029,2012,2,0,0,TRUE
16068029,2013,3,0,0,TRUE
16068029,2014,3,0,100,TRUE
16068031,2010,2,NA,0,TRUE
16068031,2011,2,0,0,TRUE
16068031,2012,2,0,0,TRUE
16068031,2013,3,0,0,TRUE
16068031,2014,3,0,100,TRUE
16068032,2010,2,NA,0,TRUE
16068032,2011,2,0,0,TRUE
16068032,2012,2,0,0,TRUE
16068032,2013,3,0,0,TRUE
16068032,2014,3,0,89.7,TRUE
16068033,2010,2,NA,0,TRUE
16068033,2011,2,0,0,TRUE
16068033,2012,2,0,0,TRUE
16068033,2013,3,0,0,TRUE
16068033,2014,3,0,100,TRUE
16068034,2010,2,NA,0,TRUE
16068034,2011,2,0,0,TRUE
16068034,2012,2,0,0,TRUE
16068034,2013,3,0,0,TRUE
16068034,2014,3,0,99.94,TRUE
16068035,2010,2,NA,0,TRUE
16068035,2011,2,0,0,TRUE
16068035,2012,2,0,0,TRUE
16068035,2013,3,0,0,TRUE
16068035,2014,3,0,100,TRUE
16068036,2010,2,NA,0,TRUE
16068036,2011,2,0,0,TRUE
16068036,2012,2,0,0,TRUE
16068036,2013,3,0,0,TRUE
16068036,2014,3,0,100,TRUE
16068037,2010,2,NA,0,TRUE
16068037,2011,2,0,0,TRUE
16068037,2012,2,0,0,TRUE
16068037,2013,3,0,0,TRUE
16068037,2014,3,0,100,TRUE
16068038,2010,2,NA,0,TRUE
16068038,2011,2,0,0,TRUE
16068038,2012,2,0,0,TRUE
16068038,2013,3,0,0,TRUE
16068038,2014,3,0,100,TRUE
16068039,2010,2,NA,0,TRUE
16068039,2011,2,0,0,TRUE
16068039,2012,2,0,0,TRUE
16068039,2013,3,0,0,TRUE
16068039,2014,3,0,66.18,TRUE
16068041,2010,2,NA,0,TRUE
16068041,2011,2,0,0,TRUE
16068041,2012,2,0,0,TRUE
16068041,2013,3,0,0,TRUE
16068041,2014,3,0,99.63,TRUE
16068042,2010,2,NA,0,TRUE
16068042,2011,2,0,0,TRUE
16068042,2012,2,0,0,TRUE
16068042,2013,3,0,0,TRUE
16068042,2014,3,0,99.6,TRUE
16068043,2010,2,NA,0,TRUE
16068043,2011,2,0,0,TRUE
16068043,2012,2,0,0,TRUE
16068043,2013,3,0,0,TRUE
16068043,2014,3,0,95.8,TRUE
16068044,2010,2,NA,0,TRUE
16068044,2011,2,0,0,TRUE
16068044,2012,2,0,0,TRUE
16068044,2013,3,0,0,TRUE
16068044,2014,3,0,41.98,TRUE
16068045,2010,2,NA,0,TRUE
16068045,2011,2,0,0,TRUE
16068045,2012,2,0,0,TRUE
16068045,2013,3,0,0,TRUE
16068045,2014,3,0,100,TRUE
16068046,2010,2,NA,0,TRUE
16068046,2011,2,0,0,TRUE
16068046,2012,2,0,0,TRUE
16068046,2013,3,0,0,TRUE
16068046,2014,3,0,100,TRUE
16068047,2010,2,NA,0,TRUE
16068047,2011,2,0,0,TRUE
16068047,2012,2,0,0,TRUE
16068047,2013,3,0,0,TRUE
16068047,2014,3,0,100,TRUE
16068048,2010,2,NA,0,TRUE
16068048,2011,2,0,0,TRUE
16068048,2012,2,0,0,TRUE
16068048,2013,3,0,0,TRUE
16068048,2014,3,0,99.84,TRUE
16068049,2010,2,NA,0,TRUE
16068049,2011,2,0,0,TRUE
16068049,2012,2,0,0,TRUE
16068049,2013,3,0,0,TRUE
16068049,2014,3,0,100,TRUE
16068051,2010,2,NA,0,TRUE
16068051,2011,2,0,0,TRUE
16068051,2012,2,0,0,TRUE
16068051,2013,3,0,0,TRUE
16068051,2014,3,0,99.9,TRUE
16068052,2010,2,NA,0,TRUE
16068052,2011,2,0,0,TRUE
16068052,2012,2,0,0,TRUE
16068052,2013,3,0,0,TRUE
16068052,2014,3,0,82.32,TRUE
16068053,2010,2,NA,0,TRUE
16068053,2011,2,0,0,TRUE
16068053,2012,2,0,0,TRUE
16068053,2013,3,0,0,TRUE
16068053,2014,3,0,100,TRUE
16068055,2010,2,NA,0,TRUE
16068055,2011,2,0,0,TRUE
16068055,2012,2,0,0,TRUE
16068055,2013,3,0,0,TRUE
16068055,2014,3,0,100,TRUE
16068056,2010,2,NA,0,TRUE
16068056,2011,2,0,0,TRUE
16068056,2012,2,0,0,TRUE
16068056,2013,3,0,0,TRUE
16068056,2014,3,0,100,TRUE
16068057,2010,2,NA,0,TRUE
16068057,2011,2,0,0,TRUE
16068057,2012,2,0,0,TRUE
16068057,2013,3,0,0,TRUE
16068057,2014,3,0,100,TRUE
16068058,2010,2,NA,0,TRUE
16068058,2011,2,0,0,TRUE
16068058,2012,2,0,0,TRUE
16068058,2013,3,0,0,TRUE
16068058,2014,3,0,99.94,TRUE
16068059,2010,2,NA,0,TRUE
16068059,2011,2,0,0,TRUE
16068059,2012,2,0,0,TRUE
16068059,2013,3,0,0,TRUE
16068059,2014,3,0,99.33,TRUE
16068061,2010,2,NA,0,TRUE
16068061,2011,2,0,0,TRUE
16068061,2012,2,0,0,TRUE
16068061,2013,3,0,0,TRUE
16068061,2014,3,0,99.21,TRUE
16068062,2010,2,NA,0,TRUE
16068062,2011,2,0,0,TRUE
16068062,2012,2,0,0,TRUE
16068062,2013,3,0,0,TRUE
16068062,2014,3,0,100,TRUE
16069001,2010,2,NA,0,TRUE
16069001,2011,2,0,0,TRUE
16069001,2012,2,0,0,TRUE
16069001,2013,3,0,0,TRUE
16069001,2014,3,0,66.13,TRUE
16069002,2010,2,NA,0,TRUE
16069002,2011,2,0,0,TRUE
16069002,2012,2,0,0,TRUE
16069002,2013,3,0,0,TRUE
16069002,2014,3,0,93.9,TRUE
16069003,2010,2,NA,0,TRUE
16069003,2011,2,0,0,TRUE
16069003,2012,2,0,0,TRUE
16069003,2013,3,0,0,TRUE
16069003,2014,3,0,100,TRUE
16069004,2010,2,NA,0,TRUE
16069004,2011,2,0,0,TRUE
16069004,2012,2,0,0,TRUE
16069004,2013,3,0,0,TRUE
16069004,2014,3,0,92.86,TRUE
16069006,2010,2,NA,0,TRUE
16069006,2011,2,0,0,TRUE
16069006,2012,2,0,0,TRUE
16069006,2013,3,0,0,TRUE
16069006,2014,3,0,100,TRUE
16069008,2010,2,NA,0,TRUE
16069008,2011,2,0,0,TRUE
16069008,2012,2,0,0,TRUE
16069008,2013,3,0,0,TRUE
16069008,2014,3,0,100,TRUE
16069009,2010,2,NA,0,TRUE
16069009,2011,2,0,0,TRUE
16069009,2012,2,0,0,TRUE
16069009,2013,3,0,0,TRUE
16069009,2014,3,0,100,TRUE
16069011,2010,2,NA,0,TRUE
16069011,2011,2,0,0,TRUE
16069011,2012,2,0,0,TRUE
16069011,2013,3,0,0,TRUE
16069011,2014,3,0,100,TRUE
16069012,2010,2,NA,0,TRUE
16069012,2011,2,0,0,TRUE
16069012,2012,2,0,0,TRUE
16069012,2013,3,0,0,TRUE
16069012,2014,3,0,99.68,TRUE
16069015,2010,2,NA,0,TRUE
16069015,2011,2,0,0,TRUE
16069015,2012,2,0,0,TRUE
16069015,2013,3,0,0,TRUE
16069015,2014,3,0,100,TRUE
16069016,2010,2,NA,0,TRUE
16069016,2011,2,0,0,TRUE
16069016,2012,2,0,0,TRUE
16069016,2013,3,0,0,TRUE
16069016,2014,3,0,100,TRUE
16069017,2010,2,NA,0,TRUE
16069017,2011,2,0,0,TRUE
16069017,2012,2,0,0,TRUE
16069017,2013,3,0,0,TRUE
16069017,2014,3,0,90.63,TRUE
16069019,2010,2,NA,0,TRUE
16069019,2011,2,0,0,TRUE
16069019,2012,2,0,0,TRUE
16069019,2013,3,0,0,TRUE
16069019,2014,3,0,98.2,TRUE
16069021,2010,2,NA,0,TRUE
16069021,2011,2,0,0,TRUE
16069021,2012,2,0,0,TRUE
16069021,2013,3,0,0,TRUE
16069021,2014,3,0,100,TRUE
16069024,2010,2,NA,0,TRUE
16069024,2011,2,0,0,TRUE
16069024,2012,2,0,0,TRUE
16069024,2013,3,0,0,TRUE
16069024,2014,3,0,98.12,TRUE
16069025,2010,2,NA,0,TRUE
16069025,2011,2,0,0,TRUE
16069025,2012,2,0,0,TRUE
16069025,2013,3,0,0,TRUE
16069025,2014,3,0,97.47,TRUE
16069026,2010,2,NA,0,TRUE
16069026,2011,2,0,0,TRUE
16069026,2012,2,0,0,TRUE
16069026,2013,3,0,0,TRUE
16069026,2014,3,0,100,TRUE
16069028,2010,2,NA,0,TRUE
16069028,2011,2,0,0,TRUE
16069028,2012,2,0,0,TRUE
16069028,2013,3,0,0,TRUE
16069028,2014,3,0,99.55,TRUE
16069035,2010,2,NA,0,TRUE
16069035,2011,2,0,0,TRUE
16069035,2012,2,0,0,TRUE
16069035,2013,3,0,0,TRUE
16069035,2014,3,0,98.91,TRUE
16069037,2010,2,NA,0,TRUE
16069037,2011,2,0,0,TRUE
16069037,2012,2,0,0,TRUE
16069037,2013,3,0,0,TRUE
16069037,2014,3,0,98.82,TRUE
16069039,2010,2,NA,0,TRUE
16069039,2011,2,0,0,TRUE
16069039,2012,2,0,0,TRUE
16069039,2013,3,0,0,TRUE
16069039,2014,3,0,96.38,TRUE
16069041,2010,2,NA,0,TRUE
16069041,2011,2,0,0,TRUE
16069041,2012,2,0,0,TRUE
16069041,2013,3,0,0,TRUE
16069041,2014,3,0,94.52,TRUE
16069042,2010,2,NA,0,TRUE
16069042,2011,2,0,0,TRUE
16069042,2012,2,0,0,TRUE
16069042,2013,3,0,0,TRUE
16069042,2014,3,0,88.39,TRUE
16069043,2010,2,NA,0,TRUE
16069043,2011,2,0,0,TRUE
16069043,2012,2,0,0,TRUE
16069043,2013,3,0,0,TRUE
16069043,2014,3,0,99.81,TRUE
16069044,2010,2,NA,0,TRUE
16069044,2011,2,0,0,TRUE
16069044,2012,2,0,0,TRUE
16069044,2013,3,0,0,TRUE
16069044,2014,3,0,99.34,TRUE
16069046,2010,2,NA,0,TRUE
16069046,2011,2,0,0,TRUE
16069046,2012,2,0,0,TRUE
16069046,2013,3,0,0,TRUE
16069046,2014,3,0,100,TRUE
16069047,2010,2,NA,0,TRUE
16069047,2011,2,0,0,TRUE
16069047,2012,2,0,0,TRUE
16069047,2013,3,0,0,TRUE
16069047,2014,3,0,100,TRUE
16069048,2010,2,NA,0,TRUE
16069048,2011,2,0,0,TRUE
16069048,2012,2,0,0,TRUE
16069048,2013,3,0,0,TRUE
16069048,2014,3,0,99.79,TRUE
16069049,2010,2,NA,0,TRUE
16069049,2011,2,0,0,TRUE
16069049,2012,2,0,0,TRUE
16069049,2013,3,0,0,TRUE
16069049,2014,3,0,99.93,TRUE
16069051,2010,2,NA,0,TRUE
16069051,2011,2,0,0,TRUE
16069051,2012,2,0,0,TRUE
16069051,2013,3,0,0,TRUE
16069051,2014,3,0,99.3,TRUE
16069052,2010,2,NA,0,TRUE
16069052,2011,2,0,0,TRUE
16069052,2012,2,0,0,TRUE
16069052,2013,3,0,0,TRUE
16069052,2014,3,0,100,TRUE
16069053,2010,2,NA,0,TRUE
16069053,2011,2,0,0,TRUE
16069053,2012,2,0,0,TRUE
16069053,2013,3,0,0,TRUE
16069053,2014,3,0,99.11,TRUE
16069056,2010,2,NA,0,TRUE
16069056,2011,2,0,0,TRUE
16069056,2012,2,0,0,TRUE
16069056,2013,3,0,0,TRUE
16069056,2014,3,0,97.55,TRUE
16069058,2010,2,NA,0,TRUE
16069058,2011,2,0,0,TRUE
16069058,2012,2,0,0,TRUE
16069058,2013,3,0,0,TRUE
16069058,2014,3,0,100,TRUE
16069059,2010,2,NA,0,TRUE
16069059,2011,2,0,0,TRUE
16069059,2012,2,0,0,TRUE
16069059,2013,3,0,0,TRUE
16069059,2014,3,0,98.63,TRUE
16069061,2010,2,NA,0,TRUE
16069061,2011,2,0,0,TRUE
16069061,2012,2,0,0,TRUE
16069061,2013,3,0,0,TRUE
16069061,2014,3,0,74.24,TRUE
16069062,2010,2,NA,0,TRUE
16069062,2011,2,0,0,TRUE
16069062,2012,2,0,0,TRUE
16069062,2013,3,0,0,TRUE
16069062,2014,3,0,100,TRUE
16070001,2010,2,NA,0,TRUE
16070001,2011,2,0,0,TRUE
16070001,2012,2,0,0,TRUE
16070001,2013,3,0,0,TRUE
16070001,2014,3,0,100,TRUE
16070002,2010,2,NA,0,TRUE
16070002,2011,2,0,0,TRUE
16070002,2012,2,0,0,TRUE
16070002,2013,3,0,0,TRUE
16070002,2014,3,0,100,TRUE
16070003,2010,2,NA,0,TRUE
16070003,2011,2,0,0,TRUE
16070003,2012,2,0,0,TRUE
16070003,2013,3,0,0,TRUE
16070003,2014,3,0,100,TRUE
16070004,2010,2,NA,0,TRUE
16070004,2011,2,0,0,TRUE
16070004,2012,2,0,0,TRUE
16070004,2013,3,0,0,TRUE
16070004,2014,3,0,99.97,TRUE
16070005,2010,2,NA,0,TRUE
16070005,2011,2,0,0,TRUE
16070005,2012,2,0,0,TRUE
16070005,2013,3,0,0,TRUE
16070005,2014,3,0,100,TRUE
16070006,2010,2,NA,0,TRUE
16070006,2011,2,0,0,TRUE
16070006,2012,2,0,0,TRUE
16070006,2013,3,0,0,TRUE
16070006,2014,3,0,100,TRUE
16070008,2010,2,NA,0,TRUE
16070008,2011,2,0,0,TRUE
16070008,2012,2,0,0,TRUE
16070008,2013,3,0,0,TRUE
16070008,2014,3,0,100,TRUE
16070011,2010,2,NA,0,TRUE
16070011,2011,2,0,0,TRUE
16070011,2012,2,0,0,TRUE
16070011,2013,3,0,0,TRUE
16070011,2014,3,0,100,TRUE
16070012,2010,2,NA,0,TRUE
16070012,2011,2,0,0,TRUE
16070012,2012,2,0,0,TRUE
16070012,2013,3,0,0,TRUE
16070012,2014,3,0,100,TRUE
16070013,2010,2,NA,0,TRUE
16070013,2011,2,0,0,TRUE
16070013,2012,2,0,0,TRUE
16070013,2013,3,0,0,TRUE
16070013,2014,3,0,100,TRUE
16070014,2010,2,NA,0,TRUE
16070014,2011,2,0,0,TRUE
16070014,2012,2,0,0,TRUE
16070014,2013,3,0,0,TRUE
16070014,2014,3,0,99.2,TRUE
16070015,2010,2,NA,0,TRUE
16070015,2011,2,0,0,TRUE
16070015,2012,2,0,0,TRUE
16070015,2013,3,0,0,TRUE
16070015,2014,3,0,100,TRUE
16070016,2010,2,NA,0,TRUE
16070016,2011,2,0,0,TRUE
16070016,2012,2,0,0,TRUE
16070016,2013,3,0,0,TRUE
16070016,2014,3,0,99.11,TRUE
16070017,2010,2,NA,0,TRUE
16070017,2011,2,0,0,TRUE
16070017,2012,2,0,0,TRUE
16070017,2013,3,0,0,TRUE
16070017,2014,3,0,97.99,TRUE
16070018,2010,2,NA,0,TRUE
16070018,2011,2,0,0,TRUE
16070018,2012,2,0,0,TRUE
16070018,2013,3,0,0,TRUE
16070018,2014,3,0,85.07,TRUE
16070019,2010,2,NA,0,TRUE
16070019,2011,2,0,0,TRUE
16070019,2012,2,0,0,TRUE
16070019,2013,3,0,0,TRUE
16070019,2014,3,0,98.25,TRUE
16070021,2010,2,NA,0,TRUE
16070021,2011,2,0,0,TRUE
16070021,2012,2,0,0,TRUE
16070021,2013,3,0,0,TRUE
16070021,2014,3,0,100,TRUE
16070022,2010,2,NA,0,TRUE
16070022,2011,2,0,0,TRUE
16070022,2012,2,0,0,TRUE
16070022,2013,3,0,0,TRUE
16070022,2014,3,0,99.28,TRUE
16070023,2010,2,NA,0,TRUE
16070023,2011,2,0,0,TRUE
16070023,2012,2,0,0,TRUE
16070023,2013,3,0,0,TRUE
16070023,2014,3,0,100,TRUE
16070024,2010,2,NA,0,TRUE
16070024,2011,2,0,0,TRUE
16070024,2012,2,0,0,TRUE
16070024,2013,3,0,0,TRUE
16070024,2014,3,0,99.88,TRUE
16070025,2010,2,NA,0,TRUE
16070025,2011,2,0,0,TRUE
16070025,2012,2,0,0,TRUE
16070025,2013,3,0,0,TRUE
16070025,2014,3,0,100,TRUE
16070027,2010,2,NA,0,TRUE
16070027,2011,2,0,0,TRUE
16070027,2012,2,0,0,TRUE
16070027,2013,3,0,0,TRUE
16070027,2014,3,0,99.77,TRUE
16070028,2010,2,NA,0,TRUE
16070028,2011,2,0,0,TRUE
16070028,2012,2,0,0,TRUE
16070028,2013,3,0,0,TRUE
16070028,2014,3,0,100,TRUE
16070029,2010,2,NA,0,TRUE
16070029,2011,2,0,0,TRUE
16070029,2012,2,0,0,TRUE
16070029,2013,3,0,0,TRUE
16070029,2014,3,0,99.98,TRUE
16070031,2010,2,NA,0,TRUE
16070031,2011,2,0,0,TRUE
16070031,2012,2,0,0,TRUE
16070031,2013,3,0,0,TRUE
16070031,2014,3,0,100,TRUE
16070032,2010,2,NA,0,TRUE
16070032,2011,2,0,0,TRUE
16070032,2012,2,0,0,TRUE
16070032,2013,3,0,0,TRUE
16070032,2014,3,0,98.49,TRUE
16070033,2010,2,NA,0,TRUE
16070033,2011,2,0,0,TRUE
16070033,2012,2,0,0,TRUE
16070033,2013,3,0,0,TRUE
16070033,2014,3,0,99.47,TRUE
16070034,2010,2,NA,0,TRUE
16070034,2011,2,0,0,TRUE
16070034,2012,2,0,0,TRUE
16070034,2013,3,0,0,TRUE
16070034,2014,3,0,100,TRUE
16070037,2010,2,NA,0,TRUE
16070037,2011,2,0,0,TRUE
16070037,2012,2,0,0,TRUE
16070037,2013,3,0,0,TRUE
16070037,2014,3,0,100,TRUE
16070038,2010,2,NA,0,TRUE
16070038,2011,2,0,0,TRUE
16070038,2012,2,0,0,TRUE
16070038,2013,3,0,0,TRUE
16070038,2014,3,0,99.8,TRUE
16070041,2010,2,NA,0,TRUE
16070041,2011,2,0,0,TRUE
16070041,2012,2,0,0,TRUE
16070041,2013,3,0,0,TRUE
16070041,2014,3,0,100,TRUE
16070042,2010,2,NA,0,TRUE
16070042,2011,2,0,0,TRUE
16070042,2012,2,0,0,TRUE
16070042,2013,3,0,0,TRUE
16070042,2014,3,0,100,TRUE
16070043,2010,2,NA,0,TRUE
16070043,2011,2,0,0,TRUE
16070043,2012,2,0,0,TRUE
16070043,2013,3,0,0,TRUE
16070043,2014,3,0,100,TRUE
16070044,2010,2,NA,0,TRUE
16070044,2011,2,0,0,TRUE
16070044,2012,2,0,0,TRUE
16070044,2013,3,0,0,TRUE
16070044,2014,3,0,100,TRUE
16070046,2010,2,NA,0,TRUE
16070046,2011,2,0,0,TRUE
16070046,2012,2,0,0,TRUE
16070046,2013,3,0,0,TRUE
16070046,2014,3,0,100,TRUE
16070048,2010,2,NA,0,TRUE
16070048,2011,2,0,0,TRUE
16070048,2012,2,0,0,TRUE
16070048,2013,3,0,0,TRUE
16070048,2014,3,0,100,TRUE
16070049,2010,2,NA,0,TRUE
16070049,2011,2,0,0,TRUE
16070049,2012,2,0,0,TRUE
16070049,2013,3,0,0,TRUE
16070049,2014,3,0,99.46,TRUE
16070052,2010,2,NA,0,TRUE
16070052,2011,2,0,0,TRUE
16070052,2012,2,0,0,TRUE
16070052,2013,3,0,0,TRUE
16070052,2014,3,0,100,TRUE
16070053,2010,2,NA,0,TRUE
16070053,2011,2,0,0,TRUE
16070053,2012,2,0,0,TRUE
16070053,2013,3,0,0,TRUE
16070053,2014,3,0,99.59,TRUE
16070054,2010,2,NA,0,TRUE
16070054,2011,2,0,0,TRUE
16070054,2012,2,0,0,TRUE
16070054,2013,3,0,0,TRUE
16070054,2014,3,0,98.9,TRUE
16070055,2010,2,NA,0,TRUE
16070055,2011,2,0,0,TRUE
16070055,2012,2,0,0,TRUE
16070055,2013,3,0,0,TRUE
16070055,2014,3,0,100,TRUE
16070056,2010,2,NA,0,TRUE
16070056,2011,2,0,0,TRUE
16070056,2012,2,0,0,TRUE
16070056,2013,3,0,0,TRUE
16070056,2014,3,0,98.59,TRUE
16071001,2010,2,NA,0,TRUE
16071001,2011,2,0,0,TRUE
16071001,2012,2,0,0,TRUE
16071001,2013,3,0,0,TRUE
16071001,2014,3,0,99.91,TRUE
16071003,2010,2,NA,0,TRUE
16071003,2011,2,0,0,TRUE
16071003,2012,2,0,0,TRUE
16071003,2013,3,0,0,TRUE
16071003,2014,3,0,100,TRUE
16071004,2010,2,NA,0,TRUE
16071004,2011,2,0,0,TRUE
16071004,2012,2,0,0,TRUE
16071004,2013,3,0,0,TRUE
16071004,2014,3,0,99.96,TRUE
16071005,2010,2,NA,0,TRUE
16071005,2011,2,0,0,TRUE
16071005,2012,2,0,0,TRUE
16071005,2013,3,0,0,TRUE
16071005,2014,3,0,100,TRUE
16071006,2010,2,NA,0,TRUE
16071006,2011,2,0,0,TRUE
16071006,2012,2,0,0,TRUE
16071006,2013,3,0,0,TRUE
16071006,2014,3,0,100,TRUE
16071007,2010,2,NA,0,TRUE
16071007,2011,2,0,0,TRUE
16071007,2012,2,0,0,TRUE
16071007,2013,3,0,0,TRUE
16071007,2014,3,0,100,TRUE
16071008,2010,2,NA,0,TRUE
16071008,2011,2,0,0,TRUE
16071008,2012,2,0,0,TRUE
16071008,2013,3,0,0,TRUE
16071008,2014,3,0,99.45,TRUE
16071009,2010,2,NA,0,TRUE
16071009,2011,2,0,0,TRUE
16071009,2012,2,0,0,TRUE
16071009,2013,3,0,0,TRUE
16071009,2014,3,0,100,TRUE
16071011,2010,2,NA,0,TRUE
16071011,2011,2,0,0,TRUE
16071011,2012,2,0,0,TRUE
16071011,2013,3,0,0,TRUE
16071011,2014,3,0,100,TRUE
16071012,2010,2,NA,0,TRUE
16071012,2011,2,0,0,TRUE
16071012,2012,2,0,0,TRUE
16071012,2013,3,0,0,TRUE
16071012,2014,3,0,100,TRUE
16071013,2010,2,NA,0,TRUE
16071013,2011,2,0,0,TRUE
16071013,2012,2,0,0,TRUE
16071013,2013,3,0,0,TRUE
16071013,2014,3,0,99.08,TRUE
16071015,2010,2,NA,0,TRUE
16071015,2011,2,0,0,TRUE
16071015,2012,2,0,0,TRUE
16071015,2013,3,0,0,TRUE
16071015,2014,3,0,100,TRUE
16071017,2010,2,NA,0,TRUE
16071017,2011,2,0,0,TRUE
16071017,2012,2,0,0,TRUE
16071017,2013,3,0,0,TRUE
16071017,2014,3,0,100,TRUE
16071019,2010,2,NA,0,TRUE
16071019,2011,2,0,0,TRUE
16071019,2012,2,0,0,TRUE
16071019,2013,3,0,0,TRUE
16071019,2014,3,0,98.84,TRUE
16071022,2010,2,NA,0,TRUE
16071022,2011,2,0,0,TRUE
16071022,2012,2,0,0,TRUE
16071022,2013,3,0,0,TRUE
16071022,2014,3,0,100,TRUE
16071023,2010,2,NA,0,TRUE
16071023,2011,2,0,0,TRUE
16071023,2012,2,0,0,TRUE
16071023,2013,3,0,0,TRUE
16071023,2014,3,0,100,TRUE
16071025,2010,2,NA,0,TRUE
16071025,2011,2,0,0,TRUE
16071025,2012,2,0,0,TRUE
16071025,2013,3,0,0,TRUE
16071025,2014,3,0,100,TRUE
16071027,2010,2,NA,0,TRUE
16071027,2011,2,0,0,TRUE
16071027,2012,2,0,0,TRUE
16071027,2013,3,0,0,TRUE
16071027,2014,3,0,100,TRUE
16071028,2010,2,NA,0,TRUE
16071028,2011,2,0,0,TRUE
16071028,2012,2,0,0,TRUE
16071028,2013,3,0,0,TRUE
16071028,2014,3,0,100,TRUE
16071031,2010,2,NA,0,TRUE
16071031,2011,2,0,0,TRUE
16071031,2012,2,0,0,TRUE
16071031,2013,3,0,0,TRUE
16071031,2014,3,0,100,TRUE
16071032,2010,2,NA,0,TRUE
16071032,2011,2,0,0,TRUE
16071032,2012,2,0,0,TRUE
16071032,2013,3,0,0,TRUE
16071032,2014,3,0,100,TRUE
16071034,2010,2,NA,0,TRUE
16071034,2011,2,0,0,TRUE
16071034,2012,2,0,0,TRUE
16071034,2013,3,0,0,TRUE
16071034,2014,3,0,100,TRUE
16071036,2010,2,NA,0,TRUE
16071036,2011,2,0,0,TRUE
16071036,2012,2,0,0,TRUE
16071036,2013,3,0,0,TRUE
16071036,2014,3,0,100,TRUE
16071037,2010,2,NA,0,TRUE
16071037,2011,2,0,0,TRUE
16071037,2012,2,0,0,TRUE
16071037,2013,3,0,0,TRUE
16071037,2014,3,0,100,TRUE
16071038,2010,2,NA,0,TRUE
16071038,2011,2,0,0,TRUE
16071038,2012,2,0,0,TRUE
16071038,2013,3,0,0,TRUE
16071038,2014,3,0,100,TRUE
16071039,2010,2,NA,0,TRUE
16071039,2011,2,0,0,TRUE
16071039,2012,2,0,0,TRUE
16071039,2013,3,0,0,TRUE
16071039,2014,3,0,100,TRUE
16071042,2010,2,NA,0,TRUE
16071042,2011,2,0,0,TRUE
16071042,2012,2,0,0,TRUE
16071042,2013,3,0,0,TRUE
16071042,2014,3,0,100,TRUE
16071043,2010,2,NA,0,TRUE
16071043,2011,2,0,0,TRUE
16071043,2012,2,0,0,TRUE
16071043,2013,3,0,0,TRUE
16071043,2014,3,0,100,TRUE
16071044,2010,2,NA,0,TRUE
16071044,2011,2,0,0,TRUE
16071044,2012,2,0,0,TRUE
16071044,2013,3,0,0,TRUE
16071044,2014,3,0,100,TRUE
16071046,2010,2,NA,0,TRUE
16071046,2011,2,0,0,TRUE
16071046,2012,2,0,0,TRUE
16071046,2013,3,0,0,TRUE
16071046,2014,3,0,100,TRUE
16071047,2010,2,NA,0,TRUE
16071047,2011,2,0,0,TRUE
16071047,2012,2,0,0,TRUE
16071047,2013,3,0,0,TRUE
16071047,2014,3,0,99.58,TRUE
16071048,2010,2,NA,0,TRUE
16071048,2011,2,0,0,TRUE
16071048,2012,2,0,0,TRUE
16071048,2013,3,0,0,TRUE
16071048,2014,3,0,100,TRUE
16071049,2010,2,NA,0,TRUE
16071049,2011,2,0,0,TRUE
16071049,2012,2,0,0,TRUE
16071049,2013,3,0,0,TRUE
16071049,2014,3,0,98.75,TRUE
16071051,2010,2,NA,0,TRUE
16071051,2011,2,0,0,TRUE
16071051,2012,2,0,0,TRUE
16071051,2013,3,0,0,TRUE
16071051,2014,3,0,100,TRUE
16071053,2010,2,NA,0,TRUE
16071053,2011,2,0,0,TRUE
16071053,2012,2,0,0,TRUE
16071053,2013,3,0,0,TRUE
16071053,2014,3,0,100,TRUE
16071055,2010,2,NA,0,TRUE
16071055,2011,2,0,0,TRUE
16071055,2012,2,0,0,TRUE
16071055,2013,3,0,0,TRUE
16071055,2014,3,0,100,TRUE
16071056,2010,2,NA,0,TRUE
16071056,2011,2,0,0,TRUE
16071056,2012,2,0,0,TRUE
16071056,2013,3,0,0,TRUE
16071056,2014,3,0,100,TRUE
16071057,2010,2,NA,0,TRUE
16071057,2011,2,0,0,TRUE
16071057,2012,2,0,0,TRUE
16071057,2013,3,0,0,TRUE
16071057,2014,3,0,100,TRUE
16071059,2010,2,NA,0,TRUE
16071059,2011,2,0,0,TRUE
16071059,2012,2,0,0,TRUE
16071059,2013,3,0,0,TRUE
16071059,2014,3,0,100,TRUE
16071061,2010,2,NA,0,TRUE
16071061,2011,2,0,0,TRUE
16071061,2012,2,0,0,TRUE
16071061,2013,3,0,0,TRUE
16071061,2014,3,0,100,TRUE
16071064,2010,2,NA,0,TRUE
16071064,2011,2,0,0,TRUE
16071064,2012,2,0,0,TRUE
16071064,2013,3,0,0,TRUE
16071064,2014,3,0,100,TRUE
16071065,2010,2,NA,0,TRUE
16071065,2011,2,0,0,TRUE
16071065,2012,2,0,0,TRUE
16071065,2013,3,0,0,TRUE
16071065,2014,3,0,100,TRUE
16071067,2010,2,NA,0,TRUE
16071067,2011,2,0,0,TRUE
16071067,2012,2,0,0,TRUE
16071067,2013,3,0,0,TRUE
16071067,2014,3,0,100,TRUE
16071069,2010,2,NA,0,TRUE
16071069,2011,2,0,0,TRUE
16071069,2012,2,0,0,TRUE
16071069,2013,3,0,0,TRUE
16071069,2014,3,0,100,TRUE
16071071,2010,2,NA,0,TRUE
16071071,2011,2,0,0,TRUE
16071071,2012,2,0,0,TRUE
16071071,2013,3,0,0,TRUE
16071071,2014,3,0,76.47,TRUE
16071073,2010,2,NA,0,TRUE
16071073,2011,2,0,0,TRUE
16071073,2012,2,0,0,TRUE
16071073,2013,3,0,0,TRUE
16071073,2014,3,0,100,TRUE
16071076,2010,2,NA,0,TRUE
16071076,2011,2,0,0,TRUE
16071076,2012,2,0,0,TRUE
16071076,2013,3,0,0,TRUE
16071076,2014,3,0,100,TRUE
16071077,2010,2,NA,0,TRUE
16071077,2011,2,0,0,TRUE
16071077,2012,2,0,0,TRUE
16071077,2013,3,0,0,TRUE
16071077,2014,3,0,100,TRUE
16071079,2010,2,NA,0,TRUE
16071079,2011,2,0,0,TRUE
16071079,2012,2,0,0,TRUE
16071079,2013,3,0,0,TRUE
16071079,2014,3,0,72.93,TRUE
16071081,2010,2,NA,0,TRUE
16071081,2011,2,0,0,TRUE
16071081,2012,2,0,0,TRUE
16071081,2013,3,0,0,TRUE
16071081,2014,3,0,98.98,TRUE
16071082,2010,2,NA,0,TRUE
16071082,2011,2,0,0,TRUE
16071082,2012,2,0,0,TRUE
16071082,2013,3,0,0,TRUE
16071082,2014,3,0,100,TRUE
16071083,2010,2,NA,0,TRUE
16071083,2011,2,0,0,TRUE
16071083,2012,2,0,0,TRUE
16071083,2013,3,0,0,TRUE
16071083,2014,3,0,97.14,TRUE
16071085,2010,2,NA,0,TRUE
16071085,2011,2,0,0,TRUE
16071085,2012,2,0,0,TRUE
16071085,2013,3,0,0,TRUE
16071085,2014,3,0,100,TRUE
16071087,2010,2,NA,0,TRUE
16071087,2011,2,0,0,TRUE
16071087,2012,2,0,0,TRUE
16071087,2013,3,0,0,TRUE
16071087,2014,3,0,100,TRUE
16071088,2010,2,NA,0,TRUE
16071088,2011,2,0,0,TRUE
16071088,2012,2,0,0,TRUE
16071088,2013,3,0,0,TRUE
16071088,2014,3,0,100,TRUE
16071089,2010,2,NA,0,TRUE
16071089,2011,2,0,0,TRUE
16071089,2012,2,0,0,TRUE
16071089,2013,3,0,0,TRUE
16071089,2014,3,0,100,TRUE
16071092,2010,2,NA,0,TRUE
16071092,2011,2,0,0,TRUE
16071092,2012,2,0,0,TRUE
16071092,2013,3,0,0,TRUE
16071092,2014,3,0,100,TRUE
16071093,2010,2,NA,0,TRUE
16071093,2011,2,0,0,TRUE
16071093,2012,2,0,0,TRUE
16071093,2013,3,0,0,TRUE
16071093,2014,3,0,100,TRUE
16071095,2010,2,NA,0,TRUE
16071095,2011,2,0,0,TRUE
16071095,2012,2,0,0,TRUE
16071095,2013,3,0,0,TRUE
16071095,2014,3,0,100,TRUE
16071097,2010,2,NA,0,TRUE
16071097,2011,2,0,0,TRUE
16071097,2012,2,0,0,TRUE
16071097,2013,3,0,0,TRUE
16071097,2014,3,0,100,TRUE
16071099,2010,2,NA,0,TRUE
16071099,2011,2,0,0,TRUE
16071099,2012,2,0,0,TRUE
16071099,2013,3,0,0,TRUE
16071099,2014,3,0,90.3,TRUE
16071101,2010,2,NA,0,TRUE
16071101,2011,2,0,0,TRUE
16071101,2012,2,0,0,TRUE
16071101,2013,3,0,0,TRUE
16071101,2014,3,0,99.78,TRUE
16072001,2010,2,NA,0,TRUE
16072001,2011,2,0,0,TRUE
16072001,2012,2,0,0,TRUE
16072001,2013,3,0,0,TRUE
16072001,2014,3,0,100,TRUE
16072005,2010,2,NA,0,TRUE
16072005,2011,2,0,0,TRUE
16072005,2012,2,0,0,TRUE
16072005,2013,3,0,0,TRUE
16072005,2014,3,0,100,TRUE
16072006,2010,2,NA,0,TRUE
16072006,2011,2,0,0,TRUE
16072006,2012,2,0,0,TRUE
16072006,2013,3,0,0,TRUE
16072006,2014,3,0,100,TRUE
16072009,2010,2,NA,0,TRUE
16072009,2011,2,0,0,TRUE
16072009,2012,2,0,0,TRUE
16072009,2013,3,0,0,TRUE
16072009,2014,3,0,99.83,TRUE
16072011,2010,2,NA,0,TRUE
16072011,2011,2,0,0,TRUE
16072011,2012,2,0,0,TRUE
16072011,2013,3,0,0,TRUE
16072011,2014,3,0,100,TRUE
16072013,2010,2,NA,0,TRUE
16072013,2011,2,0,0,TRUE
16072013,2012,2,0,0,TRUE
16072013,2013,3,0,0,TRUE
16072013,2014,3,0,99.97,TRUE
16072014,2010,2,NA,0,TRUE
16072014,2011,2,0,0,TRUE
16072014,2012,2,0,0,TRUE
16072014,2013,3,0,0,TRUE
16072014,2014,3,0,100,TRUE
16072015,2010,2,NA,0,TRUE
16072015,2011,2,0,0,TRUE
16072015,2012,2,0,0,TRUE
16072015,2013,3,0,0,TRUE
16072015,2014,3,0,95.82,TRUE
16072018,2010,2,NA,0,TRUE
16072018,2011,2,0,0,TRUE
16072018,2012,2,0,0,TRUE
16072018,2013,3,0,0,TRUE
16072018,2014,3,0,99.57,TRUE
16072019,2010,2,NA,0,TRUE
16072019,2011,2,0,0,TRUE
16072019,2012,2,0,0,TRUE
16072019,2013,3,0,0,TRUE
16072019,2014,3,0,99.95,TRUE
16072023,2010,2,NA,0,TRUE
16072023,2011,2,0,0,TRUE
16072023,2012,2,0,0,TRUE
16072023,2013,3,0,0,TRUE
16072023,2014,3,0,99.23,TRUE
16073001,2010,2,NA,0,TRUE
16073001,2011,2,0,0,TRUE
16073001,2012,2,0,0,TRUE
16073001,2013,3,0,0,TRUE
16073001,2014,3,0,100,TRUE
16073002,2010,2,NA,0,TRUE
16073002,2011,2,0,0,TRUE
16073002,2012,2,0,0,TRUE
16073002,2013,3,0,0,TRUE
16073002,2014,3,0,100,TRUE
16073005,2010,2,NA,0,TRUE
16073005,2011,2,0,0,TRUE
16073005,2012,2,0,0,TRUE
16073005,2013,3,0,0,TRUE
16073005,2014,3,0,99.88,TRUE
16073006,2010,2,NA,0,TRUE
16073006,2011,2,0,0,TRUE
16073006,2012,2,0,0,TRUE
16073006,2013,3,0,0,TRUE
16073006,2014,3,0,100,TRUE
16073013,2010,2,NA,0,TRUE
16073013,2011,2,0,0,TRUE
16073013,2012,2,0,0,TRUE
16073013,2013,3,0,0,TRUE
16073013,2014,3,0,100,TRUE
16073014,2010,2,NA,0,TRUE
16073014,2011,2,0,0,TRUE
16073014,2012,2,0,0,TRUE
16073014,2013,3,0,0,TRUE
16073014,2014,3,0,100,TRUE
16073017,2010,2,NA,0,TRUE
16073017,2011,2,0,0,TRUE
16073017,2012,2,0,0,TRUE
16073017,2013,3,0,0,TRUE
16073017,2014,3,0,96.55,TRUE
16073021,2010,2,NA,0,TRUE
16073021,2011,2,0,0,TRUE
16073021,2012,2,0,0,TRUE
16073021,2013,3,0,0,TRUE
16073021,2014,3,0,100,TRUE
16073028,2010,2,NA,0,TRUE
16073028,2011,2,0,0,TRUE
16073028,2012,2,0,0,TRUE
16073028,2013,3,0,0,TRUE
16073028,2014,3,0,99.42,TRUE
16073035,2010,2,NA,0,TRUE
16073035,2011,2,0,0,TRUE
16073035,2012,2,0,0,TRUE
16073035,2013,3,0,0,TRUE
16073035,2014,3,0,100,TRUE
16073036,2010,2,NA,0,TRUE
16073036,2011,2,0,0,TRUE
16073036,2012,2,0,0,TRUE
16073036,2013,3,0,0,TRUE
16073036,2014,3,0,99.85,TRUE
16073037,2010,2,NA,0,TRUE
16073037,2011,2,0,0,TRUE
16073037,2012,2,0,0,TRUE
16073037,2013,3,0,0,TRUE
16073037,2014,3,0,99.1,TRUE
16073038,2010,2,NA,0,TRUE
16073038,2011,2,0,0,TRUE
16073038,2012,2,0,0,TRUE
16073038,2013,3,0,0,TRUE
16073038,2014,3,0,99.92,TRUE
16073046,2010,2,NA,0,TRUE
16073046,2011,2,0,0,TRUE
16073046,2012,2,0,0,TRUE
16073046,2013,3,0,0,TRUE
16073046,2014,3,0,95.28,TRUE
16073049,2010,2,NA,0,TRUE
16073049,2011,2,0,0,TRUE
16073049,2012,2,0,0,TRUE
16073049,2013,3,0,0,TRUE
16073049,2014,3,0,100,TRUE
16073054,2010,2,NA,0,TRUE
16073054,2011,2,0,0,TRUE
16073054,2012,2,0,0,TRUE
16073054,2013,3,0,0,TRUE
16073054,2014,3,0,96.69,TRUE
16073055,2010,2,NA,0,TRUE
16073055,2011,2,0,0,TRUE
16073055,2012,2,0,0,TRUE
16073055,2013,3,0,0,TRUE
16073055,2014,3,0,100,TRUE
16073056,2010,2,NA,0,TRUE
16073056,2011,2,0,0,TRUE
16073056,2012,2,0,0,TRUE
16073056,2013,3,0,0,TRUE
16073056,2014,3,0,100,TRUE
16073063,2010,2,NA,0,TRUE
16073063,2011,2,0,0,TRUE
16073063,2012,2,0,0,TRUE
16073063,2013,3,0,0,TRUE
16073063,2014,3,0,91.13,TRUE
16073065,2010,2,NA,0,TRUE
16073065,2011,2,0,0,TRUE
16073065,2012,2,0,0,TRUE
16073065,2013,3,0,0,TRUE
16073065,2014,3,0,100,TRUE
16073066,2010,2,NA,0,TRUE
16073066,2011,2,0,0,TRUE
16073066,2012,2,0,0,TRUE
16073066,2013,3,0,0,TRUE
16073066,2014,3,0,100,TRUE
16073067,2010,2,NA,0,TRUE
16073067,2011,2,0,0,TRUE
16073067,2012,2,0,0,TRUE
16073067,2013,3,0,0,TRUE
16073067,2014,3,0,93.31,TRUE
16073068,2010,2,NA,0,TRUE
16073068,2011,2,0,0,TRUE
16073068,2012,2,0,0,TRUE
16073068,2013,3,0,0,TRUE
16073068,2014,3,0,99.76,TRUE
16073074,2010,2,NA,0,TRUE
16073074,2011,2,0,0,TRUE
16073074,2012,2,0,0,TRUE
16073074,2013,3,0,0,TRUE
16073074,2014,3,0,100,TRUE
16073076,2010,2,NA,0,TRUE
16073076,2011,2,0,0,TRUE
16073076,2012,2,0,0,TRUE
16073076,2013,3,0,0,TRUE
16073076,2014,3,0,99.57,TRUE
16073077,2010,2,NA,0,TRUE
16073077,2011,2,0,0,TRUE
16073077,2012,2,0,0,TRUE
16073077,2013,3,0,0,TRUE
16073077,2014,3,0,100,TRUE
16073079,2010,2,NA,0,TRUE
16073079,2011,2,0,0,TRUE
16073079,2012,2,0,0,TRUE
16073079,2013,3,0,0,TRUE
16073079,2014,3,0,100,TRUE
16073082,2010,2,NA,0,TRUE
16073082,2011,2,0,0,TRUE
16073082,2012,2,0,0,TRUE
16073082,2013,3,0,0,TRUE
16073082,2014,3,0,99.29,TRUE
16073084,2010,2,NA,0,TRUE
16073084,2011,2,0,0,TRUE
16073084,2012,2,0,0,TRUE
16073084,2013,3,0,0,TRUE
16073084,2014,3,0,99.53,TRUE
16073094,2010,2,NA,0,TRUE
16073094,2011,2,0,0,TRUE
16073094,2012,2,0,0,TRUE
16073094,2013,3,0,0,TRUE
16073094,2014,3,0,84.79,TRUE
16073101,2010,2,NA,0,TRUE
16073101,2011,2,0,0,TRUE
16073101,2012,2,0,0,TRUE
16073101,2013,3,0,0,TRUE
16073101,2014,3,0,100,TRUE
16073105,2010,2,NA,0,TRUE
16073105,2011,2,0,0,TRUE
16073105,2012,2,0,0,TRUE
16073105,2013,3,0,0,TRUE
16073105,2014,3,0,99.93,TRUE
16073106,2010,2,NA,0,TRUE
16073106,2011,2,0,0,TRUE
16073106,2012,2,0,0,TRUE
16073106,2013,3,0,0,TRUE
16073106,2014,3,0,99.37,TRUE
16073107,2010,2,NA,0,TRUE
16073107,2011,2,0,0,TRUE
16073107,2012,2,0,0,TRUE
16073107,2013,3,0,0,TRUE
16073107,2014,3,0,100,TRUE
16073108,2010,2,NA,0,TRUE
16073108,2011,2,0,0,TRUE
16073108,2012,2,0,0,TRUE
16073108,2013,3,0,0,TRUE
16073108,2014,3,0,99.61,TRUE
16073109,2010,2,NA,0,TRUE
16073109,2011,2,0,0,TRUE
16073109,2012,2,0,0,TRUE
16073109,2013,3,0,0,TRUE
16073109,2014,3,0,99.15,TRUE
16073111,2010,2,NA,0,TRUE
16073111,2011,2,0,0,TRUE
16073111,2012,2,0,0,TRUE
16073111,2013,3,0,0,TRUE
16073111,2014,3,0,99.9,TRUE
16073112,2010,2,NA,0,TRUE
16073112,2011,2,0,0,TRUE
16073112,2012,2,0,0,TRUE
16073112,2013,3,0,0,TRUE
16073112,2014,3,0,97.5,TRUE
16074001,2010,2,NA,0,TRUE
16074001,2011,2,0,0,TRUE
16074001,2012,2,0,0,TRUE
16074001,2013,3,0,0,TRUE
16074001,2014,3,0,97.54,TRUE
16074002,2010,2,NA,0,TRUE
16074002,2011,2,0,0,TRUE
16074002,2012,2,0,0,TRUE
16074002,2013,3,0,0,TRUE
16074002,2014,3,0,34.21,TRUE
16074003,2010,2,NA,0,TRUE
16074003,2011,2,0,0,TRUE
16074003,2012,2,0,0,TRUE
16074003,2013,3,0,0,TRUE
16074003,2014,3,0,100,TRUE
16074004,2010,2,NA,0,TRUE
16074004,2011,2,0,0,TRUE
16074004,2012,2,0,0,TRUE
16074004,2013,3,0,0,TRUE
16074004,2014,3,0,100,TRUE
16074005,2010,2,NA,0,TRUE
16074005,2011,2,0,0,TRUE
16074005,2012,2,0,0,TRUE
16074005,2013,3,0,0,TRUE
16074005,2014,3,0,99.27,TRUE
16074006,2010,2,NA,0,TRUE
16074006,2011,2,0,0,TRUE
16074006,2012,2,0,0,TRUE
16074006,2013,3,0,0,TRUE
16074006,2014,3,0,100,TRUE
16074007,2010,2,NA,0,TRUE
16074007,2011,2,0,0,TRUE
16074007,2012,2,0,0,TRUE
16074007,2013,3,0,0,TRUE
16074007,2014,3,0,96.97,TRUE
16074008,2010,2,NA,0,TRUE
16074008,2011,2,0,0,TRUE
16074008,2012,2,0,0,TRUE
16074008,2013,3,0,0,TRUE
16074008,2014,3,0,99.8,TRUE
16074009,2010,2,NA,0,TRUE
16074009,2011,2,0,0,TRUE
16074009,2012,2,0,0,TRUE
16074009,2013,3,0,0,TRUE
16074009,2014,3,0,99.87,TRUE
16074011,2010,2,NA,0,TRUE
16074011,2011,2,0,0,TRUE
16074011,2012,2,0,0,TRUE
16074011,2013,3,0,0,TRUE
16074011,2014,3,0,100,TRUE
16074012,2010,2,NA,0,TRUE
16074012,2011,2,0,0,TRUE
16074012,2012,2,0,0,TRUE
16074012,2013,3,0,0,TRUE
16074012,2014,3,0,100,TRUE
16074016,2010,2,NA,0,TRUE
16074016,2011,2,0,0,TRUE
16074016,2012,2,0,0,TRUE
16074016,2013,3,0,0,TRUE
16074016,2014,3,0,98.99,TRUE
16074017,2010,2,NA,0,TRUE
16074017,2011,2,0,0,TRUE
16074017,2012,2,0,0,TRUE
16074017,2013,3,0,0,TRUE
16074017,2014,3,0,100,TRUE
16074018,2010,2,NA,0,TRUE
16074018,2011,2,0,0,TRUE
16074018,2012,2,0,0,TRUE
16074018,2013,3,0,0,TRUE
16074018,2014,3,0,99.98,TRUE
16074019,2010,2,NA,0,TRUE
16074019,2011,2,0,0,TRUE
16074019,2012,2,0,0,TRUE
16074019,2013,3,0,0,TRUE
16074019,2014,3,0,100,TRUE
16074021,2010,2,NA,0,TRUE
16074021,2011,2,0,0,TRUE
16074021,2012,2,0,0,TRUE
16074021,2013,3,0,0,TRUE
16074021,2014,3,0,100,TRUE
16074022,2010,2,NA,0,TRUE
16074022,2011,2,0,0,TRUE
16074022,2012,2,0,0,TRUE
16074022,2013,3,0,0,TRUE
16074022,2014,3,0,100,TRUE
16074024,2010,2,NA,0,TRUE
16074024,2011,2,0,0,TRUE
16074024,2012,2,0,0,TRUE
16074024,2013,3,0,0,TRUE
16074024,2014,3,0,100,TRUE
16074025,2010,2,NA,0,TRUE
16074025,2011,2,0,0,TRUE
16074025,2012,2,0,0,TRUE
16074025,2013,3,0,0,TRUE
16074025,2014,3,0,100,TRUE
16074026,2010,2,NA,0,TRUE
16074026,2011,2,0,0,TRUE
16074026,2012,2,0,0,TRUE
16074026,2013,3,0,0,TRUE
16074026,2014,3,0,100,TRUE
16074028,2010,2,NA,0,TRUE
16074028,2011,2,0,0,TRUE
16074028,2012,2,0,0,TRUE
16074028,2013,3,0,0,TRUE
16074028,2014,3,0,100,TRUE
16074029,2010,2,NA,0,TRUE
16074029,2011,2,0,0,TRUE
16074029,2012,2,0,0,TRUE
16074029,2013,3,0,0,TRUE
16074029,2014,3,0,100,TRUE
16074031,2010,2,NA,0,TRUE
16074031,2011,2,0,0,TRUE
16074031,2012,2,0,0,TRUE
16074031,2013,3,0,0,TRUE
16074031,2014,3,0,100,TRUE
16074032,2010,2,NA,0,TRUE
16074032,2011,2,0,0,TRUE
16074032,2012,2,0,0,TRUE
16074032,2013,3,0,0,TRUE
16074032,2014,3,0,100,TRUE
16074033,2010,2,NA,0,TRUE
16074033,2011,2,0,0,TRUE
16074033,2012,2,0,0,TRUE
16074033,2013,3,0,0,TRUE
16074033,2014,3,0,100,TRUE
16074034,2010,2,NA,0,TRUE
16074034,2011,2,0,0,TRUE
16074034,2012,2,0,0,TRUE
16074034,2013,3,0,0,TRUE
16074034,2014,3,0,100,TRUE
16074036,2010,2,NA,0,TRUE
16074036,2011,2,0,0,TRUE
16074036,2012,2,0,0,TRUE
16074036,2013,3,0,0,TRUE
16074036,2014,3,0,100,TRUE
16074037,2010,2,NA,0,TRUE
16074037,2011,2,0,0,TRUE
16074037,2012,2,0,0,TRUE
16074037,2013,3,0,0,TRUE
16074037,2014,3,0,100,TRUE
16074038,2010,2,NA,0,TRUE
16074038,2011,2,0,0,TRUE
16074038,2012,2,0,0,TRUE
16074038,2013,3,0,0,TRUE
16074038,2014,3,0,100,TRUE
16074039,2010,2,NA,0,TRUE
16074039,2011,2,0,0,TRUE
16074039,2012,2,0,0,TRUE
16074039,2013,3,0,0,TRUE
16074039,2014,3,0,95.01,TRUE
16074041,2010,2,NA,0,TRUE
16074041,2011,2,0,0,TRUE
16074041,2012,2,0,0,TRUE
16074041,2013,3,0,0,TRUE
16074041,2014,3,0,100,TRUE
16074042,2010,2,NA,0,TRUE
16074042,2011,2,0,0,TRUE
16074042,2012,2,0,0,TRUE
16074042,2013,3,0,0,TRUE
16074042,2014,3,0,98.52,TRUE
16074043,2010,2,NA,0,TRUE
16074043,2011,2,0,0,TRUE
16074043,2012,2,0,0,TRUE
16074043,2013,3,0,0,TRUE
16074043,2014,3,0,100,TRUE
16074044,2010,2,NA,0,TRUE
16074044,2011,2,0,0,TRUE
16074044,2012,2,0,0,TRUE
16074044,2013,3,0,0,TRUE
16074044,2014,3,0,100,TRUE
16074045,2010,2,NA,0,TRUE
16074045,2011,2,0,0,TRUE
16074045,2012,2,0,0,TRUE
16074045,2013,3,0,0,TRUE
16074045,2014,3,0,97.62,TRUE
16074046,2010,2,NA,0,TRUE
16074046,2011,2,0,0,TRUE
16074046,2012,2,0,0,TRUE
16074046,2013,3,0,0,TRUE
16074046,2014,3,0,100,TRUE
16074047,2010,2,NA,0,TRUE
16074047,2011,2,0,0,TRUE
16074047,2012,2,0,0,TRUE
16074047,2013,3,0,0,TRUE
16074047,2014,3,0,100,TRUE
16074048,2010,2,NA,0,TRUE
16074048,2011,2,0,0,TRUE
16074048,2012,2,0,0,TRUE
16074048,2013,3,0,0,TRUE
16074048,2014,3,0,100,TRUE
16074049,2010,2,NA,0,TRUE
16074049,2011,2,0,0,TRUE
16074049,2012,2,0,0,TRUE
16074049,2013,3,0,0,TRUE
16074049,2014,3,0,100,TRUE
16074051,2010,2,NA,0,TRUE
16074051,2011,2,0,0,TRUE
16074051,2012,2,0,0,TRUE
16074051,2013,3,0,0,TRUE
16074051,2014,3,0,99.72,TRUE
16074052,2010,2,NA,0,TRUE
16074052,2011,2,0,0,TRUE
16074052,2012,2,0,0,TRUE
16074052,2013,3,0,0,TRUE
16074052,2014,3,0,98.32,TRUE
16074053,2010,2,NA,0,TRUE
16074053,2011,2,0,0,TRUE
16074053,2012,2,0,0,TRUE
16074053,2013,3,0,0,TRUE
16074053,2014,3,0,100,TRUE
16074054,2010,2,NA,0,TRUE
16074054,2011,2,0,0,TRUE
16074054,2012,2,0,0,TRUE
16074054,2013,3,0,0,TRUE
16074054,2014,3,0,100,TRUE
16074055,2010,2,NA,0,TRUE
16074055,2011,2,0,0,TRUE
16074055,2012,2,0,0,TRUE
16074055,2013,3,0,0,TRUE
16074055,2014,3,0,85.37,TRUE
16074056,2010,2,NA,0,TRUE
16074056,2011,2,0,0,TRUE
16074056,2012,2,0,0,TRUE
16074056,2013,3,0,0,TRUE
16074056,2014,3,0,100,TRUE
16074057,2010,2,NA,0,TRUE
16074057,2011,2,0,0,TRUE
16074057,2012,2,0,0,TRUE
16074057,2013,3,0,0,TRUE
16074057,2014,3,0,99.73,TRUE
16074058,2010,2,NA,0,TRUE
16074058,2011,2,0,0,TRUE
16074058,2012,2,0,0,TRUE
16074058,2013,3,0,0,TRUE
16074058,2014,3,0,100,TRUE
16074059,2010,2,NA,0,TRUE
16074059,2011,2,0,0,TRUE
16074059,2012,2,0,0,TRUE
16074059,2013,3,0,0,TRUE
16074059,2014,3,0,100,TRUE
16074061,2010,2,NA,0,TRUE
16074061,2011,2,0,0,TRUE
16074061,2012,2,0,0,TRUE
16074061,2013,3,0,0,TRUE
16074061,2014,3,0,100,TRUE
16074063,2010,2,NA,0,TRUE
16074063,2011,2,0,0,TRUE
16074063,2012,2,0,0,TRUE
16074063,2013,3,0,0,TRUE
16074063,2014,3,0,99.4,TRUE
16074064,2010,2,NA,0,TRUE
16074064,2011,2,0,0,TRUE
16074064,2012,2,0,0,TRUE
16074064,2013,3,0,0,TRUE
16074064,2014,3,0,100,TRUE
16074065,2010,2,NA,0,TRUE
16074065,2011,2,0,0,TRUE
16074065,2012,2,0,0,TRUE
16074065,2013,3,0,0,TRUE
16074065,2014,3,0,100,TRUE
16074066,2010,2,NA,0,TRUE
16074066,2011,2,0,0,TRUE
16074066,2012,2,0,0,TRUE
16074066,2013,3,0,0,TRUE
16074066,2014,3,0,100,TRUE
16074067,2010,2,NA,0,TRUE
16074067,2011,2,0,0,TRUE
16074067,2012,2,0,0,TRUE
16074067,2013,3,0,0,TRUE
16074067,2014,3,0,98.57,TRUE
16074068,2010,2,NA,0,TRUE
16074068,2011,2,0,0,TRUE
16074068,2012,2,0,0,TRUE
16074068,2013,3,0,0,TRUE
16074068,2014,3,0,100,TRUE
16074069,2010,2,NA,0,TRUE
16074069,2011,2,0,0,TRUE
16074069,2012,2,0,0,TRUE
16074069,2013,3,0,0,TRUE
16074069,2014,3,0,100,TRUE
16074071,2010,2,NA,0,TRUE
16074071,2011,2,0,0,TRUE
16074071,2012,2,0,0,TRUE
16074071,2013,3,0,0,TRUE
16074071,2014,3,0,100,TRUE
16074072,2010,2,NA,0,TRUE
16074072,2011,2,0,0,TRUE
16074072,2012,2,0,0,TRUE
16074072,2013,3,0,0,TRUE
16074072,2014,3,0,100,TRUE
16074073,2010,2,NA,0,TRUE
16074073,2011,2,0,0,TRUE
16074073,2012,2,0,0,TRUE
16074073,2013,3,0,0,TRUE
16074073,2014,3,0,99.13,TRUE
16074074,2010,2,NA,0,TRUE
16074074,2011,2,0,0,TRUE
16074074,2012,2,0,0,TRUE
16074074,2013,3,0,0,TRUE
16074074,2014,3,0,100,TRUE
16074075,2010,2,NA,0,TRUE
16074075,2011,2,0,0,TRUE
16074075,2012,2,0,0,TRUE
16074075,2013,3,0,0,TRUE
16074075,2014,3,0,100,TRUE
16074076,2010,2,NA,0,TRUE
16074076,2011,2,0,0,TRUE
16074076,2012,2,0,0,TRUE
16074076,2013,3,0,0,TRUE
16074076,2014,3,0,100,TRUE
16074077,2010,2,NA,0,TRUE
16074077,2011,2,0,0,TRUE
16074077,2012,2,0,0,TRUE
16074077,2013,3,0,0,TRUE
16074077,2014,3,0,82.3,TRUE
16074079,2010,2,NA,0,TRUE
16074079,2011,2,0,0,TRUE
16074079,2012,2,0,0,TRUE
16074079,2013,3,0,0,TRUE
16074079,2014,3,0,99.84,TRUE
16074081,2010,2,NA,0,TRUE
16074081,2011,2,0,0,TRUE
16074081,2012,2,0,0,TRUE
16074081,2013,3,0,0,TRUE
16074081,2014,3,0,86.21,TRUE
16074082,2010,2,NA,0,TRUE
16074082,2011,2,0,0,TRUE
16074082,2012,2,0,0,TRUE
16074082,2013,3,0,0,TRUE
16074082,2014,3,0,100,TRUE
16074082,2020,38,100,4.17,FALSE
16074084,2010,2,NA,0,TRUE
16074084,2011,2,0,0,TRUE
16074084,2012,2,0,0,TRUE
16074084,2013,3,0,0,TRUE
16074084,2014,3,0,100,TRUE
16074085,2010,2,NA,0,TRUE
16074085,2011,2,0,0,TRUE
16074085,2012,2,0,0,TRUE
16074085,2013,3,0,0,TRUE
16074085,2014,3,0,99.3,TRUE
16074086,2010,2,NA,0,TRUE
16074086,2011,2,0,0,TRUE
16074086,2012,2,0,0,TRUE
16074086,2013,3,0,0,TRUE
16074086,2014,3,0,100,TRUE
16074087,2010,2,NA,0,TRUE
16074087,2011,2,0,0,TRUE
16074087,2012,2,0,0,TRUE
16074087,2013,3,0,0,TRUE
16074087,2014,3,0,100,TRUE
16074089,2010,2,NA,0,TRUE
16074089,2011,2,0,0,TRUE
16074089,2012,2,0,0,TRUE
16074089,2013,3,0,0,TRUE
16074089,2014,3,0,100,TRUE
16074091,2010,2,NA,0,TRUE
16074091,2011,2,0,0,TRUE
16074091,2012,2,0,0,TRUE
16074091,2013,3,0,0,TRUE
16074091,2014,3,0,100,TRUE
16074092,2010,2,NA,0,TRUE
16074092,2011,2,0,0,TRUE
16074092,2012,2,0,0,TRUE
16074092,2013,3,0,0,TRUE
16074092,2014,3,0,100,TRUE
16074093,2010,2,NA,0,TRUE
16074093,2011,2,0,0,TRUE
16074093,2012,2,0,0,TRUE
16074093,2013,3,0,0,TRUE
16074093,2014,3,0,100,TRUE
16074094,2010,2,NA,0,TRUE
16074094,2011,2,0,0,TRUE
16074094,2012,2,0,0,TRUE
16074094,2013,3,0,0,TRUE
16074094,2014,3,0,100,TRUE
16074095,2010,2,NA,0,TRUE
16074095,2011,2,0,0,TRUE
16074095,2012,2,0,0,TRUE
16074095,2013,3,0,0,TRUE
16074095,2014,3,0,100,TRUE
16074096,2010,2,NA,0,TRUE
16074096,2011,2,0,0,TRUE
16074096,2012,2,0,0,TRUE
16074096,2013,3,0,0,TRUE
16074096,2014,3,0,100,TRUE
16074097,2010,2,NA,0,TRUE
16074097,2011,2,0,0,TRUE
16074097,2012,2,0,0,TRUE
16074097,2013,3,0,0,TRUE
16074097,2014,3,0,100,TRUE
16074098,2010,2,NA,0,TRUE
16074098,2011,2,0,0,TRUE
16074098,2012,2,0,0,TRUE
16074098,2013,3,0,0,TRUE
16074098,2014,3,0,99.82,TRUE
16074099,2010,2,NA,0,TRUE
16074099,2011,2,0,0,TRUE
16074099,2012,2,0,0,TRUE
16074099,2013,3,0,0,TRUE
16074099,2014,3,0,100,TRUE
16074101,2010,2,NA,0,TRUE
16074101,2011,2,0,0,TRUE
16074101,2012,2,0,0,TRUE
16074101,2013,3,0,0,TRUE
16074101,2014,3,0,100,TRUE
16074102,2010,2,NA,0,TRUE
16074102,2011,2,0,0,TRUE
16074102,2012,2,0,0,TRUE
16074102,2013,3,0,0,TRUE
16074102,2014,3,0,97.34,TRUE
16074103,2010,2,NA,0,TRUE
16074103,2011,2,0,0,TRUE
16074103,2012,2,0,0,TRUE
16074103,2013,3,0,0,TRUE
16074103,2014,3,0,100,TRUE
16074104,2010,2,NA,0,TRUE
16074104,2011,2,0,0,TRUE
16074104,2012,2,0,0,TRUE
16074104,2013,3,0,0,TRUE
16074104,2014,3,0,100,TRUE
16074105,2010,2,NA,0,TRUE
16074105,2011,2,0,0,TRUE
16074105,2012,2,0,0,TRUE
16074105,2013,3,0,0,TRUE
16074105,2014,3,0,99.15,TRUE
16074106,2010,2,NA,0,TRUE
16074106,2011,2,0,0,TRUE
16074106,2012,2,0,0,TRUE
16074106,2013,3,0,0,TRUE
16074106,2014,3,0,100,TRUE
16074107,2010,2,NA,0,TRUE
16074107,2011,2,0,0,TRUE
16074107,2012,2,0,0,TRUE
16074107,2013,3,0,0,TRUE
16074107,2014,3,0,100,TRUE
16074108,2010,2,NA,0,TRUE
16074108,2011,2,0,0,TRUE
16074108,2012,2,0,0,TRUE
16074108,2013,3,0,0,TRUE
16074108,2014,3,0,100,TRUE
16074109,2010,2,NA,0,TRUE
16074109,2011,2,0,0,TRUE
16074109,2012,2,0,0,TRUE
16074109,2013,3,0,0,TRUE
16074109,2014,3,0,99.51,TRUE
16074112,2010,2,NA,0,TRUE
16074112,2011,2,0,0,TRUE
16074112,2012,2,0,0,TRUE
16074112,2013,3,0,0,TRUE
16074112,2014,3,0,100,TRUE
16074113,2010,2,NA,0,TRUE
16074113,2011,2,0,0,TRUE
16074113,2012,2,0,0,TRUE
16074113,2013,3,0,0,TRUE
16074113,2014,3,0,100,TRUE
16074114,2010,2,NA,0,TRUE
16074114,2011,2,0,0,TRUE
16074114,2012,2,0,0,TRUE
16074114,2013,3,0,0,TRUE
16074114,2014,3,0,100,TRUE
16074116,2010,2,NA,0,TRUE
16074116,2011,2,0,0,TRUE
16074116,2012,2,0,0,TRUE
16074116,2013,3,0,0,TRUE
16074116,2014,3,0,98.6,TRUE
16075002,2010,2,NA,0,TRUE
16075002,2011,2,0,0,TRUE
16075002,2012,2,0,0,TRUE
16075002,2013,3,0,0,TRUE
16075002,2014,3,0,100,TRUE
16075003,2010,2,NA,0,TRUE
16075003,2011,2,0,0,TRUE
16075003,2012,2,0,0,TRUE
16075003,2013,3,0,0,TRUE
16075003,2014,3,0,100,TRUE
16075004,2010,2,NA,0,TRUE
16075004,2011,2,0,0,TRUE
16075004,2012,2,0,0,TRUE
16075004,2013,3,0,0,TRUE
16075004,2014,3,0,100,TRUE
16075006,2010,2,NA,0,TRUE
16075006,2011,2,0,0,TRUE
16075006,2012,2,0,0,TRUE
16075006,2013,3,0,0,TRUE
16075006,2014,3,0,100,TRUE
16075008,2010,2,NA,0,TRUE
16075008,2011,2,0,0,TRUE
16075008,2012,2,0,0,TRUE
16075008,2013,3,0,0,TRUE
16075008,2014,3,0,100,TRUE
16075009,2010,2,NA,0,TRUE
16075009,2011,2,0,0,TRUE
16075009,2012,2,0,0,TRUE
16075009,2013,3,0,0,TRUE
16075009,2014,3,0,100,TRUE
16075013,2010,2,NA,0,TRUE
16075013,2011,2,0,0,TRUE
16075013,2012,2,0,0,TRUE
16075013,2013,3,0,0,TRUE
16075013,2014,3,0,97.98,TRUE
16075014,2010,2,NA,0,TRUE
16075014,2011,2,0,0,TRUE
16075014,2012,2,0,0,TRUE
16075014,2013,3,0,0,TRUE
16075014,2014,3,0,100,TRUE
16075016,2010,2,NA,0,TRUE
16075016,2011,2,0,0,TRUE
16075016,2012,2,0,0,TRUE
16075016,2013,3,0,0,TRUE
16075016,2014,3,0,100,TRUE
16075018,2010,2,NA,0,TRUE
16075018,2011,2,0,0,TRUE
16075018,2012,2,0,0,TRUE
16075018,2013,3,0,0,TRUE
16075018,2014,3,0,100,TRUE
16075019,2010,2,NA,0,TRUE
16075019,2011,2,0,0,TRUE
16075019,2012,2,0,0,TRUE
16075019,2013,3,0,0,TRUE
16075019,2014,3,0,100,TRUE
16075023,2010,2,NA,0,TRUE
16075023,2011,2,0,0,TRUE
16075023,2012,2,0,0,TRUE
16075023,2013,3,0,0,TRUE
16075023,2014,3,0,82.05,TRUE
16075029,2010,2,NA,0,TRUE
16075029,2011,2,0,0,TRUE
16075029,2012,2,0,0,TRUE
16075029,2013,3,0,0,TRUE
16075029,2014,3,0,100,TRUE
16075031,2010,2,NA,0,TRUE
16075031,2011,2,0,0,TRUE
16075031,2012,2,0,0,TRUE
16075031,2013,3,0,0,TRUE
16075031,2014,3,0,98.73,TRUE
16075033,2010,2,NA,0,TRUE
16075033,2011,2,0,0,TRUE
16075033,2012,2,0,0,TRUE
16075033,2013,3,0,0,TRUE
16075033,2014,3,0,100,TRUE
16075034,2010,2,NA,0,TRUE
16075034,2011,2,0,0,TRUE
16075034,2012,2,0,0,TRUE
16075034,2013,3,0,0,TRUE
16075034,2014,3,0,100,TRUE
16075035,2010,2,NA,0,TRUE
16075035,2011,2,0,0,TRUE
16075035,2012,2,0,0,TRUE
16075035,2013,3,0,0,TRUE
16075035,2014,3,0,100,TRUE
16075039,2010,2,NA,0,TRUE
16075039,2011,2,0,0,TRUE
16075039,2012,2,0,0,TRUE
16075039,2013,3,0,0,TRUE
16075039,2014,3,0,58.72,TRUE
16075042,2010,2,NA,0,TRUE
16075042,2011,2,0,0,TRUE
16075042,2012,2,0,0,TRUE
16075042,2013,3,0,0,TRUE
16075042,2014,3,0,99.75,TRUE
16075046,2010,2,NA,0,TRUE
16075046,2011,2,0,0,TRUE
16075046,2012,2,0,0,TRUE
16075046,2013,3,0,0,TRUE
16075046,2014,3,0,100,TRUE
16075047,2010,2,NA,0,TRUE
16075047,2011,2,0,0,TRUE
16075047,2012,2,0,0,TRUE
16075047,2013,3,0,0,TRUE
16075047,2014,3,0,100,TRUE
16075048,2010,2,NA,0,TRUE
16075048,2011,2,0,0,TRUE
16075048,2012,2,0,0,TRUE
16075048,2013,3,0,0,TRUE
16075048,2014,3,0,100,TRUE
16075049,2010,2,NA,0,TRUE
16075049,2011,2,0,0,TRUE
16075049,2012,2,0,0,TRUE
16075049,2013,3,0,0,TRUE
16075049,2014,3,0,100,TRUE
16075051,2010,2,NA,0,TRUE
16075051,2011,2,0,0,TRUE
16075051,2012,2,0,0,TRUE
16075051,2013,3,0,0,TRUE
16075051,2014,3,0,100,TRUE
16075054,2010,2,NA,0,TRUE
16075054,2011,2,0,0,TRUE
16075054,2012,2,0,0,TRUE
16075054,2013,3,0,0,TRUE
16075054,2014,3,0,99.73,TRUE
16075056,2010,2,NA,0,TRUE
16075056,2011,2,0,0,TRUE
16075056,2012,2,0,0,TRUE
16075056,2013,3,0,0,TRUE
16075056,2014,3,0,95.06,TRUE
16075057,2010,2,NA,0,TRUE
16075057,2011,2,0,0,TRUE
16075057,2012,2,0,0,TRUE
16075057,2013,3,0,0,TRUE
16075057,2014,3,0,100,TRUE
16075061,2010,2,NA,0,TRUE
16075061,2011,2,0,0,TRUE
16075061,2012,2,0,0,TRUE
16075061,2013,3,0,0,TRUE
16075061,2014,3,0,95.88,TRUE
16075062,2010,2,NA,0,TRUE
16075062,2011,2,0,0,TRUE
16075062,2012,2,0,0,TRUE
16075062,2013,3,0,0,TRUE
16075062,2014,3,0,97.43,TRUE
16075063,2010,2,NA,0,TRUE
16075063,2011,2,0,0,TRUE
16075063,2012,2,0,0,TRUE
16075063,2013,3,0,0,TRUE
16075063,2014,3,0,98.53,TRUE
16075065,2010,2,NA,0,TRUE
16075065,2011,2,0,0,TRUE
16075065,2012,2,0,0,TRUE
16075065,2013,3,0,0,TRUE
16075065,2014,3,0,100,TRUE
16075066,2010,2,NA,0,TRUE
16075066,2011,2,0,0,TRUE
16075066,2012,2,0,0,TRUE
16075066,2013,3,0,0,TRUE
16075066,2014,3,0,100,TRUE
16075068,2010,2,NA,0,TRUE
16075068,2011,2,0,0,TRUE
16075068,2012,2,0,0,TRUE
16075068,2013,3,0,0,TRUE
16075068,2014,3,0,100,TRUE
16075069,2010,2,NA,0,TRUE
16075069,2011,2,0,0,TRUE
16075069,2012,2,0,0,TRUE
16075069,2013,3,0,0,TRUE
16075069,2014,3,0,100,TRUE
16075071,2010,2,NA,0,TRUE
16075071,2011,2,0,0,TRUE
16075071,2012,2,0,0,TRUE
16075071,2013,3,0,0,TRUE
16075071,2014,3,0,100,TRUE
16075072,2010,2,NA,0,TRUE
16075072,2011,2,0,0,TRUE
16075072,2012,2,0,0,TRUE
16075072,2013,3,0,0,TRUE
16075072,2014,3,0,100,TRUE
16075073,2010,2,NA,0,TRUE
16075073,2011,2,0,0,TRUE
16075073,2012,2,0,0,TRUE
16075073,2013,3,0,0,TRUE
16075073,2014,3,0,99.95,TRUE
16075074,2010,2,NA,0,TRUE
16075074,2011,2,0,0,TRUE
16075074,2012,2,0,0,TRUE
16075074,2013,3,0,0,TRUE
16075074,2014,3,0,100,TRUE
16075075,2010,2,NA,0,TRUE
16075075,2011,2,0,0,TRUE
16075075,2012,2,0,0,TRUE
16075075,2013,3,0,0,TRUE
16075075,2014,3,0,100,TRUE
16075076,2010,2,NA,0,TRUE
16075076,2011,2,0,0,TRUE
16075076,2012,2,0,0,TRUE
16075076,2013,3,0,0,TRUE
16075076,2014,3,0,100,TRUE
16075077,2010,2,NA,0,TRUE
16075077,2011,2,0,0,TRUE
16075077,2012,2,0,0,TRUE
16075077,2013,3,0,0,TRUE
16075077,2014,3,0,100,TRUE
16075079,2010,2,NA,0,TRUE
16075079,2011,2,0,0,TRUE
16075079,2012,2,0,0,TRUE
16075079,2013,3,0,0,TRUE
16075079,2014,3,0,98.25,TRUE
16075081,2010,2,NA,0,TRUE
16075081,2011,2,0,0,TRUE
16075081,2012,2,0,0,TRUE
16075081,2013,3,0,0,TRUE
16075081,2014,3,0,94.74,TRUE
16075083,2010,2,NA,0,TRUE
16075083,2011,2,0,0,TRUE
16075083,2012,2,0,0,TRUE
16075083,2013,3,0,0,TRUE
16075083,2014,3,0,100,TRUE
16075084,2010,2,NA,0,TRUE
16075084,2011,2,0,0,TRUE
16075084,2012,2,0,0,TRUE
16075084,2013,3,0,0,TRUE
16075084,2014,3,0,100,TRUE
16075085,2010,2,NA,0,TRUE
16075085,2011,2,0,0,TRUE
16075085,2012,2,0,0,TRUE
16075085,2013,3,0,0,TRUE
16075085,2014,3,0,100,TRUE
16075086,2010,2,NA,0,TRUE
16075086,2011,2,0,0,TRUE
16075086,2012,2,0,0,TRUE
16075086,2013,3,0,0,TRUE
16075086,2014,3,0,100,TRUE
16075087,2010,2,NA,0,TRUE
16075087,2011,2,0,0,TRUE
16075087,2012,2,0,0,TRUE
16075087,2013,3,0,0,TRUE
16075087,2014,3,0,100,TRUE
16075088,2010,2,NA,0,TRUE
16075088,2011,2,0,0,TRUE
16075088,2012,2,0,0,TRUE
16075088,2013,3,0,0,TRUE
16075088,2014,3,0,100,TRUE
16075093,2010,2,NA,0,TRUE
16075093,2011,2,0,0,TRUE
16075093,2012,2,0,0,TRUE
16075093,2013,3,0,0,TRUE
16075093,2014,3,0,100,TRUE
16075097,2010,2,NA,0,TRUE
16075097,2011,2,0,0,TRUE
16075097,2012,2,0,0,TRUE
16075097,2013,3,0,0,TRUE
16075097,2014,3,0,100,TRUE
16075098,2010,2,NA,0,TRUE
16075098,2011,2,0,0,TRUE
16075098,2012,2,0,0,TRUE
16075098,2013,3,0,0,TRUE
16075098,2014,3,0,99.93,TRUE
16075099,2010,2,NA,0,TRUE
16075099,2011,2,0,0,TRUE
16075099,2012,2,0,0,TRUE
16075099,2013,3,0,0,TRUE
16075099,2014,3,0,100,TRUE
16075101,2010,2,NA,0,TRUE
16075101,2011,2,0,0,TRUE
16075101,2012,2,0,0,TRUE
16075101,2013,3,0,0,TRUE
16075101,2014,3,0,100,TRUE
16075102,2010,2,NA,0,TRUE
16075102,2011,2,0,0,TRUE
16075102,2012,2,0,0,TRUE
16075102,2013,3,0,0,TRUE
16075102,2014,3,0,70.39,TRUE
16075103,2010,2,NA,0,TRUE
16075103,2011,2,0,0,TRUE
16075103,2012,2,0,0,TRUE
16075103,2013,3,0,0,TRUE
16075103,2014,3,0,100,TRUE
16075105,2010,2,NA,0,TRUE
16075105,2011,2,0,0,TRUE
16075105,2012,2,0,0,TRUE
16075105,2013,3,0,0,TRUE
16075105,2014,3,0,100,TRUE
16075106,2010,2,NA,0,TRUE
16075106,2011,2,0,0,TRUE
16075106,2012,2,0,0,TRUE
16075106,2013,3,0,0,TRUE
16075106,2014,3,0,100,TRUE
16075109,2010,2,NA,0,TRUE
16075109,2011,2,0,0,TRUE
16075109,2012,2,0,0,TRUE
16075109,2013,3,0,0,TRUE
16075109,2014,3,0,100,TRUE
16075114,2010,2,NA,0,TRUE
16075114,2011,2,0,0,TRUE
16075114,2012,2,0,0,TRUE
16075114,2013,3,0,0,TRUE
16075114,2014,3,0,100,TRUE
16075116,2010,2,NA,0,TRUE
16075116,2011,2,0,0,TRUE
16075116,2012,2,0,0,TRUE
16075116,2013,3,0,0,TRUE
16075116,2014,3,0,99.89,TRUE
16075119,2010,2,NA,0,TRUE
16075119,2011,2,0,0,TRUE
16075119,2012,2,0,0,TRUE
16075119,2013,3,0,0,TRUE
16075119,2014,3,0,100,TRUE
16075121,2010,2,NA,0,TRUE
16075121,2011,2,0,0,TRUE
16075121,2012,2,0,0,TRUE
16075121,2013,3,0,0,TRUE
16075121,2014,3,0,96.83,TRUE
16075124,2010,2,NA,0,TRUE
16075124,2011,2,0,0,TRUE
16075124,2012,2,0,0,TRUE
16075124,2013,3,0,0,TRUE
16075124,2014,3,0,97.97,TRUE
16075125,2010,2,NA,0,TRUE
16075125,2011,2,0,0,TRUE
16075125,2012,2,0,0,TRUE
16075125,2013,3,0,0,TRUE
16075125,2014,3,0,100,TRUE
16075127,2010,2,NA,0,TRUE
16075127,2011,2,0,0,TRUE
16075127,2012,2,0,0,TRUE
16075127,2013,3,0,0,TRUE
16075127,2014,3,0,99.72,TRUE
16075129,2010,2,NA,0,TRUE
16075129,2011,2,0,0,TRUE
16075129,2012,2,0,0,TRUE
16075129,2013,3,0,0,TRUE
16075129,2014,3,0,99.93,TRUE
16075131,2010,2,NA,0,TRUE
16075131,2011,2,0,0,TRUE
16075131,2012,2,0,0,TRUE
16075131,2013,3,0,0,TRUE
16075131,2014,3,0,100,TRUE
16075132,2010,2,NA,0,TRUE
16075132,2011,2,0,0,TRUE
16075132,2012,2,0,0,TRUE
16075132,2013,3,0,0,TRUE
16075132,2014,3,0,99.79,TRUE
16075133,2010,2,NA,0,TRUE
16075133,2011,2,0,0,TRUE
16075133,2012,2,0,0,TRUE
16075133,2013,3,0,0,TRUE
16075133,2014,3,0,99.38,TRUE
16075134,2010,2,NA,0,TRUE
16075134,2011,2,0,0,TRUE
16075134,2012,2,0,0,TRUE
16075134,2013,3,0,0,TRUE
16075134,2014,3,0,99.52,TRUE
16075135,2010,2,NA,0,TRUE
16075135,2011,2,0,0,TRUE
16075135,2012,2,0,0,TRUE
16075135,2013,3,0,0,TRUE
16075135,2014,3,0,99.88,TRUE
16076003,2010,2,NA,0,TRUE
16076003,2011,2,0,0,TRUE
16076003,2012,2,0,0,TRUE
16076003,2013,3,0,0,TRUE
16076003,2014,3,0,100,TRUE
16076004,2010,2,NA,0,TRUE
16076004,2011,2,0,0,TRUE
16076004,2012,2,0,0,TRUE
16076004,2013,3,0,0,TRUE
16076004,2014,3,0,99.77,TRUE
16076006,2010,2,NA,0,TRUE
16076006,2011,2,0,0,TRUE
16076006,2012,2,0,0,TRUE
16076006,2013,3,0,0,TRUE
16076006,2014,3,0,100,TRUE
16076007,2010,2,NA,0,TRUE
16076007,2011,2,0,0,TRUE
16076007,2012,2,0,0,TRUE
16076007,2013,3,0,0,TRUE
16076007,2014,3,0,97.46,TRUE
16076008,2010,2,NA,0,TRUE
16076008,2011,2,0,0,TRUE
16076008,2012,2,0,0,TRUE
16076008,2013,3,0,0,TRUE
16076008,2014,3,0,100,TRUE
16076009,2010,2,NA,0,TRUE
16076009,2011,2,0,0,TRUE
16076009,2012,2,0,0,TRUE
16076009,2013,3,0,0,TRUE
16076009,2014,3,0,100,TRUE
16076012,2010,2,NA,0,TRUE
16076012,2011,2,0,0,TRUE
16076012,2012,2,0,0,TRUE
16076012,2013,3,0,0,TRUE
16076012,2014,3,0,100,TRUE
16076014,2010,2,NA,0,TRUE
16076014,2011,2,0,0,TRUE
16076014,2012,2,0,0,TRUE
16076014,2013,3,0,0,TRUE
16076014,2014,3,0,96.67,TRUE
16076017,2010,2,NA,0,TRUE
16076017,2011,2,0,0,TRUE
16076017,2012,2,0,0,TRUE
16076017,2013,3,0,0,TRUE
16076017,2014,3,0,99.43,TRUE
16076019,2010,2,NA,0,TRUE
16076019,2011,2,0,0,TRUE
16076019,2012,2,0,0,TRUE
16076019,2013,3,0,0,TRUE
16076019,2014,3,0,98.55,TRUE
16076022,2010,2,NA,0,TRUE
16076022,2011,2,0,0,TRUE
16076022,2012,2,0,0,TRUE
16076022,2013,3,0,0,TRUE
16076022,2014,3,0,99.86,TRUE
16076023,2010,2,NA,0,TRUE
16076023,2011,2,0,0,TRUE
16076023,2012,2,0,0,TRUE
16076023,2013,3,0,0,TRUE
16076023,2014,3,0,100,TRUE
16076026,2010,2,NA,0,TRUE
16076026,2011,2,0,0,TRUE
16076026,2012,2,0,0,TRUE
16076026,2013,3,0,0,TRUE
16076026,2014,3,0,100,TRUE
16076027,2010,2,NA,0,TRUE
16076027,2011,2,0,0,TRUE
16076027,2012,2,0,0,TRUE
16076027,2013,3,0,0,TRUE
16076027,2014,3,0,82.18,TRUE
16076028,2010,2,NA,0,TRUE
16076028,2011,2,0,0,TRUE
16076028,2012,2,0,0,TRUE
16076028,2013,3,0,0,TRUE
16076028,2014,3,0,100,TRUE
16076029,2010,2,NA,0,TRUE
16076029,2011,2,0,0,TRUE
16076029,2012,2,0,0,TRUE
16076029,2013,3,0,0,TRUE
16076029,2014,3,0,100,TRUE
16076033,2010,2,NA,0,TRUE
16076033,2011,2,0,0,TRUE
16076033,2012,2,0,0,TRUE
16076033,2013,3,0,0,TRUE
16076033,2014,3,0,96.9,TRUE
16076034,2010,2,NA,0,TRUE
16076034,2011,2,0,0,TRUE
16076034,2012,2,0,0,TRUE
16076034,2013,3,0,0,TRUE
16076034,2014,3,0,99.09,TRUE
16076036,2010,2,NA,0,TRUE
16076036,2011,2,0,0,TRUE
16076036,2012,2,0,0,TRUE
16076036,2013,3,0,0,TRUE
16076036,2014,3,0,100,TRUE
16076038,2010,2,NA,0,TRUE
16076038,2011,2,0,0,TRUE
16076038,2012,2,0,0,TRUE
16076038,2013,3,0,0,TRUE
16076038,2014,3,0,100,TRUE
16076039,2010,2,NA,0,TRUE
16076039,2011,2,0,0,TRUE
16076039,2012,2,0,0,TRUE
16076039,2013,3,0,0,TRUE
16076039,2014,3,0,99.86,TRUE
16076041,2010,2,NA,0,TRUE
16076041,2011,2,0,0,TRUE
16076041,2012,2,0,0,TRUE
16076041,2013,3,0,0,TRUE
16076041,2014,3,0,100,TRUE
16076042,2010,2,NA,0,TRUE
16076042,2011,2,0,0,TRUE
16076042,2012,2,0,0,TRUE
16076042,2013,3,0,0,TRUE
16076042,2014,3,0,100,TRUE
16076043,2010,2,NA,0,TRUE
16076043,2011,2,0,0,TRUE
16076043,2012,2,0,0,TRUE
16076043,2013,3,0,0,TRUE
16076043,2014,3,0,100,TRUE
16076044,2010,2,NA,0,TRUE
16076044,2011,2,0,0,TRUE
16076044,2012,2,0,0,TRUE
16076044,2013,3,0,0,TRUE
16076044,2014,3,0,100,TRUE
16076049,2010,2,NA,0,TRUE
16076049,2011,2,0,0,TRUE
16076049,2012,2,0,0,TRUE
16076049,2013,3,0,0,TRUE
16076049,2014,3,0,99.93,TRUE
16076052,2010,2,NA,0,TRUE
16076052,2011,2,0,0,TRUE
16076052,2012,2,0,0,TRUE
16076052,2013,3,0,0,TRUE
16076052,2014,3,0,99.52,TRUE
16076055,2010,2,NA,0,TRUE
16076055,2011,2,0,0,TRUE
16076055,2012,2,0,0,TRUE
16076055,2013,3,0,0,TRUE
16076055,2014,3,0,100,TRUE
16076058,2010,2,NA,0,TRUE
16076058,2011,2,0,0,TRUE
16076058,2012,2,0,0,TRUE
16076058,2013,3,0,0,TRUE
16076058,2014,3,0,100,TRUE
16076059,2010,2,NA,0,TRUE
16076059,2011,2,0,0,TRUE
16076059,2012,2,0,0,TRUE
16076059,2013,3,0,0,TRUE
16076059,2014,3,0,100,TRUE
16076061,2010,2,NA,0,TRUE
16076061,2011,2,0,0,TRUE
16076061,2012,2,0,0,TRUE
16076061,2013,3,0,0,TRUE
16076061,2014,3,0,100,TRUE
16076062,2010,2,NA,0,TRUE
16076062,2011,2,0,0,TRUE
16076062,2012,2,0,0,TRUE
16076062,2013,3,0,0,TRUE
16076062,2014,3,0,98.99,TRUE
16076064,2010,2,NA,0,TRUE
16076064,2011,2,0,0,TRUE
16076064,2012,2,0,0,TRUE
16076064,2013,3,0,0,TRUE
16076064,2014,3,0,99.34,TRUE
16076067,2010,2,NA,0,TRUE
16076067,2011,2,0,0,TRUE
16076067,2012,2,0,0,TRUE
16076067,2013,3,0,0,TRUE
16076067,2014,3,0,100,TRUE
16076068,2010,2,NA,0,TRUE
16076068,2011,2,0,0,TRUE
16076068,2012,2,0,0,TRUE
16076068,2013,3,0,0,TRUE
16076068,2014,3,0,100,TRUE
16076069,2010,2,NA,0,TRUE
16076069,2011,2,0,0,TRUE
16076069,2012,2,0,0,TRUE
16076069,2013,3,0,0,TRUE
16076069,2014,3,0,99.86,TRUE
16076074,2010,2,NA,0,TRUE
16076074,2011,2,0,0,TRUE
16076074,2012,2,0,0,TRUE
16076074,2013,3,0,0,TRUE
16076074,2014,3,0,100,TRUE
16076079,2010,2,NA,0,TRUE
16076079,2011,2,0,0,TRUE
16076079,2012,2,0,0,TRUE
16076079,2013,3,0,0,TRUE
16076079,2014,3,0,99.98,TRUE
16076081,2010,2,NA,0,TRUE
16076081,2011,2,0,0,TRUE
16076081,2012,2,0,0,TRUE
16076081,2013,3,0,0,TRUE
16076081,2014,3,0,99.38,TRUE
16076084,2010,2,NA,0,TRUE
16076084,2011,2,0,0,TRUE
16076084,2012,2,0,0,TRUE
16076084,2013,3,0,0,TRUE
16076084,2014,3,0,100,TRUE
16076086,2010,2,NA,0,TRUE
16076086,2011,2,0,0,TRUE
16076086,2012,2,0,0,TRUE
16076086,2013,3,0,0,TRUE
16076086,2014,3,0,91.93,TRUE
16076087,2010,2,NA,0,TRUE
16076087,2011,2,0,0,TRUE
16076087,2012,2,0,0,TRUE
16076087,2013,3,0,0,TRUE
16076087,2014,3,0,98.63,TRUE
16076088,2010,2,NA,0,TRUE
16076088,2011,2,0,0,TRUE
16076088,2012,2,0,0,TRUE
16076088,2013,3,0,0,TRUE
16076088,2014,3,0,99.87,TRUE
16076089,2010,2,NA,0,TRUE
16076089,2011,2,0,0,TRUE
16076089,2012,2,0,0,TRUE
16076089,2013,3,0,0,TRUE
16076089,2014,3,0,100,TRUE
16076092,2010,2,NA,0,TRUE
16076092,2011,2,0,0,TRUE
16076092,2012,2,0,0,TRUE
16076092,2013,3,0,0,TRUE
16076092,2014,3,0,96.34,TRUE
16076093,2010,2,NA,0,TRUE
16076093,2011,2,0,0,TRUE
16076093,2012,2,0,0,TRUE
16076093,2013,3,0,0,TRUE
16076093,2014,3,0,98.78,TRUE
16077001,2010,2,NA,0,TRUE
16077001,2011,2,0,0,TRUE
16077001,2012,2,0,0,TRUE
16077001,2013,3,0,0,TRUE
16077001,2014,3,0,99.97,TRUE
16077002,2010,2,NA,0,TRUE
16077002,2011,2,0,0,TRUE
16077002,2012,2,0,0,TRUE
16077002,2013,3,0,0,TRUE
16077002,2014,3,0,99.19,TRUE
16077003,2010,2,NA,0,TRUE
16077003,2011,2,0,0,TRUE
16077003,2012,2,0,0,TRUE
16077003,2013,3,0,0,TRUE
16077003,2014,3,0,99.61,TRUE
16077004,2010,2,NA,0,TRUE
16077004,2011,2,0,0,TRUE
16077004,2012,2,0,0,TRUE
16077004,2013,3,0,0,TRUE
16077004,2014,3,0,89.87,TRUE
16077005,2010,2,NA,0,TRUE
16077005,2011,2,0,0,TRUE
16077005,2012,2,0,0,TRUE
16077005,2013,3,0,0,TRUE
16077005,2014,3,0,100,TRUE
16077006,2010,2,NA,0,TRUE
16077006,2011,2,0,0,TRUE
16077006,2012,2,0,0,TRUE
16077006,2013,3,0,0,TRUE
16077006,2014,3,0,100,TRUE
16077007,2010,2,NA,0,TRUE
16077007,2011,2,0,0,TRUE
16077007,2012,2,0,0,TRUE
16077007,2013,3,0,0,TRUE
16077007,2014,3,0,100,TRUE
16077008,2010,2,NA,0,TRUE
16077008,2011,2,0,0,TRUE
16077008,2012,2,0,0,TRUE
16077008,2013,3,0,0,TRUE
16077008,2014,3,0,90.22,TRUE
16077009,2010,2,NA,0,TRUE
16077009,2011,2,0,0,TRUE
16077009,2012,2,0,0,TRUE
16077009,2013,3,0,0,TRUE
16077009,2014,3,0,72.05,TRUE
16077011,2010,2,NA,0,TRUE
16077011,2011,2,0,0,TRUE
16077011,2012,2,0,0,TRUE
16077011,2013,3,0,0,TRUE
16077011,2014,3,0,100,TRUE
16077012,2010,2,NA,0,TRUE
16077012,2011,2,0,0,TRUE
16077012,2012,2,0,0,TRUE
16077012,2013,3,0,0,TRUE
16077012,2014,3,0,100,TRUE
16077015,2010,2,NA,0,TRUE
16077015,2011,2,0,0,TRUE
16077015,2012,2,0,0,TRUE
16077015,2013,3,0,0,TRUE
16077015,2014,3,0,100,TRUE
16077016,2010,2,NA,0,TRUE
16077016,2011,2,0,0,TRUE
16077016,2012,2,0,0,TRUE
16077016,2013,3,0,0,TRUE
16077016,2014,3,0,100,TRUE
16077017,2010,2,NA,0,TRUE
16077017,2011,2,0,0,TRUE
16077017,2012,2,0,0,TRUE
16077017,2013,3,0,0,TRUE
16077017,2014,3,0,100,TRUE
16077018,2010,2,NA,0,TRUE
16077018,2011,2,0,0,TRUE
16077018,2012,2,0,0,TRUE
16077018,2013,3,0,0,TRUE
16077018,2014,3,0,100,TRUE
16077019,2010,2,NA,0,TRUE
16077019,2011,2,0,0,TRUE
16077019,2012,2,0,0,TRUE
16077019,2013,3,0,0,TRUE
16077019,2014,3,0,100,TRUE
16077022,2010,2,NA,0,TRUE
16077022,2011,2,0,0,TRUE
16077022,2012,2,0,0,TRUE
16077022,2013,3,0,0,TRUE
16077022,2014,3,0,94.31,TRUE
16077023,2010,2,NA,0,TRUE
16077023,2011,2,0,0,TRUE
16077023,2012,2,0,0,TRUE
16077023,2013,3,0,0,TRUE
16077023,2014,3,0,99.78,TRUE
16077026,2010,2,NA,0,TRUE
16077026,2011,2,0,0,TRUE
16077026,2012,2,0,0,TRUE
16077026,2013,3,0,0,TRUE
16077026,2014,3,0,100,TRUE
16077027,2010,2,NA,0,TRUE
16077027,2011,2,0,0,TRUE
16077027,2012,2,0,0,TRUE
16077027,2013,3,0,0,TRUE
16077027,2014,3,0,100,TRUE
16077028,2010,2,NA,0,TRUE
16077028,2011,2,0,0,TRUE
16077028,2012,2,0,0,TRUE
16077028,2013,3,0,0,TRUE
16077028,2014,3,0,100,TRUE
16077029,2010,2,NA,0,TRUE
16077029,2011,2,0,0,TRUE
16077029,2012,2,0,0,TRUE
16077029,2013,3,0,0,TRUE
16077029,2014,3,0,97.74,TRUE
16077031,2010,2,NA,0,TRUE
16077031,2011,2,0,0,TRUE
16077031,2012,2,0,0,TRUE
16077031,2013,3,0,0,TRUE
16077031,2014,3,0,100,TRUE
16077032,2010,2,NA,0,TRUE
16077032,2011,2,0,0,TRUE
16077032,2012,2,0,0,TRUE
16077032,2013,3,0,0,TRUE
16077032,2014,3,0,99.93,TRUE
16077034,2010,2,NA,0,TRUE
16077034,2011,2,0,0,TRUE
16077034,2012,2,0,0,TRUE
16077034,2013,3,0,0,TRUE
16077034,2014,3,0,94.54,TRUE
16077036,2010,2,NA,0,TRUE
16077036,2011,2,0,0,TRUE
16077036,2012,2,0,0,TRUE
16077036,2013,3,0,0,TRUE
16077036,2014,3,0,99.88,TRUE
16077037,2010,2,NA,0,TRUE
16077037,2011,2,0,0,TRUE
16077037,2012,2,0,0,TRUE
16077037,2013,3,0,0,TRUE
16077037,2014,3,0,100,TRUE
16077039,2010,2,NA,0,TRUE
16077039,2011,2,0,0,TRUE
16077039,2012,2,0,0,TRUE
16077039,2013,3,0,0,TRUE
16077039,2014,3,0,98.8,TRUE
16077041,2010,2,NA,0,TRUE
16077041,2011,2,0,0,TRUE
16077041,2012,2,0,0,TRUE
16077041,2013,3,0,0,TRUE
16077041,2014,3,0,100,TRUE
16077042,2010,2,NA,0,TRUE
16077042,2011,2,0,0,TRUE
16077042,2012,2,0,0,TRUE
16077042,2013,3,0,0,TRUE
16077042,2014,3,0,99.93,TRUE
16077043,2010,2,NA,0,TRUE
16077043,2011,2,0,0,TRUE
16077043,2012,2,0,0,TRUE
16077043,2013,3,0,0,TRUE
16077043,2014,3,0,100,TRUE
16077044,2010,2,NA,0,TRUE
16077044,2011,2,0,0,TRUE
16077044,2012,2,0,0,TRUE
16077044,2013,3,0,0,TRUE
16077044,2014,3,0,99.78,TRUE
16077047,2010,2,NA,0,TRUE
16077047,2011,2,0,0,TRUE
16077047,2012,2,0,0,TRUE
16077047,2013,3,0,0,TRUE
16077047,2014,3,0,100,TRUE
16077048,2010,2,NA,0,TRUE
16077048,2011,2,0,0,TRUE
16077048,2012,2,0,0,TRUE
16077048,2013,3,0,0,TRUE
16077048,2014,3,0,100,TRUE
16077049,2010,2,NA,0,TRUE
16077049,2011,2,0,0,TRUE
16077049,2012,2,0,0,TRUE
16077049,2013,3,0,0,TRUE
16077049,2014,3,0,100,TRUE
16077051,2010,2,NA,0,TRUE
16077051,2011,2,0,0,TRUE
16077051,2012,2,0,0,TRUE
16077051,2013,3,0,0,TRUE
16077051,2014,3,0,100,TRUE
16077052,2010,2,NA,0,TRUE
16077052,2011,2,0,0,TRUE
16077052,2012,2,0,0,TRUE
16077052,2013,3,0,0,TRUE
16077052,2014,3,0,100,TRUE
16077055,2010,2,NA,0,TRUE
16077055,2011,2,0,0,TRUE
16077055,2012,2,0,0,TRUE
16077055,2013,3,0,0,TRUE
16077055,2014,3,0,96.73,TRUE
